title,link,year,month,views,description
Создание кроссплатформенных приложений с помощью React Native,https://habr.com/ru/companies/nix/articles/324562/,2017,03,43170,"Предлагаем вашему вниманию перевод статьи, которая будет интересна начинающим разработчикам. React Native — это JS-фреймворк для создания нативно отображаемых iOS- и Android-приложений. В его основе лежит разработанная в Facebook JS-библиотека React, предназначенная для создания пользовательских интерфейсов. Но вместо браузеров она ориентирована на мобильные платформы. Иными словами, если вы веб-разработчик, то можете использовать React Native для написания чистых, быстрых мобильных приложений, не покидая комфорта привычного фреймворка и единой кодовой базы JavaScript. Конечно, мы и раньше слышали обещания об универсальной разработке приложений, с помощью фреймворков наподобие Cordova или Titanium. А что насчёт React Native? В этой статье мы рассмотрим данный фреймворк и особенности его работы и поговорим о том, насколько удобно использовать React Native для написания iOS- и Android-приложений."
Создаем приложение на JavaScript с помощью React Native,https://habr.com/ru/companies/plarium/articles/303328/,2016,06,159785,"В этом уроке мы будем изучать React Native – фреймворк от компании Facebook для создания нативных приложений под iOS и Android. У него много общего с другим очень популярным фреймворком от Facebook – React Javascript , который предназначен для построения декларативных пользовательских интерфейсов."
"Рассказ о том, как команда фрилансеров пишет фулстек-приложения на JavaScript",https://habr.com/ru/companies/ruvds/articles/456340/,2019,06,13560,"Автор материала, перевод которого мы сегодня публикуем, говорит, что GitHub-репозиторий , над которым работал он и ещё несколько фрилансеров, получил, по разным причинам, около 8200 звёзд за 3 дня. Этот репозиторий попал на первое место в HackerNews и в GitHub Trending, за него отдали голоса 20000 пользователей Reddit. В данном репозитории отражена методика разработки фулстек-приложений, которой посвящена эта статья."
Cвежее дополнение к Visual Studio для создания кроссплатформенных приложений на HTML и JavaScript,https://habr.com/ru/companies/microsoft/articles/224999/,2014,06,25283,
Разработка кроссплатформенного приложения с помощью Ionic Framework,https://habr.com/ru/articles/255653/,2015,04,83830,
Полезные плагины VS Code для разработки кроссплатформенных приложений с использованием React Native и Flutter,https://habr.com/ru/companies/skillbox/articles/696128/,2022,10,17566,"Каждый разработчик кроссплатформенных приложений с использованием фреймворков React Native и Flutter выбирает наиболее удобный для себя редактор кода. Я — один из таких разработчиков. Меня зовут Александр Дудукало, я куратор направления “Веб-разработка” в Skillbox. Лично я предпочитаю Microsoft Visual Studio Code (VS Code), и сегодня предлагаю разобраться в его преимуществах."
"Книга «Разработка на JavaScript. Построение кроссплатформенных приложений с помощью GraphQL, React, React Native ...»",https://habr.com/ru/companies/piter/articles/569086/,2021,07,7323,"Привет, Хаброжители! Что такое современный JavaScript? Когда-то он просто добавлял интерактивности к окнам веб-браузера, а теперь превратился в основательный фундамент мощного и надежного софта. Разработчики любого уровня смогут использовать JavaScript для создания API, веб-, мобильных и десктопных приложений. В этой книге: Работа с данными с помощью GraphQL. Аутентификация для API, веб- и нативных приложений. Создание высокопроизводительных веб-приложений Разработка кроссплатформенных приложений под iOS и Android Создание десктопных приложений. Для кого эта книга Она предназначена для разработчиков среднего уровня, имеющих некоторый опыт работы с HTML, CSS и JS, а также для амбициозных новичков, желающих изучить инструменты, необходимые для запуска проектов для бизнеса и любых других целей."
Мобильная платформа. Архитектура гибридных приложений на ReactNative,https://habr.com/ru/companies/sberbank/articles/325210/,2017,03,12870,"Наверное, вы уже не раз слышали о мобильной разработке на ReactNative в Единой Фронтальной Системе (ЕФС) Сбербанка. Мы уже писали для чего мы используем саму технологию ReactNative в своих разработках, а также рассказывали как не бояться это делать. Сегодня мы взглянем с высоты птичьего полета на построение архитектуры мобильных приложений с использованием ReactNative, Objective-C, Typhoon, VIP, SOA, TypeScript, React и Redux."
Инструменты тестирования для .NET и кроссплатформенных приложений,https://habr.com/ru/companies/microsoft/articles/647269/,2022,01,6870,"В повседневные инструменты тестирования добавлено несколько новых полезных функций, которые, я надеюсь, улучшат ваш внутренний цикл тестирования. Чтобы узнать больше об этих новых функциях, смотрите подробности в видеоролике «Советы и рекомендации по Visual Studio» в разделе « Тестирование ». Ну или можете продолжить читать эту статью!"
Кроссплатформенные приложения на Python с Flet и FastAPI: Полное руководство по разработке,https://habr.com/ru/companies/amvera/articles/858292/,2024,11,34811,"Сегодня я покажу вам, что для создания полноценных кроссплатформенных приложений достаточно одного языка — Python. С помощью всего нескольких библиотек и фреймворков можно легко обойтись без JavaScript для веб-разработки, без Kotlin и Swift для мобильных приложений и даже без C++ для десктопных программ. В этой статье разберем, как, используя Flet и FastAPI, можно создавать мощные и удобные решения для любой платформы!"
Flutter по сравнению с Kotlin в 2021 году: Что лучше для разработки кросс-платформенных приложений?,https://habr.com/ru/companies/otus/articles/595451/,2021,12,25933,"Кроссплатформенная разработка находится на подъеме, и вы можете задаться вопросом, почему. Как можно предположить из названия, она позволяет запускать приложения на нескольких платформах — будь то iOS или Android — и помогает бизнесу привлечь больше клиентов, а значит, заработать больше денег. Неудивительно, что акцент постепенно, но неуклонно смещается в сторону кроссплатформенной разработки, и новые технологии появляются все чаще и чаще. Просуществовав некоторое время, этот тип разработки выявил двух лидеров: React Native и Flutter . Почему же мы хотим рассказать вам о Flutter в сравнении с Kotlin , а не о Flutter и React Native? Что такое Kotlin, и может ли он на самом деле представлять угрозу популярности Flutter? Что такое Kotlin Multiplatform (Мультиплатформа), и в чем преимущества обеих технологий? Давайте узнаем."
Фреймворки и библиотеки для кроссплатформенной разработки десктопных программ,https://habr.com/ru/articles/528614/,2020,11,58447,"В этой статье я расскажу вам о некоторых самых популярных фреймворках, которые помогут вам при разработке программ для компьютеров под управлением Windows/MacOS/Linux. Если вы опытный программист, то вряд ли найдете в этой статье что-то новое для себя. Она скорее для новичков, которые ищут простое решение своей проблемы — быстрое написание хорошей (на сколько это возможно) кроссплатформенной программы."
Кроссплатформенная разработка на Titanium – это ужасный конец или ужас без конца?,https://habr.com/ru/companies/true_engineering/articles/214033/,2014,02,21759,"В этом топике мы хотим поделиться нашим опытом создания мобильных приложений на платформе для разработки кроссплатформенных приложений Titanium. Примерно с 2011 мы начали работы с кроссплатформенными фреймворками. Сначала это был PhoneGap, потом Titanium. Сделали десяток приложений, работающих и по сей день, как в России, так и в США. Мы сознательно хотим отойти от оценок — плохо это или хорошо разрабатывать кроссплатформенные приложения, а сосредоточиться на тех трудностях, с которыми предстоит столкнуться с точки зрения разработки и сопровождения этих приложений. На наш взгляд, топик будет полезен как читателям, которые собираются заказать приложение, чтобы они могли сделать выбор между native-разработкой на каждую платформу и кроссплатформенностью, так и разработчикам, которые принимают решение, куда идти. Итак, начнем со списка проблем, с которыми вам придётся столкнуться. Проблемы: Проблема дабл-кликов. If’ный код. Управление памятью на Android. Недостаточная реализация отдельных функций, в том числе стандартных. Javascript — отсутствие типизации замедляет процесс написания кода и усложняет сопровождение. Отсутствие InterfaceBuilder — замедляет процесс написания приложения, весь UI пишется в коде. Titanium SDK обновляется позже SDK операционных систем. Каждая версия SDK содержит исправление старых ошибок и привносит новые ошибки. Примеры, на которых мы столкнулись с этими проблемами."
Как сделать свой С++ код кроссплатформенным?,https://habr.com/ru/companies/tensor/articles/326856/,2017,04,38872,"Возможно, кто-то, прочитав заголовок, спросит: «Зачем что-то делать со своим кодом?! Ведь С++ кроссплатформенный язык!». В целом, это так… но только пока нигде нет завязок на специфичные возможности компилятора и целевой платформы… В реальной жизни разработчики, решающие конкретную задачу под конкретную платформу, редко задаются вопросом «А точно ли это соответствует Стандарту С++? А вдруг это расширение моего компилятора». Они пишут код, запускают сборку и чинят места, на которые выругался их компилятор. В итоге получаем приложение, которое, в некоторой степени, «заточено» под конкретный компилятор (и даже под его конкретную версию!) и целевую ОС. Более того, из-за скудности стандартной библиотеки С++ некоторые вещи просто невозможно написать, не воспользовавшись специфичным API системы. Так было и у нас в Тензоре. Мы писали на MS Visual Studio 2010. Наши продукты были 32-х битными Windows-приложениями. И, само собой, код был пронизан всевозможными завязками на технологии от Microsoft. Однажды мы решили, что пора осваивать новые горизонты: пора научить СБИС работать под Linux и другими ОС, пора попробовать перейти на другое «железо» (POWER). В данном цикле статей я расскажу, как мы сделали свои продукты настоящими кроссплатформенными приложениями; как заставили их работать на Linux, MacOS и даже под iOS и Android; как запустили свои приложения на множестве аппаратных архитектур (x86-64, POWER, ARM и другие); как научили работать на big-endian машинах."
Как мы обновляли мобильное приложение для официантов: выбор стека и тест трех версий. Кто победил?,https://habr.com/ru/companies/r_k/articles/578386/,2021,09,5828,"Привет! Меня зовут Сергей Арсёнов, я руковожу мобильной разработкой в компании r_keeper . Хочу рассказать, как мы обновляли мобильное b2b-приложение для официантов и почему выбрали для него не совсем классический стек — Kotlin Multiplatform Mobile + UI на Flutter."
Краткая история JavaScript,https://habr.com/ru/companies/timeweb/articles/913894/,2025,06,4910,"В этом году JavaScript исполняется 30 лет. За три десятилетия он прошел путь от забавного и непритязательного скриптового языка, созданного за 10 дней, до самого популярного языка программирования в мире. Ниже — ключевые моменты истории JavaScript, которые помогут понять, как он менялся и куда идет."
NativeScript в мире кроссплатформенной разработки,https://habr.com/ru/articles/783364/,2023,12,6709,"Давайте знакомиться! Меня зовут Игорь. Я разработчик кроссплатформенных мобильных приложений в компании Smartex . В этой статье я расскажу о NativeScript , основных преимуществах платформы и ее недостатках. Материал будет полезен не только разработчикам, которые уже пишут приложения на React Native, Ionic, Framework7, а также тем, кто собирается погрузиться в разработку кроссплатформенных мобильных приложений на JavaScript. Погнали! Свой путь в кроссплатформенную разработку я начал за пределами Smartex, с Cordova + Framework7 . Framework7 это как и Ionic просто UI-библиотека для создания интерфейса которая в последующим просто отрисовывается через WebView. Само приложение (общение с API платформы) создается на платформе Cordova или Capacitor , как раз они и создают экран с WebView и транслирует туда HTML. Framework7 прекрасно работает с Vue, но по ряду причин он начал меня подбешивать. Я хотел найти инструмент именно для нативной разработки, а не на технологии основанной на WebView. Стал смотреть в сторону Angular, и какие вообще есть на рынке технологии для разработки нативных кроссплатформенных приложений с Angular под капотом. Так я и познакомился с NativeScript ."
Обзор 7 самых популярных кроссплатформенных мобильных фреймворков,https://habr.com/ru/articles/229559/,2014,07,113411,"На работе меня попросили сделать сравнительную характеристику нескольких продуктов для создания кроссплатформенных мобильных приложений: Appcelerator Titanium, Kony Platform, Adobe PhoneGap, IBM Worklight, Telerik Platform, Verivo Akula, Xamarin. Потратил немало времени, поэтому решил, что лучше поделиться с хабрасообществом полученными данными, вдруг кому покажется полезным. Сразу скажу, что кроме PhoneGap я до этого не сталкивался и не работал ни с каким из этих фреймворков, поэтому уверен, что что-то упустил, где-то, возможно, не так понял, а в чем-то оказался не прав. Но в комментариях надеюсь услышать ваше мнение и исправить недочеты. В конце статьи поместил несколько опросов, которые помогут понять популярность и рейтинг этих фреймворков."
Эксперимент. Зачем большому финтеху кроссплатформенная разработка,https://habr.com/ru/companies/yoomoney/articles/822745/,2024,06,1033,"☝🏻 Чтобы уменьшить рассинхрон в релизах на вебе и мобилке, сократить Time to Market, унифицировать интерфейсные решения и сэкономить ресурсы компании. Привет! Меня зовут Лена Евгеньева, я продакт-менеджер в ЮMoney. Недавно мы с коллегами решили провести эксперимент — запустить кроссплатформенную разработку, а потом рассказать, что из этого получилось. Рассказывать о ходе эксперимента будем по очереди. Я стану первой — посмотрю на кроссплатформу глазами продуктового менеджера. 👀 А потом своими наблюдениями поделятся коллеги из отделов тестирования, нативной разработки и фронтенда. Так что ждите серию материалов на эту тему. 👌"
Обзор кросс-платформенных решений для разработки мобильных приложений,https://habr.com/ru/articles/319348/,2017,01,80889,"В этой статье мы сравним 6 решений для кросс-платформенной разработки, которые были популярны в 2016 году и попытаемся найти лучшее решение. Кросс-платформенные фреймворки PhoneGap, Xamarin, Unity, Qt и Appcelerator Titanium, Telerik Platform на сегодняшний день занимают 80% рынка кросс-платформенной разработки для мобильных устройств."
1C:Enterprise 8.3 Remote Administrative Client Utility для веб приложения,https://habr.com/ru/articles/848282/,2024,10,4759,"В связи с переходом на отечественное ПО в организации пришлось искать замену Windows утилиты администрирования кластера. После изучения вопроса выяснилось, что для администрирования кластера 1С существует 3 подхода, но они не совсем подходят для комфортной работы."
Как я написал мобильное приложение на react-native,https://habr.com/ru/articles/335354/,2017,08,15281,"Меня зовут Алексей Андросов, я уже много лет работаю в Яндексе фронтенд-разработчиком. Два года назад мне и моим партнерам пришла в голову идея создать мобильную социальную сеть Verb . Идея Verb в том, что пользователи могут делиться небольшими статусами — “вербами” — о том, чем они занимаются в данную минуту, простыми вещами, о которых хочется рассказать друзьям, но некуда об этом написать. И мы уже даже получили инвестиции, но сейчас не об этом. Сегодня я хочу рассказать о том, как и почему я написал мобильное приложение на react-native."
YaUI — буддийская кросплатформенная нативная JavaScript библиотека UI,https://habr.com/ru/articles/176669/,2013,04,18421,"Эта история началась, когда мой друг и соратник, Яп Чэ-шень, сказал мне следующее: — Я больше не хочу никогда в своей жизни писать на Дельфи! Я поклялся: больше ни единой строчки! С сегодняшнего дня все свои проекты и библиотеки перевожу на JavaScript! Яп — китаец, с классическим менталитетом, свойственным его народу. Я многие годы работаю с ним над гуманитарными проектами в области оцифровки древней литературы, в первую очередь, «Буддийской библии» — Типитаки. Познания Япа, как в области самых древних текстов, так и самого современного программирования, не перестают удивлять меня уже более десяти лет — с тех пор, как мы начали сотрудничать и общаться на самые разные темы. Для себя я давно понял, что, если Яп что-то говорит, а я не согласен или не понимаю, то это лишь значит, что надо продолжать обсуждение, и вся громада причин и следствий в размышлениях моего друга выйдет на поверхность, и как всегда окажется, что Яп прав. Кажущаяся эмоциональность китайцев, на самом деле, необычайно рациональна."
Как я портировал свой игровой движок с JavaScript на C,https://habr.com/ru/companies/ruvds/articles/834488/,2024,08,10768,"high_impact tl;dr: high_impact — это маленький игровой движок для 2D-игр жанра «экшн». Он написан на C, компилируется для Windows, Mac и Linux, а также для WASM в вебе. Он был написан «по мотивам» моего игрового движка Impact на JavaScript, разработанный в 2010 году. Название high_impact — отсылка к тем временам, когда C считался языком высокого уровня. Движок имеет лицензию MIT, исходники выложены на Github: github.com/phoboslab/high_impact Видео из моего твита за 5 июля , демонстрирующее геймплей Biolab Disaster"
Разработка круговых интерфейсов. Часть 2. Перенос библиотеки с JavaScript на QML,https://habr.com/ru/articles/527742/,2020,11,5121,"Оглавление Введение Библиотека круговых интерфейсов v2.0 Круговая CAPTCHA Перенос библиотеки с JavaScript на QML Демонстрационное мобильное приложение Заключение Введение Предыдущая статья была вводной к вопросу разработки круговых интерфейсов. В ней рассмотрены определение, классификация, принципы построения круговых интерфейсов, а также подход к их проектированию. Данная статья описывает основные изменения в библиотеке, которую я разрабатываю для облегчения и ускорения процесса создания круговых интерфейсов. Во-первых, вышла вторая версия библиотеки на JavaScript, в которой реализованы круговые элементы управления. Во-вторых, разработанная библиотека получила реализацию на QML , для демонстрации возможностей которой выпущено мобильное приложение под Android ."
"VR/AR в браузере. Как быстро влиться и сделать свое первое приложение, используя WebVR API",https://habr.com/ru/companies/tuturu/articles/324570/,2017,03,45449,"Виртуальная и дополненные реальности активно развиваются и начинают предъявлять права на захват мира. Причем применение этих технологий разнообразно и не ограничивается только играми. А с появлением инструментов для работы с VR/AR технологиями в браузере интерес возрос еще больше. Уже сейчас можно экспериментировать и создавать MVP(Minimum Viable Product) веб-проекты с помощью JavaScript API, которое так и называется — WebVR. Давайте разбираться, что это и как с этим работать. И можно ли обойтись без этого самого WebVR API?"
Решаем фундаментальную проблему асинхронных JavaScript-ошибок,https://habr.com/ru/companies/odnoklassniki/articles/898858/,2025,04,6255,"Асинхронный JavaScript-код встречается практически в любом проекте (самый популярный пример использования — сетевые запросы). Но работа с ним сопряжена с рядом особенностей. Одна из них — специфичная работа с ошибками. Так, поскольку ошибки могут возникать в разное время и в разном месте, надо уметь их отлавливать, определять место «поломки» и корректно передавать всю информацию для последующей обработки. Для этого критически важно, чтобы stack trace ошибки был не формальный «однострочник», а максимально информативный."
JavaScript превзошел всех,https://habr.com/ru/articles/346774/,2018,01,29833,"Привет, Хабр! Представляю вашему вниманию перевод статьи JavaScript Has Already Won автора Jonny Asmar. Этот пост не о том, что JS лучший из всех языков программирования, нет. Речь будет идти только о сферах, которые он охватил, и о том, сколько возможностей он дал разработчикам, чтобы улучшить свой продукт. Уже давно в мире программирования идет борьба. С самого момента появления компьютера программисты искали идеальный язык программирования. Один за другим создавались новые языки, чтобы приспособить их к определенным целям. И с этими новыми языками появилась новая эра технологий, появилось миллион библиотек и множество информации в свободном доступе, а с этим всем неизбежно появились новые ограничения. С давних времен программирования Java Applets (приложений) можно заметить, что различные языки неожиданно появлялись и так же неожиданно исчезали, кроме того, их полезность быстро сходила на нет. Мир движется в новом направлении…"
Разработали мобильное приложение для криптобиржи EVEDEX — функциональное решение для быстрой и безопасной торговли,https://habr.com/ru/companies/cleverpumpkin/articles/901730/,2025,04,1853,"Создать мобильное приложение для криптобиржи — всегда вызов. Особенно, если биржа сочетает в себе принципы DEX и CEX, предлагает встроенные кошельки, смарт-аккаунты и управление средствами без посредников. Мы в CleverPumpkin взялись за этот челлендж и разработали EVEDEX — удобное и безопасное приложение для криптотрейдинга."
HTML/CSS/JS + Node.js + node-webkit = Кроссархитектурные приложения,https://habr.com/ru/articles/181670/,2013,05,52153,
Вышла версия платформы создания приложений Electron 24.0.0,https://habr.com/ru/news/727356/,2023,04,1536,"Разработчики выпустили релиз платформы Electron 24.0.0 , которая позволяет разрабатывать кроссплатформенные приложения и использует в качестве основы компоненты Chromium, V8 и Node.js. Её обновили до кодовой базы Chromium 112, платформы Node.js 18.14.0 и JavaScript-движка V8 11.2."
"Вышел фреймворк Slint, предназначенный для разработки кроссплатформенных настольных приложений",https://habr.com/ru/news/726634/,2023,04,8346,"Разработчики выпустили фреймворк Slint 1.0 , позволяющий создавать кроссплатформенные настольные приложения. Фреймворк нацелен на масштабируемость и максимальную совместимость с различными платформами."
Могут ли PWA (Progressive Web Apps) образца 2018 года составить достойную конкуренцию нативным приложениям?,https://habr.com/ru/companies/google/articles/414609/,2018,06,61608,"Когда изменения происходят постепенно, шаг за шагом, порой бывает трудно заметить насколько они драматичны и всеобъемлющи. Казалось бы всего несколько лет назад web платформа проигрывала нативным приложением практически по всем фронтам, и пропасть между тем, что можно было сделать в браузере, и тем, что было доступно приложениями, загружаемым из магазинов, таких как Apple App Store или Google Play Store, была ужасающе огромной. Одним из свидетельств этой пропасти является то, что в 2007 году web по факту был основной платформой разработки приложений для первого iPhone, но эта платформа явно не взлетела. App Store же появился только год спустя со второй версии операционной системы, и сразу же случился бум нативных приложений, который и сформировал рыночный ландшафт таким, каким мы его знаем теперь. Многое изменилось с тех пор, и web технологии на месте не стояли. Они шли по пути снятия ограничений, и то, что раньше было принципиально невозможно — работа оффлайн, фоновая синхронизация данных, push-нотификации, поддержка входа в один клик и оплаты с помощью кредитных карт, Apple Pay, Google Pay и других методов, встроенная в браузер — теперь реальность. Эти функции органично дополняют основную часть платформы — HTML/CSS и JavaScript, которая в последние годы развивалась более чем активными темпами. Например новый проект Houdini , который ещё находится на достаточно ранней стадии, снимает почти все ограничения на то, что можно сделать с помощью CSS, давая возможность среди прочего создавать свои лэйауты и использовать их наравне с Grid и Flexbox, и открывая программный доступ к внутренностям CSS движка. Но даже и без Houdini уже сейчас можно создавать CSS анимации, работающие со скоростью 60 FPS (frames per second)."
Flutter — новый взгляд на кроссплатформенную разработку,https://habr.com/ru/companies/google/articles/426701/,2018,10,86003,"В августе 2018 года Flutter стал самой запрашиваемой кроссплатформенной технологией на Stack Overflow. В нашем блоге Артем Зайцев и Евгений Сатуров из студии Surf , сертифицированного агентства Google , расскажут, почему и как так получилось: Кроссплатформенные решения давно привлекают желающих быстро и незатратно запустить MVP-продукт одновременно под несколько платформ. Причина проста — единая кодовая база. Ее легче поддерживать: артефакты централизованы, нет дублирования логики и правок одних и тех же багов под каждую из платформ. Да и людей для ее поддержки и создания требуется меньше — нет необходимости содержать двух нативных разработчиков."
Кроссплатформенный CommonJS на практике,https://habr.com/ru/articles/222261/,2014,05,16439,
Создание десктопного приложения с помощью Webix и Electron,https://habr.com/ru/articles/321134/,2017,02,24147,"Статья представляет собой пошаговое описание моего опыта создания кроссплатформенного десктопного приложения с помощью Webix, Electron и Node.js."
Гайд по кроссплатформенной разработке с использованием React Native,https://habr.com/ru/articles/863388/,2024,12,2979,"Начнем, пожалуй, с азов. Что есть кроссплатформенная разработка? Такая, которая не требует от вас знаний нативного кода и позволяет одному разработчику делать сразу два приложения. «Вау! Круто!» — скажет любой предприниматель, смекнув, что может нехило сэкономить. Но так ли это на самом деле? Давайте разберемся. Лет 7 назад наш техлид разглядел в только что появившемся React Native (RN) огромный потенциал. Поэтому с его легкой руки мы начали делать кроссплатформенные приложения на нем, когда это еще не было мейнстримом. С тех пор фреймворк зарекомендовал себя как один из наиболее перспективных инструментов для разработки. Он был создан Facebook (Meta), чтобы писать нативные мобильные приложения для iOS и Android при помощи JavaScript. Чтобы не быть голословными о его популярности, покозыряем именами: Facebook, Instagram, Bloomberg, Airbnb, Tesla, SoundCloud Pulse, UberEATS и Shopify написаны на React Native. Какие же у него сильные стороны?"
Что случилось с легковесными десктопными приложениями? История Electron,https://habr.com/ru/companies/ruvds/articles/873714/,2025,01,39724,"Electron — это один из самых известных инструментов современного разработчика. Если присмотреться, то это родственник React Native, манящий лозунгом «пиши один раз, запускай везде!», но с гораздо меньшими издержками по сборке и релизу, чем в случае мобильной разработки. Его уникальное преимущество заключается в комбинации Node.js и Chromium, создающей мощную десктопную среду для веб-технологий. Официальный блог Electron не так давно отметил своё десятилетие, что весьма удивляет с учётом того, насколько глубоко этот инструмент успел проникнуть в культуру разработки."
"Это под силу даже веб-разработчику! Размышляю, как создать драйверы на JavaScript с API WebUSB",https://habr.com/ru/companies/flocktory/articles/899688/,2025,04,5278,"Привет! Я Игорь Кечайкин, руководитель группы разработки во Frontend-команде Flocktory. Недавно, решая задачу, связанную с API WebUSB для Fingerprint-атрибуции пользователя, задался совершенно не связанным теоретическим вопросом: а как создать с этим API  драйверы на JavaScript? Чтобы разобраться, изучил спецификацию API WebUSB, а теперь принёс на Хабр выжимку самых важных элементов. В статье я расскажу о принципах работы решения и том, что с ним делать веб-разработчику, который хочет напрямую реализовать на сайт функцию, например, 3D-принтинга с пользовательских девайсов. А также вы узнаете, насколько это безопасно — для сайта, внедряющего API, и для девайсов юзера. Если интересно, как расширить возможности своих сайтов и избавиться от головной боли с адаптацией под всевозможные устройства, заходите в статью."
Типы мобильных приложений,https://habr.com/ru/articles/874626/,2025,01,7791,"Начнём с основ — разберём какие типы мобильных приложений бывают! Это база, которая пригодится каждому мобильному тестировщику. Я описала самые основные типы, но и добавила интересные варианты, которые можно встретить реже (например, amp или Google Play Instant Apps)."
Реальные причины роста популярности PhoneGap и других кроссплатформенных инструментов разработки,https://habr.com/ru/companies/appodeal/articles/265689/,2015,08,18114,
Я ненавидел Javascript. А теперь он мне нравится,https://habr.com/ru/articles/347802/,2018,01,25950,"Моя карьера началась с написания программ для мобильных устройств. Я изучал C и Objective-C, чтобы работать с устройствами на iOS. У меня был чёткий контроль над программным обеспечением, я учился тому, как правильно работать с памятью, и проводил долгие часы за отладкой багов, которые возникали из-за моей небрежности (это было ещё до ARC ). Я развивался с уклоном в сторону iOS, а так же так же начал изучать Java (и совсем недавно приступил к Kotlin) для перехода на Android."
"Electron: разработка настольных приложений с использованием HTML, CSS и JavaScript",https://habr.com/ru/companies/ruvds/articles/436466/,2019,01,150854,"Можно ли, используя HTML, CSS и JavaScript, создавать настольные приложения? Автор статьи, перевод которой мы сегодня публикуем, даёт утвердительный ответ на этот вопрос. Здесь он расскажет о том, как, применяя веб-технологии и пользуясь возможностями фреймворка Electron, создавать кроссплатформенные приложения для настольных операционных систем."
Десктопные приложения на JavaScript. Часть 1,https://habr.com/ru/articles/272389/,2015,12,161855,"Ни для кого не секрет, что в наше время JavaScript стал одним из самых популярных языков программирования. В далекие 90е годы, в момент зарождения языка, когда он был создан с единственной целью добавить интерактивность веб страницам и улучшить процесс взаимодействия с пользователем, кто бы мог подумать, что он достигнет столь небывалых высот. Ведь сейчас на нем можно делать практически все что угодно. Хотите написать сайт: и бэкэнд и фронтэнд на JavaScript? пожалуйста! Хотите написать мобильное приложение на JavaScript? нет проблем. Программируете микроконтроллер – и тут вам на помощь придет JavaScript. Есть конечно небольшие минусы в подходе использования JavaScript везде, но если поразмыслить, то сколько времени и сил можно сэкономить, изучив всего лишь одни язык, особенно, если то же самое приложение должно работать на разных платформах. Разных платформах говорите? Хм… Точно – разных платформах – теперь JS может позволить себе десктопные приложения для Windows, Linux, Mac, как спросите вы? Ответ прост: встречайте – NW.js . По первым буквам можно прочитать – Node.js + Webkit , если данные понятия вам пока не знакомы, то скоро вы поймете о чем идет речь. Node.js – программная платформа, основанная на движке V8, который транслирует наш скрипт в машинный код. Данная платформа была создана в 2009 году преимущественно для работы с бэкэндом сайтов. WebKit — свободный движок, разработанный компанией Apple. Впервые был анонсирован в составе Safari в 2003 году Итак, коду, написанному на JS для данной технологии, будут доступны как Node.js модули, так и стандартный браузерный API (соответственно WebKit)"
Создание десктопного приложения с помощью Electron и веб-технологий,https://habr.com/ru/articles/272075/,2015,12,67728,"Знакомство с Electron Официальная страница проекта Electron . Изначально Electron был разработан для редактора Atom компанией GitHub. Electron (ранее известный как Atom Shell) позволяет нам создавать кроссплатформенные приложения, используя HTML, CSS и JavaScript. Что является большим плюсом для команд, которые занимаются веб-разработкой. Отпадает надобность искать новых разработчиков для создания десктопных версий уже существующих проектов. Electron являет собой прекомпилированый бинарник и библиотеки, нужные для работы приложения и доступа к native API операционной системы. Он включает в себя Node.js, направленный на работу в десктопной среде, и минимальную версию браузера Chromium, контролируемого JavaScript."
Собираем грабли Electron.js или десктопные JS-приложения на практике,https://habr.com/ru/articles/278951/,2016,03,82727,
Развертывание React-приложения,https://habr.com/ru/companies/simbirsoft/articles/668622/,2022,05,27933,"Когда мы имеем дело с большим проектом, в репозитории которого накопились десятки тысяч строк кода, иногда единственным здравым решением кажется все переписать с нуля, а не оптимизировать. С точки зрения бизнеса может возникнуть вопрос: а почему вообще нужно оптимизировать или даже переписывать приложение, если оно работает? Дело в том, что по мере роста кодовой базы есть вероятность увеличения дублирующихся компонентов/фрагментов кода, появления устаревших участков, которые тормозят сборку, но полезной нагрузки уже не несут. Это негативно влияет на скорость работы приложения и увеличивает срок разработки. В этом кейсе мы покажем, как улучшить имеющееся решение с точки зрения архитектуры, а также рассмотрим библиотеки и их особенности, которые помогут сделать приложение быстрее. В данном примере мы имеем дело с довольно объемной кодовой базой, UI которой обрабатывает большие массивы данных и выводит их на экран в виде списков, таблиц, графиков. Поэтому нам важно обеспечить гибкость нашего приложения как в плане сборки бандла, так и для развертывания в разных средах. И, конечно, иметь в рукаве самые последние фичи, позволяющие делать наш код красивым, понятным и читаемым. Статья будет полезна тимлидам и техлидам проектов, а также разработчикам, которые столкнулись с развертыванием крупных неоптимизированных React-приложений."
"Matthias Ettrich — человек-KDE. О кроссплатформенности, Qt4, и конечно же — KDE!",https://habr.com/ru/articles/31469/,2008,03,1812,
Техническая борьба: мобильные приложения против мобильных сайтов,https://habr.com/ru/companies/soloten/articles/171903/,2013,03,20092,
Состоялся релиз Bun 1.1 — среды выполнения JavaScript и TypeScript,https://habr.com/ru/news/804665/,2024,04,7462,"1 апреля 2024 года состоялся релиз Bun 1.1 — среды выполнения JavaScript и TypeScript с возможностью отладки кода и поддержкой популярных веб-фрейворков. Это событие произошло спустя шесть месяцев после выхода первой мажорной версии проекта Bun 1.0. За это время команда проекта сделала более 1700 коммитов, разработчики прилагают все усилия, чтобы сделать Bun более стабильным и более совместимым с Node.js. «Мы исправили более тысячи ошибок, добавили массу новых функций и API, и теперь Bun поддерживает Windows!», — уточнили разработчики сообщества Bun."
PhoneGap: как сделать приложение отзывчивым,https://habr.com/ru/companies/mobidev/articles/187960/,2013,07,56547,"На сегодняшний день существует немалое количество обзорных статей о PhoneGap, но к сожалению, написаны они или front-end разработчиками, которые решили заняться мобильными платформами, или нативными программистами, которые решили попробовать себя в кроссплатформенной разработке. И именно с этих позиций рассматриваются достоинства и недостатки PhoneGap'а, возникают статьи о том, «насколько крута кроссплатформа», или об «ущербности кроссплатформенных решений». В качестве затравки — видео демо-приложения, написанного за 6 часов; готовым был взят UI-бутстрап, наверстанный за 3,5 часа; использовались библиотеки iScroll, backbone, underscore, Jquery, и небольшая обертка на backbone (RAD.js — rapid application development, архитектурный фреймворк, берущий на себя часть оптимизации, связанной с мобильной средой выполнения). Еще 2 часа было потрачено на фикс движка. Но сегодня речь не о том, что что-то тормозит, дергается, или самописный свайп не всегда вовремя отрабатывает на 14000 объектах данных; речь о том, что на PhoneGap можно и нужно писать. Выносим на Ваше рассмотрение мнение людей, которые занимаются кроссплатформеной разработкой на PhoneGap, дабы рассказать о том, какие тонкости мы находим нужными и важными при разработке на PhoneGap, и почему они так важны."
«Histone» — новый кроссплатформенный шаблонизатор с открытым исходным кодом,https://habr.com/ru/companies/megafon/articles/151061/,2012,09,12002,"Введение МегаФон — динамичная технологическая компания, работа которой не ограничивается исключительно предоставлением услуг связи. Например, среди наших активов есть большое количество интернет-сайтов, на которых клиенты получают различную информацию и услуги. В рамках проекта по совершенствованию и развитию наших веб-проектов мы, в том числе, создаём продукты, которые могут быть полезны и другим разработчикам. Сегодня мы хотели бы представить первый из них — шаблонизатор Histone, который является opensource-проектом, распространяемым по лицензии Apache Software License 2.0. Но обо всём по порядку. Что такое Histone? Многие из вас при создании веб-приложений используют различные шаблонные движки. Ситуация, когда из данных, представленных в определенном формате, вам необходимо сгенерировать некий HTML-код при помощи шаблона, задающего правила преобразования, встречается повсеместно. Несколько лет назад шаблонизаторы активно использовались для генерации HTML-кода на сервере ( Smarty , FreeMarker , Velocity ), сегодня все чаще и чаще возникает необходимость производить генерацию HTML-кода непосредственно в браузере. В качестве примера таких шаблонизаторов можно привести: TrimPath templates , Mustache , Google Closure Templates и т. д."
Часть 1. Office Store для кроссплатформенной продуктивности от А до Я,https://habr.com/ru/companies/microsoft/articles/269149/,2015,10,5649,"Сегодня все мы, начиная со школы и университета, так или иначе используем программное обеспечение, позволяющее повысить производительность нашей работы. Мы проводим презентации, пишем письма, создаём документы, делаем расчёты, организуем онлайн встречи и успешно решаем многие другие задачи, используя пакет приложений, известный под именем Microsoft Office. Компания Microsoft, отвечая требованиям времени, делает пакет широко доступным как на своих платформах, таких как Windows и Windows Phone, так и на платформах других производителей, широко распространённых в мире. Сегодня Вы можете использовать приложения и сервисы Microsoft Office и на своём планшете, и на ноутбуке, и на настольном компьютере, и даже на смартфоне."
"Создание кроссплатформенного Smart TV приложения на базе библиотеки SmartBox для Samsung, LG, Philips и других",https://habr.com/ru/articles/188294/,2014,02,122310,"Ввиду живого интереса к прошлой статье о библиотеке Smartbox , которая призвана стать основой для любого кроссплатформенного SmartTv приложения, я решили описать, как же создать такое приложение разом для трёх вендоров SmartTv устройств:"
Еще раз про отличия Excel Vba vs OnlyOffice/Р7 офис JavaScript,https://habr.com/ru/articles/872374/,2025,01,1956,В рамках учебного курса основы разработки для Р7 Офис публикуем самый полный список сравнений в разработке Excel Vba vs OnlyOffice/Р7 офис JavaScript
Веб-приложения будущего: что нужно знать о WebAssembly,https://habr.com/ru/companies/selectel/articles/873662/,2025,01,30030,"Часто при разговоре о веб-разработке на ум приходят JavaScript и различные фреймворки. Но что, если бы веб-приложения могли запускаться с той же производительностью, что и нативные, а разработчики могли бы писать их на Rust, C++ или Go? Вот тут-то на сцену и выходит WebAssembly (Wasm) — инструмент, который позволяет взглянуть на веб-разработку иначе. Он открывает возможности для выполнения сложных вычислений, запуска игр, виртуальных машин и приложений для анализа данных прямо в браузере. Все это — с высокой производительностью и кроссплатформенностью, от настольных компьютеров до мобильных устройств. В этой статье разберемся, как работает WebAssembly, чем он привлекает разработчиков и какие проблемы решает. Вы узнаете, почему его активно поддерживают такие компании, как Google, Unity и Unreal Engine, и какие перспективы открывает Wasm для будущего веб-разработки. Подробности под катом!"
Кроссплатформенный опыт Surf с Flutter Web,https://habr.com/ru/companies/surfstudio/articles/916840/,2025,06,2202,"Вместе с Самиром, Flutter-разработчиком в Surf, мы разберём, что за зверь этот Flutter Web. Посмотрим, что происходит у него «под капотом», какие трудности возникают в проде, как адаптировать UX под веб и какие виджеты помогут сделать интерфейс удобным."
"Встреча по кроссплатформенной разработке для Windows, iOS, Android – 18 декабря, Москва",https://habr.com/ru/companies/microsoft/articles/245157/,2014,12,7030,
По мотивам windows заставки «Ленты». Кроссплатформенный скринсейвер на JS и Electron,https://habr.com/ru/articles/876606/,2025,01,1473,"Со времен появления скринсейвера «Ленты» (ориг. «Ribbons») на Windows 7, эта заставка была стандартом для всех моих рабочих мест, благо в новых версиях Windows (8, 10, 11) эта заставка остается и по сей день. Однако с момента «импортозамещения» десктопной Windows на десктопную Linux, особенно актуального с 2022 года, хотелось получить эту или хотя бы похожую заставку и на этой свобоной платформе. Но вот незадача — нормальный порт найти мне не удалось. Может, конечно, плохо искал (скиньте ссылку в комментариях, если кто‑то нашел что‑то работоспособное). И тут на просторах github очень удачно нашелся вот этот репозиторий . Автор в canvas с использованием JS наваял на мой взгляд очень даже симпатичную анимацию по мотивам того самого скринсейвера «Ленты». Причем он в README отметил, что пытался сделать из этой анимации PWA (Progressive Web App), но почему‑то у него ничего из этого не вышло, читай «failed». Вопрос, почему человек, наваявший такой годный «генератор лент», не смог в PWA, оставим за скобками. А тут как раз я, начавший недавно по служебной необходимости, изучать всем известный фреймворк Electron для создания кроссплатформенных настольных web‑приложений... Чем не альтернатива PWA? Причина написания сего опуса как и прежде — поделиться чем‑то, что делал для себя и ближайшего окружения, с теми, кому это может быть интересно."
"Кроссплатформенное Smart TV приложение в одном экземпляре. Библиотека SmartBox для Samsung, LG, Philips, STB Mag 200/250 и других",https://habr.com/ru/articles/211236/,2014,02,70334,"Копаясь в памяти своего неискушённого идеальным миром мозга, я, припоминаю, как два года назад начиналась наша история по разработке приложений для SmartTv. Если коротко, то это был АД!!! богатейший опыт. Однако, хотелось бы получить этот опыт сразу, не наступая на недокументированные грабли, разложенные по всей технологии, и специальные детские грабли разложенные каждым вендором отдельно. Но как говорится «c'est la vie» и нам пришлось пробиваться сквозь тернии к звёздам! В итоге мы получили кроссплатформенную расширяемую библиотеку для всех SmartTv."
"Кроссплатформенное Smart TV приложение в одном экземпляре. Библиотека SmartBox для Samsung, LG, Philips, STB Mag 200/250 и других",https://habr.com/ru/articles/211236/,2014,02,70334,"Копаясь в памяти своего неискушённого идеальным миром мозга, я, припоминаю, как два года назад начиналась наша история по разработке приложений для SmartTv. Если коротко, то это был АД!!! богатейший опыт. Однако, хотелось бы получить этот опыт сразу, не наступая на недокументированные грабли, разложенные по всей технологии, и специальные детские грабли разложенные каждым вендором отдельно. Но как говорится «c'est la vie» и нам пришлось пробиваться сквозь тернии к звёздам! В итоге мы получили кроссплатформенную расширяемую библиотеку для всех SmartTv."
Как мы переписали мобильное приложение с React Native на Flutter,https://habr.com/ru/articles/929058/,2025,07,11252,"React Native не справился. Flutter — как глоток свежего воздуха. Рассказываем, как наша команда переписала большое приложение (60+ экранов, оффлайн режим, карта, камера) на Flutter, с чем пришлось повозиться и почему теперь не жалеем."
JavaScript повсюду или почему веб-технологии захватили мир,https://habr.com/ru/articles/756064/,2023,08,16330,"Я давно слежу за развитием веб-технологий и каждый раз, натыкаясь на очередной холивар в интернете про злой и страшный JavaScript, залезающий на чужую территорию, инстинктивно хочу побыть его адвокатом. Обычно все мои доводы сводятся к банальному “не мы такие, жизнь такая” или “ничего личного, просто бизнес”, но в этот раз захотелось развернуто обосновать причины популярности веб-технологий. Пробежимся галопом по истории интернета, перемоем косточки фронтендерам и придем к неутешительному заключению. Буду ругать и хвалить, но выводы делать лишь вам. Хотя и не надеюсь кого-то в чем-то убедить. Добро пожаловать под кат!"
Архитектура SPA-приложения биржи в 2019 году,https://habr.com/ru/articles/450360/,2019,05,17846,"Приветствую, хабровчане! Читаю данный ресурс со времени основания, но время на написание статьи появилось только сейчас, а значит пора поделиться своим опытом с сообществом. Начинающим разработчикам, рассчитываю, статья поможет улучшить качество проектирования, а опытным выступит в качестве чек-листа, чтобы не забыть важные элементы на этапе архитектуры. Для нетерпеливых — итоговый репозиторий и демо ."
48 open source ресурсов для JavaScript (2019),https://habr.com/ru/companies/edison/articles/476676/,2019,11,17553,Мы выбрали из 20 000 проектов и библиотек для JavaScript 48 самых лучших (по звёздам на GitHub) и сгруппировали в 5 категорий: Пользовательский интерфейс (1~9) Инструменты JavaScript (10~25) Machine Learning (26~33) Проекты (34~39) Инструменты разработчика (40~48)
Опенсорсное приложение учета связи в регионе,https://habr.com/ru/articles/458146/,2019,06,2474,"Недавно мы опубликовали приложение для учета связи в регионе под свободной лицензией Apache 2.0. реализованной на IONDV. Framework – опенсорсном решении на основе node.js для быстрой разработки веб-приложений. Связь в регионах это важное условие развития территории и комфортной жизни. Речь пойдет о примере на основе Хабаровского края. И хотя наша территория и сопоставима с Испанией и Португалией вместе взятых, да ещё и останется на всю Прибалтику (шутить про медведей на улицах города Хабаровска мы не будем — сами найдете ролики на Youtube)), но сотовая связь и интернет у нас все еще недоступны в отдаленных населенных участках края, либо их качество оставляет желать лучшего. Приложение применимо где угодно и доступно для использования без ограничений. Как проанализировать текущее состояние связи? Как быстро понять проблемные зоны? Как спланировать последующее развитие связи в регионе? Созданием решения реестрового типа для ведения информации об отрасли, подготовки аналитической отчетности на их основе и формирования планов развития."
"Как сделать мобильное приложение, если у тебя лапки? Путь от PWA до TWA",https://habr.com/ru/companies/selectel/articles/907834/,2025,05,17455,"Привет, Хабр! Меня зовут Влад, и я тот самый человек, который привык использовать костыли в решении задач. По крайней мере, я считаю, что это лучший подход при подготовке MVP. Яркий пример — прототипирование простых скриптов под микроконтроллеры на MicroPy или десктопных приложений на Electron. Но, как оказалось, это не все виды ухищрений в разработке. Если вы веб-разработчик, но руки «чешутся» написать мобильное приложение, варианты есть. В этой статье я расскажу, как создать собственное прогрессивное веб-приложение (PWA) и доработать его до TWA, чтобы потом протестировать и опубликовать в разных сторах. Никакого rocket science, просто небольшое пособие, которое основывается на моем опыте. Подробности под катом."
Часть 2. Публикация приложений в Магазине Office,https://habr.com/ru/companies/microsoft/articles/269183/,2015,10,4528,"В процессе публикации в магазине перед Вами стоит несколько задач: Создать приложение для Office Store Создать учётную запись в Панели мониторинга продаж (используя учётную запись Microsoft) на https://sellerdashboard.microsoft.com/registration Определиться с ценой приложения и, если нужно, предоставить информацию о своём налоговом профиле. Добавить приложение в один или несколько поддерживаемых языков и стран. Можно добавлять и сохранять приложения даже когда учётная запись ещё не утверждена Публиковать приложения для Магазина, когда учётная запись будет одобрена, а платные приложения – когда будет заполнена информация по налогам и платежам Отправить свои приложения для утверждения в Магазине Статус можно наблюдать в панели управления, о необходимости внести изменения сообщается там же. После одобрения приложение появится в магазине через 1-3 дня. Следить за метриками и управлять своими деньгами"
Какой язык программирования выбрать? Часть 3. JavaScript,https://habr.com/ru/companies/kryptonite/articles/741852/,2023,06,6906,"Если вы никогда раньше не работали с JavaScript и читаете этот текст из десктопной версии одного из современных браузеров, то вы можете прямо сейчас написать свой первый HelloWorld-скрипт. Нужно нажать клавишу F12 (открыть инспектор), перейти на вкладку «Console», ввести alert(""Hello, World!""); и нажать клавишу «Enter». Можно назвать JS особенным: будучи самым распространённым языком для браузеров, он также является одним из самых популярных языков программирования в мире."
Yota-script или экономим c Yota кроссплатформенно,https://habr.com/ru/articles/166721/,2013,01,18909,"Доброго времени суток, уважаемые хабражители. Пару месяцев назад и до нашего города добралась цивилизация в виде Yota. После беглого осмотра личного кабинета и выяснения что тарификация работает с точностью до минуты появился автоматизационный зуд :) Тут еще подвернулся топик Экономим затраты на интернет от Yota и понеслась. Главная проблема которую я хотел решить — позволить управлять своим тарифом из командной строки (к примеру с помощью crontab) кроссплатформенно т.к. сам давно живу под Arch Linux в качестве основной операционной системы."
Создание игры Doodle Jump для Android в Intel XDK за 2 часа на JavaScript с нуля,https://habr.com/ru/articles/306922/,2016,08,26752,"Здравствуй, Хабр. Непривычно для меня писать статьи спустя такое долгое время, так как я привык к записи материала на видео, где можно свободно что-либо рассказывать. И так уж получилось, что решил написать статью об Intel XDK, но не просто обзор возможностей, а разобрать среду на примере вполне конкретного проекта. Проектом таким для меня стал «клон» игры «Doodle Jump»."
Приручить зверя. С чем мы столкнулись при разработке приложения для ведения личного дневника на React Native,https://habr.com/ru/articles/430120/,2018,11,11166,"В предыдущей статье я подробно рассказал о нашем опыте создания веб-сервиса/мобильного приложения для ведения личного дневника. Актуальная версия приложения (минимальная работоспособная версия уже выложена в Google Play) разрабатывается на React Native, и вот на нем мы и остановимся подробно сегодня. Рассказываем о собственном опыте работы с фреймворком, способах расширения функционала, «подводных камнях» (куда ж без них!) и как мы их обошли. О фреймворке в целом Немного о виновнике торжества — React Native . Он все-таки хорош! Для тех, кто в достаточной степени знает JavaScript и тем более NodeJS — он очень хорош. Если же есть опыт с React, ну или хотя бы есть понимание ее идеи, механизма — он просто великолепен! Главное, что на выходе получается действительно нативное приложение. Расширения и плагины покрывают практически 99% типовых задач. Оставшийся процент при острой необходимости можно дописать на родных языках (java, object-c) и подключить к React Native приложению. Но хватит про плюсы, от них толку ноль, хоть список и будет внушительным. Все плюшки и вкусности бессмысленны, если приложение не запускается, а это первое чем нас «порадовал» React Native. Сначала ему не понравилась версия NodeJS. Потом версия npm. Потом версия Android SDK, потом версия Android tools, потом… Писать про то, как все проблемы решились, смысла нет, ибо с того момента все вышеперечисленное ПО обновило свои версии и инструкции будут неактуальны. Просто знайте: узкое место React Native — среда сборки. Будьте готовы к штудированию google, чтению форумов и stackoverflow. На развертывание в итоге потратили: Ubuntu — 3 дня, Win10 — 2 дня. Как ни странно, на «винде» все оказалось проще, ну, или просто на ubuntu «шишек набили» и уже понимали, что и куда подсовывать. На заметку, вдруг кому пригодится: код, представленный ниже, решил все проблемы с совместимостью версий sdk у дополнений при компиляции проекта."
JavaScript — это Бейсик сего дня! (В хорошем смысле.),https://habr.com/ru/articles/153119/,2012,10,18376,"С каждым днём во мне крепнет осознание того, что JavaScript стремится играть ту же роль (занять ту же нишу), которая была свойственна Бейсику лет тридцать или даже пятнадцать тому назад. Иными словами, JavaScript становится простым и распространённым языком, далеко переросшим своё первоначальное предназначение, и на нём теперь можно сочинить почти какое угодно приложение (и клиентское, и серверное, и консольное… и даже с GUI, как я недавно убедился ). Создаются целые операционные системы (Firefox OS, Google Chrome OS, Open webOS), для которых JavaScript является не менее «родным», чем Си для UNIX в своё время. Появляются языки, транслируемые в JavaScript (можно вспомнить CoffeeScript, Dart, новорождённый TypeScript , и так далее). Заметив это, уместно тотчас же порадоваться тому, что к джаваскрипту предъявляют, по крайней мере, меньше серьёзных претензий, чем некогда к Бейсику, который по справедливости невзлюбили за его GOTO и поощрение «макаронного кода». Притом джаваскрипт гораздо лучше переносится и с платформы на платформу, и из браузера во браузер. Кроме того, многие существующие проблемы джаваскрипта не имеют особенного значения, потому что устраняются широко распространёнными средствами с открытым исходным кодом. Так, нестрогость синтаксиса устраняется строгою проверкою исходного кода ( JSLint , например). Нехватка средств обработки данных (массивов, объектов) и функций устраняется подключением Underscore , а строки помогает обработать Underscore.string , а даты — moment.js , например. Сложность употребления методов DOM (в которой, впрочем, повинен не язык JavaScript, а браузеры и их разнобой) преодолевается с помощью jQuery . И так далее. Это входит в привычку у программистов."
Интеграция JavaScript в нативные мобильные приложения для криптотрейдинга: нестандартный опыт и технические решения,https://habr.com/ru/companies/cleverpumpkin/articles/903544/,2025,04,650,"23–24 апреля в Москве проходит Blockchain Forum — одно из ключевых событий в мире блокчейна и криптотехнологий. На форуме изучаем тренды, делимся опытом и слушаем коллег, набираемся насмотренности. Мы в CleverPumpkin разрабатываем и развиваем мобильные приложения, в том числе для криптовалютных сервисов, и хорошо понимаем с какими техническими вызовами сталкиваются команды. В этой статье мы делимся совместным опытом с командой EVEDEX, где мы интегрировали SDK на TypeScript, изначально предназначенный для веба, в нативные приложения , чтобы сохранить единую бизнес‑логику между платформами. Это решение дало массу преимуществ — но и принесло немало сложностей."
Мост из мира .NET в мир JavaScript,https://habr.com/ru/articles/450990/,2019,05,7586,"Хочу поделиться интересной находкой — Bridge.net . Если в двух словах, это фреймворк, позволяющий транслировать C# код в JavaScript. Идея, которая движет командой разработчиков очень проста и понятна — транслировать логику настолько идентично, насколько это возможно. Что радует, если вспомнить все различия и специфику этих языков."
Мобильная веб-разработка: HTML5 приложение для Android,https://habr.com/ru/articles/183458/,2013,06,113872,"Вступление К счастью, есть более чем один способ написать приложение для мобильного телефона. Можно сделать сайт, упаковать его специальным образом, и вуаля, вот вам и приложение!"
Cordova: связь между JavaScript и Java,https://habr.com/ru/companies/huawei/articles/654639/,2022,03,5238,"Cordova — это кроссплатформенная среда разработки с открытым исходным кодом, которая позволяет использовать HTML и JavaScript для разработки приложений на нескольких платформах, таких как Android и iOS. Как Cordova позволяет приложениям работать на разных платформах и реализовывать функции? Все дело в многочисленных плагинах в Cordova. Они позволяют сосредоточиться исключительно на функциях приложения, не взаимодействуя с API на уровне ОС."
Введение в AI Selfie Background Remover с использованием TensorFlow.js для React-приложений,https://habr.com/ru/articles/850890/,2024,10,2310,"Я создал ""React Selfie AI Background Remover"" — компонент React, который использует TensorFlow.js для удаления фона с изображений людей прямо в браузере. ✨ Основные особенности: • 🤖 Использует MediaPipe Selfie Segmentation для точной сегментации объектов. • ⚙️ Легко интегрируется в любое React-приложение. • 🖼️ Доступно live demo для тестирования. Вы можете найти компонент здесь: • 📦 NPM • 💻 GitHub"
Вы до сих пор не любите JavaScript?,https://habr.com/ru/articles/214087/,2014,02,95762,"С началом эпохи HTML5, рынку понадобилось большое количество JavaScript программистов. Многие специалисты по другим языкам, начали массово переориентироваться на JavaScript. Я много раз видел, как программисты с большим опытом ругали этот, один из самых гибких и могучих, язык, не понимая его принципов. В этой статье я постараюсь рассказать суть и философию JavaScript. Здесь будет всего 4 строчки кода и много-много того, что не напишут в учебниках. Обещаю, что вы полюбите этот язык, или по крайней мере, станете эффективнее в нём. Итак, поехали!"
"Microsoft анонсировала кроссплатформенный редактор для Windows, OS X и Linux",https://habr.com/ru/articles/257011/,2015,04,58234,"Сегодня Microsoft анонсировала запуск Visual Studio Code. Это кроссплатформенный редактор для работы с современным стеком .NET. Visual Studio Code будет работать в OS X , Linux и Windows . Приложение уже доступно для скачивания . Visual Studio Code может похвастаться всеми возможностями, что присутствуют в современных редакторах, включая автодополнение, сниппеты и поддержку систем контроля версий. Редактор поддерживает несколько языков и технологий, среди них: JavaScript, TypeScript, Node.js, C# и ASP.NET 5. Microsoft, впервые в своей истории, представила кроссплатформенный редактор. Полная версия Visual Studio по-прежнему доступна только для Windows, но этот анонс, как и предшествующие действия компании, показывают, что Microsoft нацелена на поддержку других платформ."
Создаем игру для WebGL с помощью Unity 5 и JavaScript,https://habr.com/ru/companies/plarium/articles/312318/,2016,10,56458,
Как добавлять свои мини-приложения в корпоративный суперапп VK Teams,https://habr.com/ru/companies/vk/articles/744994/,2023,07,2848,"Привет, Хабр! Меня зовут Олег Новиков, я разработчик VK Teams и координатор направления платформы мини-аппов. VK Teams — это корпоративный суперапп для коммуникаций и совместной работы команд. Мы сами в VK общаемся по работе только в VK Teams — а это более 10 000 сотрудников компании! Но VK Teams — это не просто «чатилка». В него можно интегрировать свои мини-приложения, например для оформления отпусков и больничных — все, что угодно."
Модельная разработка мобильных приложений React Native и сайтов на React Native Web,https://habr.com/ru/articles/597563/,2021,12,5735,"Модельная разработка - это метод разработки мобильных приложений, при котором мы изначально ставим задачу в виде типизируемой модели(схемы) TypeScript и GraphQL , на уровне создания тикета в таск-менеджере."
Что нужно знать о JavaScript Engine Switcher 3.0,https://habr.com/ru/articles/439446/,2019,02,6532,"JavaScript Engine Switcher изначально создавался как вспомогательная библиотека и его развитие во многом определялось потребностями библиотек, которые его использовали. Фактически каждая его мажорная версия решала одну или несколько крупных задач необходимых для дальнейшего развития других библиотек: В первой версии такой задачей было добавление как можно большего количества модулей-адаптеров для популярных JS-движков, поддерживающих платформу .NET. И это дало пользователям Bundle Transformer определенную гибкость: на компьютерах разработчика они могли использовать модуль MSIE , поддерживающий отладку JS-кода с помощью Visual Studio, а на серверах, на которых не было современной версии Internet Explorer или он не был установлен вовсе, они могли использовать модуль V8 . Некоторым даже удавалось запускать Bundle Transformer в среде Mono на Linux и Mac, используя модули Jurassic и Jint . Основной задачей второй версии была реализация поддержки .NET Core, которая требовалась для новой версии библиотеки ReactJS.NET . Другой немаловажной задачей было создание кроссплатформенного модуля, способного быстро обрабатывать большие объемы JS-кода (модули Jurassic и Jint не подходили для этого), и таким модулем, после ряда доработок, стал модуль ChakraCore . В третьей версии основной акцент был сделан на улучшение интеграции с библиотекой ReactJS.NET и повышение производительности. В этой статье мы рассмотрим некоторые нововведения третьей версии, которые для многих оказались неочевидными даже после прочтения текста релиза и раздела документации «How to upgrade applications to version 3.X» : изменения в классе JsEngineSwitcher , реорганизация исключений, более информативные сообщения об ошибках, прерывание и предварительная компиляция скриптов, возможность изменения максимального размера стека в модулях ChakraCore и MSIE, а также новый модуль на основе NiL.JS."
vPass: страничка на Javascript для максимума безопасности и минимума мучений при работе с паролями,https://habr.com/ru/articles/149934/,2012,08,5475,"Уважаемые Хабраюзеры, позвольте представить вам микро-веб-приложение, которое я создал для решения своей собственной проблемы — сделать так, чтобы работа с моими паролями в Интернете была более безопасной и менее трудоемкой. Просто я приболел, и чтобы не валяться без дела, решил испытать себя и за 24 часа сделать веб-сервис, который не стыдно миру показать. Плюс еще денек ушел на написание текстов. Сам генератор Информация и видео-демка Вкратце: вам нужно запомнить один «мастер»-пароль, и vPass генерирует уникальный пароль на его основе, для каждого сайта. vPass генерирует бессмысленный набор букв и цифр (по умолчанию 12 символов), которые практически невозможно угадать. vPass сделан для быстрой работы с клавиатурой. Введите мастер-пароль, Ctrl-C, Ctrl-W, готово! vPass не «хранит» ваши пароли (и вообще ничего не хранит). Ваш пароль никуда не передается. vPass не обменивается данными с сервером — просто скачивает html-страницу в браузер. Работает на любой платформе с веб-браузером. Windows, Mac OS X, Linux, Android, iOS, Windows Phone, webOS, и любая ОС будущего! Вместо «домена» сайта можно использовать любое «имя пользователя». Я генерирую таким образом пароли для Linux-пользователей. Для полной уверенности, вы можете скачать vPass и запускать со своего компьютера."
Web приложение реального времени для простых устройств,https://habr.com/ru/articles/325942/,2017,04,17563,
Что браузеры делают с вашим JavaScript-кодом: об оптимизациях в JS-движках на примере V8,https://habr.com/ru/companies/jugru/articles/301040/,2016,05,40079,"Оптимизация кода начинается не столько с изучения особенностей языка программирования, сколько с понимания схемы работы всей «технологической цепочки», задействованной при создании приложения — от алгоритма программы до компилятора. Мы поговорили с Вячеславом Егоровым aka mraleph , инженером из Google, компиляторщиком до мозга костей, который работал над JavaScript движком под названием V8, встроенным в Chromium (и, как следствие в Chrome, Android версию браузера, облачную операционную систему Chrome OS) и в менее известный Maxthone. JavaScript-программистам Вячеслав, скорее всего, известен как автор постов про внутренности V8 и как докладчик, увлеченно показывающий машинный код на конференциях для Web-разработчиков. В настоящее время Вячеслав активно работает в Google над Dart VM. В этом интервью он рассказал о том, что происходит внутри движка, выполняющего динамический JS-код и поделился примерами, как выполняются некоторые оптимизации и почему важно глубоко понимать работу движка, чтобы обеспечить быстрое выполнение кода."
Используем Titanium Developer для кроссплатформенной разработки,https://habr.com/ru/articles/102711/,2010,08,1238,"Непрочь создать desktop-приложение, но знакомы только с технологиями, связанными с web? Возможно вас заинтересует технология Titanium Developer. Этот топик посвящен не только технологии Titanium , неплохой обзор которой дан в этом топике, но и опыту реализации приложений с ее использованием, трудностями, с которыми пришлось столкнуться и найденным решениям."
Как запустить мобильное приложение за две недели с помощью PWA,https://habr.com/ru/articles/682526/,2022,08,19737,"Наш Frontend-разработчик Никита Воробьев рассказывает, какие задачи решают PWA-приложения, есть ли у них ограничения и почему Frontend-разработчики справляются с PWA-разработкой лучше других. В конце материала — инструкция по интеграции прогрессивного веб-приложения в сайт."
15 лучших JavaScript-библиотек для построения диаграмм и сводных таблиц,https://habr.com/ru/articles/246907/,2014,12,310744,"Практически невозможно представить себе информационную панель без диаграмм и графиков. Они быстро и эффективно отображают сложные статистические данные. Более того, хорошая диаграмма также улучшает общий дизайн вашего сайта. В этой статье я покажу вам некоторые из лучших JavaScript библиотек для построения диаграмм/схем (и сводных таблиц). Эти библиотеки помогут вам в создании красивых и настраиваемых графиков для ваших будущих проектов. Хотя большинство библиотек являются бесплатными и свободно распространяемыми, для некоторых из них есть платные версии с дополнительным функционалом."
"Офис как Платформа, выпуск №8 — контекстное приложение Office c Visual Studio Code на OS X, Linux и Windows",https://habr.com/ru/companies/microsoft/articles/269015/,2015,10,5682,"Перед вами продолжение цикла статей о разработке контекстных приложений для Office 365. В этой статье цикла Мария Горелкина — эксперт по стратегическим технологиям — рассказывает о создании приложений Office 365 на рабочих местах OSX, Linux или Windows с помощью Visual Studio Code. Все статьи колонки «Офис как Платформа» вы всегда можете найти по ссылке #officeplatform — Владимир Юнев. Visual Studio 2015 предоставляет специальные инструменты, которые могут помочь разрабатывать контекстные приложения для Outlook, Word, Excel, PowerPoint, для любых клиентов Office: веб-версии, Office для Windows, OS X и т.д. Однако, для обладателей устройств под OS X и Linux так же существует сценарий разработки приложений для Office c помощью кроссплатформенного редактора кода Visual Studio Code . О нем, на примере OS X, и пойдет речь."
Раннее прототипирование мобильных приложений,https://habr.com/ru/articles/109877/,2010,12,6773,"Что такое прототип? Набор скетчей на бумажках, фотошопные «скриншоты», HTML-экраны, «оживленные» javascript, работающий макет? А теперь с поправкой: прототип приложения для телефона. Достаточно ли оценивать интерфейсы мобильного приложения, глядя в экран десктопа или бумажные диаграммы? Я предполагаю, что нет. Думаю, установленный на устройство прототип, позволяющий увидеть все части будущего UI «в действии», это не роскошь, а один из самых ответственных и необходимых этапов разработки. В чем его преимущества и сколько ресурсов придется потратить на него? Сразу скажу, что речь пойдет не об играх."
IBM System i (aka AS/400) — Как мы делали автотесты приложений зеленого экрана,https://habr.com/ru/companies/alfa/articles/446332/,2019,04,30579,"Привет! Меня зовут Антон Воробьев, я отвечаю в Альфа-Банке за разработку приложений для централизованной банковской системы. В этом посте я расскажу вам о том, что такое приложения зеленого экрана, зачем они нужны и как мы делали для них автотесты, написав для этого собственное решение, которое позволило нам ускорить автотесты в 11 раз. Платформа AS/400 (Application System/400) появилась на свет в 1988 году. Первой ОС для данной платформы является OS/400, позже переименованная в i5/OS и еще позже в IBM i. Не так давно она отметила свое тридцатилетие. Погружаясь в мир разработки под операционной системой IBM i, понимаешь, что это никакой на самом деле не «legacy» в классическом понимании этого слова. Это другая, совершенно иная среда, которая мало схожа с привычными Windows или Unix-системами. Главная задача этой ОС — быть максимально производительной на аппаратуре, с которой работает, а не быть удобной пользователю. ИМХО, эта ОС может свести с ума от того, насколько привычные подходы к написанию кода на С++ неэффективны на ней (до десятков раз потери CPU), что некоторые демонстрируемые в учебниках антипаттерны являются best-practice эффективного кода, а исходники с датой написания за 1978 год не просто собираются без проблем, но и работают как было спроектировано! Все это заставляет по-новому взглянуть на современные подходы к разработке ПО."
Что мы используем для анализа Android-приложений,https://habr.com/ru/companies/dsec/articles/685920/,2022,09,14217,"В этой статье расскажем про инструментарий для анализа мобильных приложений, который мы используем каждый день. Для начала поговорим про то, как запускать мобильные приложения, чем смотреть трафик, и рассмотрим инструменты для статического и динамического анализа мобильного приложения."
"Server-driven UI, «Триплекс» и JSON: как Сбер сервисы в мобильные приложения выводит",https://habr.com/ru/companies/sberbank/articles/711374/,2023,01,4723,"Привет, Хабр! Меня зовут Иван Некипелов, я работаю в Сбере в подразделении «Цифровой Корпоративный Банк» и занимаюсь развитием мобильных приложений СберБизнеса. В статье расскажу о том, что стало для нас особенно актуальным при выводе сервисов в мобильные приложения в условиях закрытых маркетплейсов и нехватки рук мобильных разработчиков. Так, на основе уже известной технологии Server-driven UI мы смогли создать собственное решение, которое позволило сэкономить более 1 000 человеко-часов при выводе продуктов и сервисов. Давайте разберёмся, как это работает."
Наши любимые приложения-помощники в тестировании back-end,https://habr.com/ru/articles/714700/,2023,02,14315,"Всем привет! Меня зовут Константин, и я работаю ведущим тестировщиком в дружной команде back-end компании Solit. Мои коллеги уже не раз делились различными хитростями и ноу-хау, которые они применяют в своих проектах. Я же решил пойти немного другим путём и поделиться с вами набором сервисов и утилит, которые помогают нам прийти к недостижимой цели — работа приложений без дефектов. В мою подборку попали те приложения, которые прижились в нашей команде и ими пользуется более одного человека. Конечно, есть очевидные вещи, типа Notepad++. Но есть и более редкие «звери», типа JWT. Ещё я постарался разбить всё на хоть сколько-то вменяемые категории. В общем, давайте переходить к делу. Надеюсь, вы найдёте для себя что-то полезное или сможете поделиться своими полезностями в комментариях. Приложения для генерации данных Правильная подготовка тестовых данных — уже половина успешного тестирования. В этом разделе я собрал приложения, которые помогают быстро сгенерировать большие (я бы даже сказал, очень БОЛЬШИЕ) объёмы тестовых данных. pgCodeKeeper Вообще, эту утилиту можно использовать для различных целей. Её основная цель — поиск различий между объектами баз данных, создание скриптов миграции и тому подобных вещей. В нашем случае она прижилась именно как генератор тестовых данных для БД Postgres. Подробнее о том, как он работает, можно прочитать в официальной справке pgCodeKeeper ."
Как мы писали SVG виджеты для JavaScript,https://habr.com/ru/articles/149975/,2012,09,5582,"Дисклеймер. Честно признаюсь, что изначально передо мной стояла задача – написать на хабре про наш продукт. Первоначально я планировал ограничиться обычным пиар-эссе, описывающим основные возможности и функции нашего компонента, не заостряя внимания на подробностях. Конечно, такой рассказ позволил бы полностью раскрыть все фишки нашего продукта. С другой стороны, он непременно вызвал бы у вас зевоту примерно на третьем абзаце. Поэтому, я попытаюсь сделать так, чтобы эта статья была полезна не только автору, но и читателям. Я опишу не столько что мы делали, сколько как мы это делали. Начнём мы, естественно, с задачи, которая перед нами стояла. Задача"
"InDriver для нянь: опыт разработки приложения, которое полетело",https://habr.com/ru/companies/pod_prismotrom/articles/745006/,2023,06,1336,"Привет! Я Николай Никитин, один из фаундеров приложения по поиску нянь “Под присмотром”. Я хочу рассказать о нашем опыте разработки приложения, которое набрало 7000 пользователей в Сибири и на Дальнем Востоке и теперь покоряет Питер. Делимся опытом, как мы выбирали технологии, как разрабатывали и с какими препятствиями столкнулись."
Архитектура Android-приложений. Часть I — истоки,https://habr.com/ru/articles/140459/,2012,03,110048,"В этой статье мы рассмотрим архитектуру Android-приложений. Откровенно говоря, официальную статью Google по этой теме я считаю не очень полезной. Детально отвечая на вопрос «как», она совсем не объясняет «что» и «почему». Итак, вот моя версия, и, я надеюсь, она внесёт некоторую ясность. Да, кстати, я полностью одобряю чтение статей Google, поскольку они содержат полезную информацию, повторять которую я не собираюсь."
keymemo.next — совсем открытый кроссплатформенный менеджер паролей,https://habr.com/ru/articles/403575/,2017,05,6707,"В развитии чужого проекта keymemo.com , пост Онлайн менеджер паролей от 2010 года. Далее попробую обосновать столь громкий заголовок."
Обзор Arachni: фреймворк для поиска уязвимостей в веб-приложениях,https://habr.com/ru/companies/first/articles/730002/,2023,04,7816,"Чтобы просканировать веб-сайт или веб-приложение на наличие всевозможных уязвимостей, существует довольно обширный список программ. Такие программы называются сканеры уязвимостей. Главная цель таких утилит – найти уязвимости, собрать информацию о сайте, а также проверить, может ли сайт быть подвергнут сетевым атакам. Для таких целей отлично подойдет сканер под названием Arachni ."
Opera TV Store: каталог HTML5-приложений для телевизора,https://habr.com/ru/articles/135939/,2012,01,49475,
Разработка простого приложения непростым способом,https://habr.com/ru/articles/493540/,2020,04,7342,"Всем привет! Относительно давно мне прилетела задача по учебе написание курсовой, и я её наконец-то написал. Чтобы добро не пропадало, я решил оформить её (курсовую) в виде статьи. Надеюсь, статья будет полезна не только для тех, кто хочет погрузиться в мир Web разработки, но и так же для тех, кто считает, что современный веб не так уж и сложен, чтобы платить высокую ЗП. Итак, тема курсовой: Разработать программу «Поиск». Программа должна осуществлять поиск заданных слов в текстовом файле. Слова последовательно вводятся с клавиатуры. Для каждого слова должно определяться количество вхождений и номера строк текста. Если указанное слово в файле отсутствует, то программа должна выводить соответствующее сообщение. Разработкой всяких SPA и PWA я занимаюсь очень давно, но вот как-то не было случая пощупать Electron . Не спеша закрывая MS Visual Studio, подумал, почему бы нет... И, пожалуй, начнём с инструментов разработчика."
Превращаем Windows Store приложение в универсальное,https://habr.com/ru/companies/microsoft/articles/230303/,2014,07,11627,
Как быстро подготовить кроссплатформенное мобильное приложение. Часть 1: Adobe Phonegap + AngularJS,https://habr.com/ru/articles/215407/,2014,03,50470,
Как сделать мобильное приложение в 2025 году за 2 недели,https://habr.com/ru/articles/928178/,2025,07,9089,"Ни для кого не секрет что смартфоны в наше время это вещь очень нужная и необходимая. Сейчас у каждого популярного сервиса есть своё мобильное приложение. Мобильное приложение полезно не только пользователю, но ещё и компании которая его предоставляет, ведь благодаря этому приложению можно увеличить охваты. Вот и я решил создать приложение для уже существующего образовательного портала RushENGL, ведь сайт то безусловно хорош, но не всем пользователям с телефона удобно им пользоваться, да и хотелось бы видеть его в списке приложений для быстрого доступа. В этой статье разберём как создать своё мобильное приложение для уже имеющегося сайта без лишних морок!"
"CEF, ES6, Angular 2, WebPack 2 .Net Core десктопное приложение без серверной части",https://habr.com/ru/articles/321898/,2017,02,10884,"Это продолжение статей: → CEF, ES6, Angular 2, TypeScript использование классов .Net Core. Создание кроссплатформенного GUI для .Net с помощью CEF → CEF, Angular 2 использование событий классов .Net Core Основная идея этих статей — создание кроссплатформенных приложений на CEF с использованием Angular 2 и .Net Core. Чтобы отвязаться от сервера, используем свежий WebPack и настроим на локальное использование файлов."
Эталонное приложение на базе контейнеров и архитектуры микросервисов,https://habr.com/ru/companies/microsoft/articles/346746/,2018,02,47823,"Хабр, привет. Сегодня рассказываем вам об эталонном кроссплатформенном приложении .NET Core от Microsoft, созданном на основе упрощенной архитектуры микросервисов и контейнеров Docker. В статье поделимся большим количеством технических данных, документацией, книгами по теме, а также полезными ссылками. Ну и, конечно, видео, для лучшего понимания. Присоединяйтесь!"
"WPF приложения на Android, iPhone, iPad, Mac и Windows",https://habr.com/ru/articles/908244/,2025,05,3496,"Уже более пяти лет мы занимаемся разработкой OpenSilver — open-source-фреймворка , который позволяет переносить приложения на базе WPF и Silverlight в современный веб. Проект стабильно развивается, активно используется в корпоративной среде, и недавно мы задумались о том, как расширить возможности наших пользователей и запустить существующие приложения ещё и на iOS и Android. Поскольку под капотом OpenSilver использует платформу Blazor, логичным шагом стала интеграция с .NET MAUI Blazor Hybrid. В этой статье я расскажу, как прошла интеграция и какие результаты мы получили на практике. Забегая вперёд, скажу, что результатом мы остались очень довольны!"
Автоматизация UI-тестирования на PhoneGap. Кейс платежного приложения,https://habr.com/ru/articles/353962/,2018,04,6149,
Книга «ASP.NET Core. Разработка приложений»,https://habr.com/ru/companies/piter/articles/338454/,2017,09,25489,"Современные разработчики занимаются построением кроссплатформенных приложений, их сопровождением и развертыванием. Чтобы облегчить им тяжкий труд, был создан новый фреймворк компании Microsoft — ASP.NET Core. Теперь в вашем распоряжении множество разнообразных библиотек с открытым кодом, более того, сам фреймворк является продуктом с открытым кодом. Как же освоить все новые возможности, предоставляемые ASP.NET Core? Авторы объясняют решение конкретных задач на примере вымышленной компании Alpine Ski House. Каждую главу предваряет краткий рассказ о проблеме, с которой сталкивается команда разработчиков, и о том, как они эту проблему преодолевают. Вам предстоит познакомиться с архитектурой приложений, средствами развертывания и проектирования приложений для работы в облаке и многим другим."
"Мобильный маркетинг и проектирование приложений на AppClub { build, monetize } #6 Kyiv",https://habr.com/ru/companies/devrainsolutions/articles/180041/,2013,05,2677,"Шестая встреча AppClub { build, monetize } #6 Kyiv пройдет 5 июня (19:00 — 22:00). Темы встречи: прототипирование и дизайн мобильных приложений, мобильный маркетинг, презентации стартапов."
Telegram web apps как альтернатива мобильным приложениям,https://habr.com/ru/articles/857104/,2024,11,10578,"В последние полтора года я очень активно наблюдаю за стремительным развитием мини-приложений внутри telegram. В этой статье приведу несколько весомых аргументов, которые могут склонить вас к выбору бота с веб-приложением на базе telegram вместо традиционных мобильных приложений. Кому интересно, прошу под кат!"
Использование Ionic и Vue 3 для создания мобильных приложений,https://habr.com/ru/articles/743778/,2023,06,11170,"В современном мире мобильные приложения играют важную роль в нашей повседневной жизни. Разработка мобильных приложений стала все более популярной, и существует множество фреймворков и инструментов для создания кросс-платформенных приложений. В этой статье мы рассмотрим процесс разработки мобильных приложений с использованием Ionic, Vue 3 и Capacitor, сочетающих в себе преимущества гибкости Vue.js и возможности кросс-платформенной разработки Ionic и Capacitor. Вперед под кат)"
Специалисты Emsisoft обнаружили вымогатель на JavaScript,https://habr.com/ru/companies/eset/articles/274447/,2016,01,20922,"Специалисты компании Emsisoft обнаружили вредоносную программу — вымогатель, которая написана на JavaScript. Она получила название Ransom32 и используется злоумышленниками для вредоносных кампаний, аналогичных распространению многих других семейств такого типа вредоносного ПО. Злоумышленники выбрали высокий уровень анонимности для работы с Ransom32, для связи со своим управляющим C&C-сервером вымогатель использует анонимную сеть Tor, а оплата выкупа осуществляется в биткоинах."
Обзор Codelobster — Удобная кроссплатформенная IDE,https://habr.com/ru/articles/568620/,2021,08,7756,"Полноценная мультплатформенная (включая Мак, Линукс и т.д.) IDE с нормальным автокомплитом для Друпала, JavaScript и TypeScript."
Руководство по React Native для начинающих Android-разработчиков (с примером приложения),https://habr.com/ru/companies/plarium/articles/458118/,2019,06,76463,"Представляем вам перевод статьи Nikhil Sachdeva, опубликованной на hackernoon.com. Автор делится опытом разработки мобильных приложений с помощью React Native и предлагает создать свое приложение, используя этот фреймворк. Я был Android-разработчиком и довольно длительное время использовал в работе Java. Лишь недавно я попробовал свои силы в создании мобильных приложений с помощью React Native. Это заставило меня взглянуть на процесс разработки по-новому, если не сказать больше. Цель моей статьи — показать, какие различия я заметил, используя эти два фреймворка в разработке приложений."
Как сэкономить на разработке мобильного приложения,https://habr.com/ru/articles/521966/,2020,10,7271,"Привет, я Евгений Бойченко – сооснователь студии, которая разрабатывает мобильные приложения. За 10 лет работы вопрос «Почему так дорого?» я слышу чуть ли не ежедневно. Для многих клиентов мы искали возможности безболезненно снизить цену разработки, и в итоге у меня накопилось некоторое количество кейсов, которые решают проблему высокой стоимости мобильного приложения. В этом треде я призываю комьюнити делиться знаниями о том, как удешевить разработку мобильного софта без потерь. Начну с себя и своих секретиков, а вы присоединяйтесь в комментариях – вместе создадим гайд по экономичной разработке, который будет полезен обществу."
Обзор NativePHP. Инструмент для создания собственных нативных desktop приложений на Laravel,https://habr.com/ru/articles/761740/,2023,10,14969,"Привет, коллеги! В этой статье я сделаю небольшой обзор NativePHP, который появился на последнем Laracon. Что из себя представляет NativePHP? Перед нами фреймворк, который позволяет нам писать нативные десктоп приложения, используя PHP. Приложения кроссплатформенные - можно писать под Mac, Windows и Linux. И все это с использованием нашего любимого PHP с использованием Laravel. Но как обещают разработчики в будущем появятся и другие драйверы."
Мультиплатформенность приложений в 2023,https://habr.com/ru/articles/757156/,2023,08,16901,"Где в 2023 году искать настоящую нативную кроссплатформенность? Я прошел Golang → Rust → C# → Python → Java → Kotlin → Free Pascal, в поисках мультиплатфореммнного GUI, для десктопов и мобильных и кое что нашел. Многие считают что web или pwa это и есть кроссплатформенность, многие считают, что это Flutter или electron, но что там на самом деле?"
Кроссплатформенная разработка на мобильных устройствах,https://habr.com/ru/articles/106629/,2010,10,14736,"Сравнение PhoneGap vs. Titanium vs. Rhodes В первую очередь должен заметить, что кроссплатформенная разработка не для тех, кто разрабатывает 3D-игры, интерактивные, мультимедийные и анимированные приложения. Рассматриваемые в этой статье разработки все построены на web-технологиях и могут быть использованы web-разработчиками, которые хотят применить свой опыт в мире мобильных приложений."
Кроссплатформенное программирование под современные мобильные Windows-платформы,https://habr.com/ru/companies/vk/articles/185218/,2013,07,24970,"Актуальность В мире мобильных операционных систем первые два места сейчас разделяют Android и iOS. По разным метрикам и оценкам разных компаний мы можем отдать первое место то одной операционной системе, то другой, но в том, что они лидируют, сомнений нет. Но как на любой олимпиаде, у нас есть еще бронза. Попробуем определиться с ней. Symbian, лидировавшая по всем показателям еще пару лет назад, постепенно с рынка ушла. Blackberry – это, в основном, бизнес-пользователи, и, в основном, в Америке; в остальном мире она не так распространена. Тенденции показывают, что третье место сейчас достается Windows Phone. И вот тут у каждого, будь то частный разработчик или компания, встает вопрос:"
Изучаем Kirigami от KDE: примеры разработки приложений,https://habr.com/ru/companies/first/articles/748662/,2023,07,4546,"Для создания пользовательского интерфейса приложений придумано множество инструментов. Фреймворк Kirigami – как раз один из таких. Хотя он не отличается какой-то особой оригинальностью, Kirigami призван сделать создание приложений более простым и быстрым. С помощью этого инструмента можно создавать адаптивные и кроссплатформенные программы."
ReadyScript Mobile — готовое eCommerce мобильное приложение,https://habr.com/ru/companies/readyscript/articles/342720/,2017,11,7098,"«Хочу мобильное приложение для интернет-магазина» — такие запросы все чаще поступают от владельцев брендов к веб-разработчикам. Но как обычной веб-студии удовлетворить столь масштабный запрос, если среди компетенций компании есть только веб-разработка? По нашим данным, в большинстве случаев небольшие веб-студии пытаются отговорить клиента от мобильного приложения в пользу обычной адаптивности сайта или независимой мобильной версии. Часто это удается, хотя приходится отбиваться от множества сложных вопросов, например, таких как: “А почему у всех брендов, которые на слуху есть собственное мобильное приложение, зачем они тогда его делают?”. В тех же случаях, когда клиента переубедить не удается и он все же желает предоставить своим пользователям высокий уровень сервиса и проникновения своего бренда в различные устройства, веб-студия начинает поиск имеющихся решений. В 2016 году мы оценили эту проблему и спустя год предложили готовое решение для создания мобильного приложения для интернет-магазинов, разработанных на платформе ReadyScript. Как обычно, мы предлагаем и SaaS и коробку. Новый сервис получил название ReadyScript Mobile. Под катом расскажем, какие технологии мы использовали, с какими трудностями сталкивались и как их преодолевали. Попутно сравним с другими решениями уникальное качество нашего сервиса, а именно прямую интеграцию с интернет-магазином клиента, без посредников."
И еще 9 инструментов для разработки мобильных приложений,https://habr.com/ru/companies/productivity_inside/articles/332858/,2017,07,6301,"Продолжая традицию делиться найденным, представляем новую порцию инструментов для разработки и тестирования приложений, которые читатели, возможно, захотят добавить к себе в арсенал. Сегодня в меню: звуки, анимации, голосовое управление и даже целые языки."
"В Skype, Slack и другие приложения на Electron можно легко внедрить бэкдор",https://habr.com/ru/news/463145/,2019,08,10160,"Фреймворк Electron популярен среди разработчиков благодаря своим кроссплатформенным возможностям. Он основан на JavaScript и Node.js и используется для создания приложений для настольных ОС с помощью веб-технологий. Однако, как утверждает исследователь Павел Цакалидис, приложения, основанные на Electron, могут быть уязвимы. На конференции BSides LV, прошедшей во вторник, Павел Цакалидис продемонстрировал созданный им инструмент BEEMKA. Инструмент позволяет распаковывать архивные файлы Electron ASAR и внедрять новый код в библиотеки Electron JavaScript и встроенные расширения браузера Chrome. Уязвимость кроется не в самих приложениях, а в базовой структуре Electron, и позволяет скрывать вредоносные действия в процессах, которые кажутся безопасными."
Релиз кроссплатформенного видеоредактора OpenShot 3.2.0,https://habr.com/ru/news/824358/,2024,06,4027,24 июня 2024 года состоялся релиз кроссплатформенного видеоредактора OpenShot 3.2.0. Исходный код проекта опубликован на GitHub под лицензией GNU. Версия OpenShot 3.1 вышла в апреле 2023 года.
Kivy — фреймворк для кроссплатформенной разработки №1,https://habr.com/ru/articles/418839/,2018,07,78973,"В мире кроссплатформенной разработки под мобильные платформы сейчас, наверное, как это не прискорбно, доминируют два фреймворка — Xamarin и React Native. Xamarin — потому что является «приемным сыном» компании Microsoft и, гордо размахивая костылями, активно пиарится последней, а React Native — отпрыск не менее известной Facebook, который с не меньшей долей гордости отращивает бороды уставшим на нем разрабатывать программистам. Для себя я уже давно нашел альтернативу, а тех, кто еще не знаком с фреймворком для кроссплатформенной разработки Kivy, добро пожаловать под кат…"
Как сделать кроссплатформенное десктопное приложение на базе веб-технологий,https://habr.com/ru/companies/oleg-bunin/articles/319888/,2017,01,46330,
Релиз кроссплатформенного видеоредактора OpenShot 3.3.0,https://habr.com/ru/news/869048/,2024,12,1290,22 декабря 2024 года состоялся релиз кроссплатформенного видеоредактора OpenShot 3.3.0. Исходный код проекта опубликован на GitHub под лицензией GNU. Версия OpenShot 3.1 вышла в апреле 2023 года. Предыдущий стабильный релиз опубликовали разработчики проекта в июне этого года.
Автоматизация тестирования мобильных приложений: сравнение инструментов,https://habr.com/ru/companies/simbirsoft/articles/459292/,2019,07,49665,"Автоматизация тестирования помогает решить сразу несколько проблем — в том числе если речь идёт о мобильных приложениях. Вместо того чтобы вручную проводить рутинные трудоёмкие процедуры, специалисты могут делегировать значительную их часть фреймворкам. Автоматизация упрощает проверку и помогает ускорить регрессионное тестирование, а также даёт возможность использовать ранее недоступные типы тестирования. Мы сравним несколько инструментов, которые зарекомендовали себя на рынке и продолжают развиваться. Эти знания помогут выбрать, какое решение использовать для тестирования того или иного мобильного приложения."
Опыт создания кроссплатформенной игры (iOS/Android),https://habr.com/ru/articles/201598/,2013,11,84362,
Обзор OWASP ZAP. Сканер для поиска уязвимостей в веб-приложениях,https://habr.com/ru/companies/first/articles/709586/,2023,01,58463,"Сегодня почти у каждой организации есть собственный веб-сайт. Вместе с ростом интернета возрастают и атаки на веб-сайты, становясь все более серьезнее и масштабнее. Однако существует обширный список инструментов, которые могут производить сканирование и находить уязвимости в веб-приложениях. Одним из таких инструментов является сканер уязвимостей под названием OWASP ZAP. OWASP ZAP — сканер веб-приложений, основанный на методике DAST (Dynamic Application Security Testing). В русском варианте этот метод принято называть методом тестирования «черного ящика». Методика позволяет обнаруживать проблемы безопасности в работающем приложении или веб-сайте при помощи их сканирования на известные уязвимости."
Кроссплатформенная мобильная разработка: история вопроса,https://habr.com/ru/companies/jugru/articles/545342/,2021,03,19879,"Когда речь заходит о разработке «сразу для Android и iOS», начинаются холивары и гадания на кофейной гуще. Что перспективнее, Flutter или Kotlin Multiplatform? Будущее за ними, или завтра их оба забудут? Уверенно делать прогнозы — занятие весёлое, но не очень конструктивное. Я захотел подойти иначе. Поскольку мы проводим конференцию Mobius , я общался со многими мобильными разработчиками, в том числе об их опыте использования старых кроссплатформых решений. И теперь решил вспомнить, какими были эти решения, и понять их судьбу. Как известно, «кто забывает об истории, обречён на её повторение». Если мы разберёмся с прошлым — возможно, тогда и будущее станет нам понятнее. А если вы сами работали с описанными технологиями — можете дополнять в комментариях своим опытом."
Делаем многопользовательскую кроссплатформенную RPG с нуля,https://habr.com/ru/articles/743700/,2023,06,17826,"Когда-то давно меня очаровал ADOM . Я даже и близко не подошёл к прохождению игры, но мне нравилось бродить по этому миру, собирать предметы с эффектом, который не прочувствуешь, пока не используешь. Нравилось, что монстры в подземельях имели какие-то зачатки собственного интеллекта, подбирали с пола вещи и использовали их. Всё время что-то происходило и менялось, проходишь по тому же месту – смотришь кто-то уже подобрал с пола монеты. Или предметы в инвентаре испортились. Мир как будто живёт своей жизнью. В пещерах можно идти по коридорам, а можно наугад пробивать туннели заклинанием в надежде отыскать потайную комнату, оставляя на полу груду камней. Мир полный возможностей и способов взаимодействия. Вдохновившись этими впечатлениями, я задумался, а может можно сделать что-нибудь своё, пропитанное подобным духом? И почему бы не попробовать сделать многопользовательскую игру с современной то скоростью интернета? Ведь это даёт особые ощущения, осознание того, что ты идёшь по туннелю, вырытому другим, настоящим, игроком. Или вот-вот встретишь его за углом."
"JavaScript, AJAX, Socket и Flash/ActionScript — исследуем вопрос передачи данных в AJAX-приложениях",https://habr.com/ru/articles/51757/,2009,02,5546,
Конфиденциальность iOS: Instagram* и Facebook* могут отслеживать всю вашу активность в браузере внутри приложения,https://habr.com/ru/articles/681980/,2022,08,3791,"Приложение Instagram* и Facebook* для iOS отображает все сторонние ссылки и рекламу в своем приложении с помощью собственного встроенного браузера. Это создает различные риски для пользователя, поскольку хост-приложение может отслеживать каждое взаимодействие с внешними веб-сайтами, от всех данных формы, таких как пароли и адреса , вплоть до каждого нажатия. Чтобы упростить пост, будет использоваться термин «Instagram*» вместо «Meta*» или «Facebook*». *Meta признана в России экстремистской организацией, деятельность ее сервисов Facebook* и Instagram* в стране запрещена. Примечание . Если статья покажется интересной, то вот тут я пишу об iOS-разработке и о том, что с ней связано."
Обзор современных технологий создания RIA-приложений,https://habr.com/ru/articles/84320/,2010,02,16437,"Введение Несколько лет назад в области создания Интернет-приложений наметилась тенденция к переходу от стандартных HTML/JavaScript/CSS технологий к платформам, которые позволяют запускать в среде веб-браузера программы, по внешенему виду и поведению не отличающиеся от оконных(desktop) приложений. Такой вид программных продуктов принято называть Rich Internet Applications( RIA ), что в переводе обозначает «богатые интернет-приложения». Несмотря на то, что некоторые из технологий RIA выпущены довольно давно(конец 90-х годов), широкое распространение они получили не более 3-4 лет назад. Разговор об особенностях RIA стоит начать"
Разработка мобильных приложений на Adobe Flash + AIR: обзор возможностей,https://habr.com/ru/articles/128846/,2011,09,25804,Недавно замечательная flash-игра Machinarium заняла 1 место в рейтинге платных игр для iPad. Тем не менее много талантливых разработчиков flash-игр с опаской смотрят в сторону мобильных платформ. На русском языке информации по теме крайне мало. Надеюсь эта статья немного улучшит положение вещей. Желаю приятного прочтения.
Когда JavaScript недостаточно: Практика разработки нативных модулей для React Native,https://habr.com/ru/articles/908690/,2025,05,3094,"Если ты пишешь на React Native, но устал от его ограничений (типа NFC, Bluetooth или системных фич), эта статья — твой выход. Мы разберём ключевые аспекты разработки нативных модулей для React Native приложений. Что внутри: Зачем это надо — когда JS бессилен, а нативный код спешит на помощь. Как написать свой модуль** — от наследования до обработки системных плюшек (на примере работы с уведомлениями). Фишки интеграции — куда складывать готовый код, как регистрировать и вызывать из JS. Готовый пример — бери и используй (или переделывай под свои нужды). Для кого: Для тех, кто уже дружит с RN и Kotlin/Java, но хочет больше власти над устройством. Что получишь: Рабочий код (не просто ""Hello, World!""), Четкие шаги без воды, Понимание, как лезть в другие системные штуки. Итог: Нативные модули — это мощный инструмент, который делает ваш гибридный код по-настоящему нативным. Хочешь больше, чем предлагает фреймворк? Допиливаешь сам. Статья покажет как."
Веб-камера — глаза робота: пишу веб-приложение на FastApi для управления DIY-проектом. Часть 1,https://habr.com/ru/companies/first/articles/907394/,2025,05,4114,"Эта статья открывает цикл публикаций о создании open-source веб-приложения для стриминга видео с веб-камеры и управления роботом. Приложение позволит транслировать видео с камеры в реальном времени и отправлять команды управления роботом через интерфейс. Думаю, статья будет интересна веб-программистам, интересующимся работой с видеостримингом и FastAPI, а также робототехникам и энтузиастам DIY-проектов. Идея проекта возникла из моего интереса к робототехнике и веб-программированию. Ранее в статье DIY-проект: гусеничная платформа с ИК-управлением на Arduino я создал гусеничную платформу на базе Iscra mini, управляемую ИК-пультом, и захотел развить эту платформу. В качестве камеры я планирую использовать экшн-камеру, которая может работать как веб-камера. Если она окажется несовместимой с Linux, её можно будет заменить обычной веб-камерой. Основная цель проекта — создать гибкое решение, которое будет полезным для разных DIY-проектов."
Делаем современное веб-приложение с нуля,https://habr.com/ru/articles/444446/,2019,03,165055,"Итак, вы решили сделать новый проект. И проект этот — веб-приложение. Сколько времени уйдёт на создание базового прототипа? Насколько это сложно? Что должен уже со старта уметь современный веб-сайт? В этой статье мы попробуем набросать boilerplate простейшего веб-приложения со следующей архитектурой: Что мы покроем: настройка dev-окружения в docker-compose. создание бэкенда на Flask. создание фронтенда на Express. сборка JS с помощью Webpack. React, Redux и server side rendering. очереди задач с RQ."
Как выбрать язык программирования для создания Андроид — приложения,https://habr.com/ru/articles/477578/,2019,11,138375,"Привет, Хабр! представляю вашему вниманию перевод статьи «Top Programming Languages for Android App Development» автора Mohit Maheshwari. Бурное развитие информационных технологий в последнее время привело к появлению множества новых различных устройств и технологий, в том числе планшетов, смартфонов, смарт-часов и других гаджетов. Они все более прочно входят в нашу жизнь и становятся привычным делом. Лидирующей платформой среди таких устройств является операционная система Android."
Создание приложения для распознавания текста с изображений и аудиофайлов,https://habr.com/ru/articles/758882/,2023,09,11482,"Запись текста с фотографии листа или из аудиозаписи в текстовый файл, доступный для редактирования – довольно часто встречающаяся задача при работе в офисах или учёбы. Для распознавания текстов и аудио в платных сервисах и программах сегодня используются такие подходы, как машинное зрение и распознавание речи с использованием глубоких нейронных сетей. Детектирование (обнаружение) и классификация символов на изображении осуществляется с использованием различных архитектур свёрточных нейронных сетей [1]. Обработка естественного языка основана на использовании глубоких рекуррентных нейронных сетей, состоящих из ячеек долгой краткосрочной памяти LSTM [2]. При создании соответствующих приложений для работы с текстами, этап реализации нейронных сетей можно пропустить, используя соответствующие свободно распространяемые библиотеки. В данной статье я хочу поделиться реализацией приложения, позволяющего пользователю преобразовать и сохранить текстовую информацию из изображения листа или аудио-файла."
Новая Windows Phone 8.1. Что делать разработчику приложений?,https://habr.com/ru/companies/microsoft/articles/229727/,2014,07,27819,
Интеграция HTML движка в нативное Windows приложение – выбор и архитектура,https://habr.com/ru/companies/1c/articles/425713/,2018,10,22181,"Как мы перевели работу с HTML в 1С:Предприятии с Internet Explorer на WebKit Возможность отображать HTML в формах 1С появилась в платформе 1С:Предприятие в 2003 г. версии 8.0. Для работы с HTML в платформе использовался движок браузера Internet Explorer (1С:Предприятие на тот момент работало только под Windows). Движок браузера использовался платформой для утилитарных целей. Например, писать с нуля полноценный элемент для редактирования текста а-ля Word – с возможностью различных цветовых и шрифтовых решений, вставки картинок и т.д. – весьма непростая задача. А если задействовать для этих целей HTML и использовать в качестве средства отображения движок интернет-браузера, то задача сильно упрощается. Также при помощи движка был реализован ряд других механизмов (например, отображение справочной информации ) и элементов (например, Планировщик ). Ну а возможность для разработчиков прикладных решений отображать с помощью HTML нестандартный, по меркам мира учетных систем, дизайн позволяла иногда привносить разнообразные приятные изюминки в интерфейс бизнес-приложений. Время шло, платформа стала поддерживать сначала Linux, а потом и macOS. Для работы с HTML в этих ОС Internet Explorer не подходил по понятным причинам; в Linux нами был задействован WebKitGTK+ , а в macOs — библиотека на основе Cocoa . Таким образом, единство кодовой базы для разных ОС (которое мы стараемся поддерживать для клиентского кода на уровне 95%) в этой области было нарушено. Ну и движок IE к этому времени стал источником ряда проблем."
60+ средств для разработки мобильных приложений,https://habr.com/ru/articles/142178/,2012,04,150199,"Появилось желание сделать свое приложение — быстро дешево и максимально полезно. Начал собирать информацию о современных инструментах разработки. Чтобы не потерять, а так же получить отзывы, мнения, комментарии и вообще любую полезную информацию, оформил в виде статьи. Планирую использовать некоторые инструменты, и позже написать по ним более развернутый обзор. Итак, встречайте 1. Appmakr appmakr.com Платформы: iOS Стоимость: free-$999, FREE- if you submit yourself to your own app store Дополнительные услуги: Бесплатный доступ к ресурсам сайта. Описание: Appmakr.com — веб-приложение, которое поможет вам создать приложения для айфона быстро и просто. Замечания: Если вы не знаете как создать приложение для айфона, вы можете запросить помощь по телефону. Владельцы могут размещать рекламу в своих приложениях и зарабатывать на ней."
Обзор облачных сервисов для разработки бэкенда мобильных приложений,https://habr.com/ru/companies/surfstudio/articles/463435/,2019,08,15934,"Разработка бэкенда — сложный и затратный процесс. При разработке мобильных приложений ему зачастую уделяется неоправданно больше внимания. Неоправданно, потому что каждый раз приходится реализовывать типичные для мобильных приложений сценарии: отправить push-уведомление, узнать сколько пользователей заинтересовались акцией и оформили заказ и т.п. Хочется решение, которое позволит сфокусироваться на важных для приложения вещах без потери качества и деталей в реализации второстепенных. И такие решения есть! Подобные сервисы называются Mobile Backend-as-a-Service (MBaaS). Процессы создания бэкенда с их помощью упрощены, по сравнению с разработкой «вручную». Это экономия на найме отдельного backend-разработчика. А тот факт, что провайдер MBaaS берет на себя все вопросы, связанные со стабильностью серверов, балансировкой нагрузки, масштабируемостью и прочими инфраструктурами сложностями, придает уверенности в качестве полученного результата и является основным преимуществом таких сервисов. В этой статье рассмотрим несколько крупных и зарекомендовавших себя сервисов: Microsoft Azure, AWS Amplify, Google Firebase, Kumulos."
О разработке одного desktop-приложения на Python,https://habr.com/ru/articles/341404/,2017,11,39546,"Всем привет. В этой статье я хочу рассказать о разработке программы с открытым исходным кодом для оффлайнового хранения заметок — OutWiker. Этим проектом я занимаюсь в свободное время, первая версия программы вышла в далеком 2010 году, и OutWiker до сих пор продолжает развиваться. Так уж исторически сложилось, что кодом я занимаюсь практически в одиночку (хотя изредка получаю полезные отдельные патчи), но зато пользователи активно участвуют в переводе программы на свой родной язык и иногда присылают стили оформления для страниц, которые затем я включаю в сборку. А уж о том, сколько интересных идей они присылают, и говорить не стоит. Что такое OutWiker Когда-то я писал об этой программе на Хабре, но это было так давно, что прежде чем говорить об особенностях внутреннего устройства и процесса разработки, нужно сказать, что представляет собой программа с точки зрения пользователя. Все ссылки, связанные с проектом даны в конце статьи. Итак, OutWiker — это программа для хранения заметок в виде дерева, в англоязычном интернете такой софт обычно называют outliner (поэтому у программы такое название). Среди более известных «коллег» OutWiker с подобным функционалом можно назвать Zim, WikidPad, CherryTree, и множество других (ну и, разумеется, org mode для Emacs). Логичный вопрос с точки зрения пользователя — чем OutWiker отличается от других представителей древовидных записных книжек. На данный момент, по прошествии такого количества времени с момента начала разработки, я уже не готов развернуто сравнить весь этот софт. В стародавние времена я перепробовал десятки outliner-ов, штук пять использовал достаточно долгое время, но везде чего-то не хватало, хотелось одну возможность взять из WikidPad, другую — из викидвижка, который может работать оффлайново и т.д. Поэтому в качестве ответа на такой вопрос просто перечислю основные особенности, которыми обладает OutWiker."
Unity — бесплатный кроссплатформенный 3D движок (и браузерный тоже),https://habr.com/ru/articles/112156/,2011,01,95628,"Преамбула Итак, сегодня я хотел бы рассказать вам о Unity (тем, кто ещё не знаком с ним, по крайней мере). Безусловно, на Хабре есть люди, которые знают, что это такое, но поиск выдаёт катастрофически малое количество топиков с упоминанием сабжа — два из них просто сообщают о новых версиях, один кратко презентует и ещё один посвящен всё-таки его использованию. «Непростительно, надо это исправить!», — подумал я, и решил написать краткий презентейшн с целью популяризации технологии. Если вы уже в теме — дальше можете не читать. Честно говоря, когда я читал на википедии о бесплатном (по крайней мере, с вполне нормальной по функционалу фришной лицензией) 3d движке с нормальным IDE, встроенной нормальной физикой, аудио-движком и прямой реализацией сетевого мультиплеера на котором можно делать приложения для всего, кроме, пожалуй, nix'ов (поддерживаются и нормально работают Windows, MacOS, Wii, iPhone, iPod, iPad, Android, PS3, XBox 360), я уже чуял подвох."
Делаем кроссплатформенное нативное десктоп приложение на Angular,https://habr.com/ru/articles/480396/,2019,12,19656,"Как вы уже наверно знаете, Angular уже есть во многих платформах: Ionic ( https://ionicframework.com/ ) NativeScript ( https://www.nativescript.org/ ) NestJs ( https://nestjs.com/ ) Universal ( https://github.com/angular/universal ) Platform-terminal, консольное приложение ( https://github.com/Tibing/platform-terminal ) Ну и, конечно, здесь не хватало десктопа (не будем пока про Electron)."
"Ускоряем запуск приложений с .NET 6, .NET на холодильнике и многое другое",https://habr.com/ru/companies/samsung/articles/576884/,2021,09,12318,"Данная статья содержит небольшое введение в JIT-компиляцию и .NET Core (отныне .NET 5, .NET 6 и так далее), а также несколько практических примеров ускорения запуска приложений на .NET. Данные советы могут быть полезны как для приложений, запускаемых на больших многоядерных x64 серверах, так и для приложений, запускаемых на ARM чипах с малым числом ядер. Например, подобные оптимизации используются в операционной системе Tizen , об этом далее."
OWASP ZAP для начинающих: как провести аудит безопасности веб-приложений,https://habr.com/ru/companies/securityvison/articles/950398/,2025,09,2804,"В последние годы заметно вырос интерес к таким ролям, как инженер по безопасности приложений, DevSecOps‑инженер, а также тестировщик на проникновение. Именно такие специалисты интегрируют механизмы безопасности в процессы разработки и эксплуатации программного обеспечения, выявляют уязвимости на ранних этапах и помогают предотвращать потенциальные атаки. Одним из наиболее распространенных инструментов для обучения и практического тестирования защищённости веб‑приложений является OWASP ZAP (Zed Attack Proxy). Этот бесплатный и открытый сканер безопасности широко применяется как профессионалами, так и начинающими специалистами для поиска уязвимостей в веб‑приложениях. Освоение работы с OWASP ZAP рекомендуется не только инженерам по информационной безопасности, но и разработчикам, DevOps‑специалистам и тестировщикам, заинтересованным в создании по‑настоящему безопасных сервисов. В Security Vision мы поддерживаем безопасность в том числе и данным инструментом, а также используем для сравнения результатов сканирования в режиме pentest наших скриптов по OWASP top 10. В данной работе рассматривается практический подход к использованию OWASP ZAP для аудита безопасности веб‑приложений. Материал предназначен для студентов, разработчиков и всех, кто хочет освоить современные инструменты безопасной разработки."
"Wt, библиотека C++ для разработки веб-приложений",https://habr.com/ru/articles/142585/,2012,04,41253,"Всем привет! Так случилось, что на Хабре не было ни одного упоминания Wt, C++ Web Toolkit , кроме одного комментария . Библиотека Wt может заинтересовать тех, кто пишет на C++ и захотел посмотреть в сторону Web, но не хочет изучать и/или использовать HTML, CSS, JavaScript, SQL и дополнительные технологии, связанные с веб-разработкой и работой с БД. В данной статье моей целью было обратить внимание сообщества на Wt, а не освещать все его возможности."
Продвинутое велосипедостроение или клиент-серверное приложение на базе C# .Net framework,https://habr.com/ru/articles/517670/,2020,09,11616,"Вступление Всё началось с того, что коллега предложил мне сделать небольшой веб сервис. Это должно было стать чем то вроде тиндера, но для IT тусовки. Функционал донельзя прост, регистрируешься, заполняешь профиль и переходишь к основной сути, а именно поиску собеседника и расширению своих связей и получению новых знакомств."
Кроссплатформенность — это круто,https://habr.com/ru/articles/133897/,2011,12,30125,"Этот пост участвует в конкурсе „ Умные телефоны за умные посты “. Ни для кого не секрет, что сегодня мобильные игры очень популярны. Возможность написать одну из таких игр есть у каждого разработчика, даже начинающего. Часто возникает вопрос с выбором платформы. Конечно, хочется, чтобы игра была сразу везде: на iOS и Android, на WP7 и MeeGo, на десктопе и в браузере. И чтобы все это можно было лекго реализовать с помощью бесплатных инструментов."
Как я делал desktop-приложение на Flutter (+ bonus),https://habr.com/ru/articles/470251/,2019,10,28471,"Недавно попалась на глаза новость, что вышел очередной релиз Flutter (1.9) , который обещает разные вкусности и, в том числе, раннюю поддержку веб-приложений. На работе я занимаюсь разработкой мобильных приложений на React Native, но с любопытством поглядываю на Flutter. Для тех, кто не в курсе: на Flutter уже сейчас можно создавать приложения для Android и iOS, готовится к релизу поддержка веб-приложений, а ещё в планах поддержка десктопа. Такое вот «одно кольцо, чтобы править всеми». Покрутив пару дней в голове мысли о том, какое приложение можно попробовать сделать, я решил выбрать задачу со звёздочкой — что нам эти проторенные дорожки? Замахнёмся на десктоп и будем героически преодолевать трудности! Забегая вперёд, скажу, что трудностей почти не возникло. Под катом — рассказ о том как я решал привычные для React Native программиста задачи средствами Flutter, плюс общее впечатление от технологии."
Быстрое кроссплатформенное HTML5 приложение на Framework7,https://habr.com/ru/articles/257889/,2015,05,79655,"Задумываясь о разработке html5 приложения, многим сразу на ум приходит jQuery, или точнее jQueryMobile. И попробовав написать даже самое простенькое приложение используя jQueryMobile, очень легко разочароваться, так как производительность и отзывчивость получившегося html5 приложения куда ниже ожидаемого, и уж совсем его не сравнить с нативными приложениями."
«Студийные» приложения Netflix на Android и iOS теперь с Kotlin Multiplatform,https://habr.com/ru/companies/jugru/articles/527176/,2020,11,4434,"Примечание от переводчика: при словах «мобильные приложения Netflix» вспоминаются их основные приложения для просмотра видеоконтента, но компания ведёт и «киностудийную» разработку — для тех, кто этот контент создаёт. И их пост посвящён использованию Kotlin Multiplatform во втором случае. В последние годы Netflix разрабатывает сервис Prodicle для индустрии производства телесериалов и фильмов. Мир съёмок живёт на высоких скоростях, а его запросы существенно различаются в разных странах, регионах и даже проектах. Его специфика означает, что мы делаем софт с упором на запись, в распределённом окружении, причём на съёмочной площадке интернет-соединение окажется очень надёжным менее чем в трети случаев, а право на ошибку у нас ограничено. Поэтому мы, будучи маленькой инженерной командой, обнаружили, что оптимизация надёжности и скорости выпуска продукта просто необходима нам, чтобы успешно отвечать растущим запросам наших клиентов. Поскольку сетевое соединение часто оказывается ненадёжным, мы обратились к мобильным решениям для персистентности на клиентской стороне и поддержки офлайна. А потребность выпускать быстро привела к экспериментам с мультиплатформенной архитектурой . И теперь мы зашли тут ещё на шаг дальше, использовав Kotlin Multiplatform , чтобы писать платформонезависимую бизнес-логику один раз на Kotlin и компилировать её в Kotlin-библиотеку для Android и нативный Universal Framework для iOS с помощью Kotlin/Native ."
Миниатюрное десктопное GUI приложение на PHP — 2 МБ хватит для всех,https://habr.com/ru/articles/674192/,2022,07,17535,"Я часто заморачиваюсь на тему минимизации размера своих GUI приложений. Прошлая моя статья была про Nuklear . Но сейчас захотелось более современных технологий. Чтоб HTML5, CSS3 и PHP. Чтоб приложение ни от чего не зависело, т.е. построено по принципу ""всё включено"". И чтоб конечный размер приложения не превысил 2 МБ. Получится ли? В Linux я часто пользуюсь утилитой df . Мне её очень не хватает в Windows, а искать аналоги лень. Так что было сделано волевое решение сделать свою, на РНР 5, с бутстрапом и JQuery."
Я устал вручную удалять мобильное приложение с устройства и написал расширение для VS Code,https://habr.com/ru/articles/587162/,2021,11,5466,"Каждый мобильный разработчик рано или поздно сталкивается с тем, что его начинают утомлять некоторые рутинные операции. Скажем, дебажишь авторизацию в приложении. Или проверяешь перехват UTM-метки при первой установке. Или пытаешься понять, работает ли корректно очередная миграция БД. Или попадаешь в еще миллион ситуаций, когда тебе нужно по много раз елозить иконкой приложения по экрану смартфона (или курсором по эмулятору), чтобы его удалить и установить начисто. Когда я работал над нативными Android-приложениями, меня спасал плагин для Android Studio ADB Idea. Очень удобно через шорткат можно было вызвать окошко с основными ADB командами по типу ""Удалить приложение"", ""Принудительно завершить приложение"", ""Перезапустить приложение"" и т.п."
Миниатюрное десктопное GUI приложение на PHP — 2 МБ хватит для всех,https://habr.com/ru/articles/674192/,2022,07,17535,"Я часто заморачиваюсь на тему минимизации размера своих GUI приложений. Прошлая моя статья была про Nuklear . Но сейчас захотелось более современных технологий. Чтоб HTML5, CSS3 и PHP. Чтоб приложение ни от чего не зависело, т.е. построено по принципу ""всё включено"". И чтоб конечный размер приложения не превысил 2 МБ. Получится ли? В Linux я часто пользуюсь утилитой df . Мне её очень не хватает в Windows, а искать аналоги лень. Так что было сделано волевое решение сделать свою, на РНР 5, с бутстрапом и JQuery."
Как я делал desktop-приложение на Flutter (+ bonus),https://habr.com/ru/articles/470251/,2019,10,28471,"Недавно попалась на глаза новость, что вышел очередной релиз Flutter (1.9) , который обещает разные вкусности и, в том числе, раннюю поддержку веб-приложений. На работе я занимаюсь разработкой мобильных приложений на React Native, но с любопытством поглядываю на Flutter. Для тех, кто не в курсе: на Flutter уже сейчас можно создавать приложения для Android и iOS, готовится к релизу поддержка веб-приложений, а ещё в планах поддержка десктопа. Такое вот «одно кольцо, чтобы править всеми». Покрутив пару дней в голове мысли о том, какое приложение можно попробовать сделать, я решил выбрать задачу со звёздочкой — что нам эти проторенные дорожки? Замахнёмся на десктоп и будем героически преодолевать трудности! Забегая вперёд, скажу, что трудностей почти не возникло. Под катом — рассказ о том как я решал привычные для React Native программиста задачи средствами Flutter, плюс общее впечатление от технологии."
«Студийные» приложения Netflix на Android и iOS теперь с Kotlin Multiplatform,https://habr.com/ru/companies/jugru/articles/527176/,2020,11,4434,"Примечание от переводчика: при словах «мобильные приложения Netflix» вспоминаются их основные приложения для просмотра видеоконтента, но компания ведёт и «киностудийную» разработку — для тех, кто этот контент создаёт. И их пост посвящён использованию Kotlin Multiplatform во втором случае. В последние годы Netflix разрабатывает сервис Prodicle для индустрии производства телесериалов и фильмов. Мир съёмок живёт на высоких скоростях, а его запросы существенно различаются в разных странах, регионах и даже проектах. Его специфика означает, что мы делаем софт с упором на запись, в распределённом окружении, причём на съёмочной площадке интернет-соединение окажется очень надёжным менее чем в трети случаев, а право на ошибку у нас ограничено. Поэтому мы, будучи маленькой инженерной командой, обнаружили, что оптимизация надёжности и скорости выпуска продукта просто необходима нам, чтобы успешно отвечать растущим запросам наших клиентов. Поскольку сетевое соединение часто оказывается ненадёжным, мы обратились к мобильным решениям для персистентности на клиентской стороне и поддержки офлайна. А потребность выпускать быстро привела к экспериментам с мультиплатформенной архитектурой . И теперь мы зашли тут ещё на шаг дальше, использовав Kotlin Multiplatform , чтобы писать платформонезависимую бизнес-логику один раз на Kotlin и компилировать её в Kotlin-библиотеку для Android и нативный Universal Framework для iOS с помощью Kotlin/Native ."
"10 советов для продуктивности в CLion, кроссплатформенной С/С++ IDE",https://habr.com/ru/companies/otus/articles/412609/,2018,05,17692,"Всем привет! До выпуска нашей первой группы курса «Разработчик C++» остались считанные дни. По итогам неплохо поработали напильником и надфилем над курсом: перекомпоновали домашние задания, обновили версию язык и ещё разное по мелочи. Ну, а пока продолжаем нашу традицию по интересным и полезным материалам. Поехали. Судя по собственному опыту разработки, многие разработчики C/C++ пренебрегают идеей, что IDE может сделать их работу продуктивней. Ведь что может быть лучше, чем простые и быстрые Vim или Emac. Что ж, позвольте продемонстрировать. Эти 10 советов CLion поднимут вас на новый уровень продуктивности, помогут сфокусироваться на важных и сложных задачах, в то время как IDE решит за вас рутинные задачи. Прежде чем начать, познакомимся с CLion, новой кроссплатформенной IDE для разработки на C и C++, созданной JetBrains. Она изначально поддерживает C и C++, включая стандарт C++11 (с некоторыми небольшими ограничениями), libc++ и Boost. Она корректно обрабатывает макросы и шаблоны, а также работает с GCC или Clang (при работе с Windows понадобится или MinGW/MinGW-w64, или Cygwin), GDB, как встроенный дебаггер, и CMake, как система сборки и проектная модель. В дополнении к C/C++ также можно пользоваться JavaScript, XML, HTML и CSS на том же уровне редактирования кода, используя, например, подсветку синтаксиса, анализ, автодополнение, навигацию и рефакторинг."
Spatium: цифровой завод в браузере или 3D в контексте клиент-серверных web приложений,https://habr.com/ru/companies/bimeister/articles/734110/,2023,05,3279,"Всем привет! Меня зовут Евгений, и сегодня я хочу рассказать о нашем 3D движке Spatium для рендеринга сводных моделей масштаба промышленного предприятия в браузере. Материал может представлять интерес для разработчиков и пользователей BIM-систем, а также для инженеров и конструкторов, которые выполняют работы по проектированию 3D моделей, получению фотограмметрических моделей и облаков точек для таких систем."
JetBrains Rider 2017.1 — первый релиз новой кроссплатформенной .NET IDE,https://habr.com/ru/companies/JetBrains/articles/335076/,2017,08,42612,"Несколько дней назад мы выпустили первую версию JetBrains Rider — новой кроссплатформенной IDE для .NET-разработки на базе IntelliJ-платформы и ReSharper. Rider теперь можно не только загрузить , но и купить . Rider входит в подписку All Products Pack, так что если она у вас есть — загружайте и пользуйтесь, ничего не доплачивая. Что еще за Rider? Rider — это IDE для .NET-разработки , которой можно пользоваться на Windows, Mac и Linux. Rider подходит для многих видов .NET-приложений, в том числе ASP.NET, .NET Core, .NET Framework, Xamarin и Unity."
Заметки о кросс–компиляции приложений под DD-WRT,https://habr.com/ru/articles/117194/,2011,04,19043,"Недавно у меня перестал работать вайфай-рутер и после некоторых раздумий я заказал Asus RT-N16. Хотелось наконец–то познакомиться с альтернативными прошивками. Характеристики этого рутера уже описывались на Хабре. Итак, DD-WRT установлена (v2.24), самба заведена, в первый юсб порт воткнута системная флешка, а во второй — внешний жесткий диск. А дальше я заинтересовался: а смогу ли я запустить свои программы на этом рутере? Я не нашел в сети руководства по сборке программ под рутер и надеюсь этой статьей восполнить пробел. Приведу пошаговое руководство с описанием небольших проблем, встреченных на пути. В качестве подопытной программы мне хотелось запустить Easysync, о которой я недавно писал . Повторюсь, что это открытая программа для синхронизации файлов в стиле дропбокса. Программа написана с использованием Qt 4, а в качестве движка синхронизации используется Unison. Так что, эта статья описывает как откомпилировать Qt, Unison, Easysync для архитектуры MIPS и рассказывает о запуске Easysync на вашем домашнем рутере."
Webpack: параллельная сборка изоморфного приложения с перезагрузкой браузера,https://habr.com/ru/articles/506636/,2020,06,4563,"Несмотря на кажущуюся простоту темы, мне не довелось поучаствовать ни в одном проекте, где сборка фронтовой и серверной частей была бы настроена удобно, то есть обладала бы следующими характеристиками: эти части собираются параллельно (в разных процессах) после пересборки серверной части перезапускается сервер, исходя из новых файлов после пересборки фронтовой части обновляется текущая страница в браузере изоморфные файлы вызывают обе пересборки, а неизоморфные — только соответствующую необходимые параметры (порт watch-сервера, https-режим) настраиваются через env-переменные Коллеги настраивали лишь последовательную сборку этих частей при изменении любых файлов, что приводило к обязательному перезапуску сервера и нескольким перезагрузкам страницы (т.к. для этого использовалась либо middleware, отслеживающая запуск сервера, либо watch-сервер webpack, но видел и что используются они одновременно). Поэтому тема показалась актуальной, разберем все по полочкам."
Кроссплатформенная новогодняя демка на .NET Core и Avalonia,https://habr.com/ru/articles/345708/,2017,12,27461,""" ААА! Пришло время переписывать на .NET Coreǃ "", говорили они, WPF в комментариях обсуждали. Так давайте же проверим, можно ли написать кросс-платформенное GUI приложение на .NET / C#. Новогоднее настроение навеяло идею сделать анимацию падающего снега. Были такие демки под DOS, горящий огонь, фракталы, снежок, падающий на ёлочку, и так далее. Как увидим ниже, это не только весело, но и позволит испытать ключевой функционал UI фреймворка. Поехали!"
Appcelerator Titanium — что это и как оно там,https://habr.com/ru/articles/95010/,2010,05,40348,"Данная статья посвящена Appcelerator Titanium — платформе для создания мобильных и десктопных кроссплатформенных приложений на JavaScript (HTML+CSS в придачу). Развитие платформы, особенности, варианты использования, личный опыт"
Что такое React Native? Комплексное руководство 2021,https://habr.com/ru/articles/596183/,2021,12,119744,"Вот уже несколько лет React Native является горячей темой в мире мобильной разработки. Неудивительно – он взял мир технологий штурмом, предложив способ разработки мобильных приложений как для iOS, так и для Android одновременно. React Native - единый фреймворк, чтобы управлять ими всеми. ​ React Native был успешно принят сотнями компаний по всему миру, включая Uber, Microsoft и Facebook, и используется во многих других компаниях . Однако, прежде чем вы решите пойти ва-банк с React Native, очень важно понять, как он работает, и решить, лучше ли он подходит для вашего проекта. Каковы его главные преимущества и самые большие недостатки? Чем он отличается от других платформ кросс-разработки? И последнее, но не менее важное: о чем должны знать ваши разработчики, прежде чем они отправятся в путешествие по React Native? В следующей статье мы ответим на эти и другие вопросы – все для того, чтобы вы могли сделать обоснованный выбор и понять, идеально ли React Native подходит для вашего бизнеса."
"Архитектуры ReactNative, Xamarin, PhoneGap и Qt. Часть 1",https://habr.com/ru/companies/microsoft/articles/340116/,2017,10,18357,"Дорогой друг, если ты готов узнать больше про архитектуры популярных кроссплатформенных мобильных фреймворков, именно в этой статье мы проведем их сравнение и определим, для какого класса задач или команд подходит тот или иной инструмент. В первой части рассмотрим общие архитектурные паттерны кроссплатформенных фреймворков, а также архитектуры PhoneGap и ReactNative. Во второй части — фреймворки Xamarin и Qt."
Введение в Brisa: новый подход к веб-разработке,https://habr.com/ru/companies/domclick/articles/859952/,2024,11,6701,"Brisa — это современный веб-фреймворк, который сочетает мощь серверного рендеринга и удобство клиентских компонентов. Он позволяет создавать быстрые, легкие и высокопроизводительные веб-приложения, минимизируя объем JavaScript, отправляемого в браузер. Поддержка веб-компонентов, гибкая интернационализация и возможность кроссплатформенной разработки с помощью Tauri делают Brisa универсальным инструментом для веб-разработчиков. В этой статье мы подробно разберём, как начать работу с Brisa, изучим основные принципы и рассмотрим примеры кода."
React Native vs нативные языки программирования: что выбрать бизнесу?,https://habr.com/ru/articles/732676/,2023,05,9007,"Современные технологии – это истинное благо для любого бизнеса. Но точно так же они могут стать самым настоящим проклятьем. Только представьте. Вы захотели создать собственное мобильное приложение. Идея уже есть, спонсоры найдены, и, казалось бы, выпускай себе приложение и покоряй им мир стандартными «Efficiency, Resilience and Innovation • Trust • Human-Centered approach • Passion • Excellence» . Но в действительности все оказывается куда сложнее. Вы приходите к специалистам и не понимаете, кого слушать. Одни наперебой убеждают вас, что приложение стоит сделать на технологии React Native, а другие упорно доказывают, что нет лучшего решения, чем разработка на Swift/Kotlin. Звучит знакомо? Тогда эта статья точно вам поможет."
Немного о Neutralino.js,https://habr.com/ru/articles/501940/,2020,05,7812,"Что такое Neutralino.js? Данная технология представляет из себя достаточно интересный аналог устоявшихся на данный момент Electron и NodeWebkit . Чем же оно отлично от вышеприведённых технологических решений? Если верить заявлениям предоставленным в официальной документации, то отлична сама используемая архитектура построения приложения, которая позволяет создавать кроссплатформенные приложения на веб-технологиях с достаточно малым размером конечного билда."
С чего начать изучение Flutter в 2021 году,https://habr.com/ru/companies/simbirsoft/articles/547470/,2021,03,19890,"Как и многие мобильные разработчики, мы с нетерпением ждали презентации Flutter и теперь хотим поделиться с читателями Хабра переводом статьи Tadas Petra о том, как можно выстроить свое обучение, если вы хотите познакомиться с Flutter и кроссплатформенными приложениями в 2021 году. Кстати, мы подключились к созданию курса Flutter, и об этом тоже расскажем в конце статьи. Приглашаем прочитать или посмотреть видеоверсию! 2021 год обещает быть очень важным для Flutter. Комьюнити разработчиков продолжает стремительно расти, а 3 марта 2021 года состоялась презентация Flutter Engage . Это делает потенциал Flutter поистине огромным. Однако, чем более популярным становится фреймворк, тем больше людей хотят его “пощупать” и иногда не знают, с чего же, собственно, начать? В данной статье автор постарался создать roadmap и описать несколько ресурсов, которые могут быть полезны для вас."
Вышла Qt Creator 10,https://habr.com/ru/news/725814/,2023,03,3568,"Разработчики опубликовали выпуск интегрированной среды разработки Qt Creator 10.0 для создания кроссплатформенных приложений с использованием библиотеки Qt. Сборки сформированы для Linux, Windows и maсOS."
Haxe: большой секрет кросс-платформенной разработки,https://habr.com/ru/articles/437740/,2019,01,19491,"Современный язык программирования Haxe хорошо известен в определенных кругах, но многие из читающих данный материал возможно никогда о нем и не слышали. Но не позволяйте его нишевому статусу обмануть вас. С тех пор, как он впервые появился в 2005 году, его испытали в бою его лояльные, хотя и довольно тихие, последователи. Он отличается прагматичным и продуманным сочетанием возможностей, подходящих для разработки в бизнесе, играх и даже в академических целях."
11 языков программирования для DevOps и их применение,https://habr.com/ru/companies/first/articles/678994/,2022,07,26756,"Мы составили небольшой список языков программирования, с которыми приходится сталкиваться DevOps-инженерам. Подчеркнем, что это не рейтинг, и здесь нет лучших и худших языков — это лишь описание их возможностей и конкретных примеров применения для DevOps, что может оказаться полезным для новичков."
Переходим на Flutter: за и против,https://habr.com/ru/articles/722466/,2023,03,17758,"Привет, Хабр! Меня зовут Данил Абдрафиков и уже более пяти лет я занимаюсь мобильной разработкой, три из которых — на Flutter. Последние несколько лет я разрабатываю продукты для энтерпрайза в TAGES, и за это время у меня успел накопиться определенный опыт, которым я бы хотел поделиться с вами в сегодняшней статье. Я расскажу, что нужно знать опытному мобильному разработчику для перехода на Flutter, с какими особенностями можно столкнуться и стоит ли вообще переходить на него. Чтобы вам было удобнее знакомиться с инструментами и технологиями, используемыми во Flutter , в материале будут упоминания нативных языков и инструментов, приближенных к привычному представлению процесса мобильной разработки."
Браузерная 3D WebGL игра с возможностью установки в IndexedDB,https://habr.com/ru/articles/268919/,2015,10,19994,
Быстрее нативной разработки: опыт внедрения Flutter в крупной компании,https://habr.com/ru/companies/rshb/articles/533848/,2020,12,8892,"Хотя сообщество мобильных разработчиков давно нахваливает Flutter, большие компании не спешат переходить на эту технологию. Так получилось, что здесь мы стали одними из первых: когда понадобилось быстро выпустить новое приложение, мы взвесили все «за» и «против», опробовали гугловский фреймворк и остались довольны. Чем хорош Flutter, как выстраивается процесс разработки, где искать специалистов, какие нюансы и подводные камни нужно учитывать – обо всём этом расскажем под катом. Поехали."
"Один репозиторий, чтобы править всеми",https://habr.com/ru/companies/deepfoundation/articles/808731/,2024,04,10667,"Собираем кроссплатформенное (server-client, static-client, gh-pages, Android, iOS, macOS, Linux, Windows, Chrome extension, Docker, Kubernetes, ...) React приложение. В этой статье я почти не затрону Deep backend, только чуть-чуть в конце. Но рассмотрю Open Source шаблон/заготовку для сборки кроссплатформенных React приложений который мы используем в Deep.Foundation."
Попробуйте Tauri,https://habr.com/ru/articles/850192/,2024,10,21954,"Хочу рассказать про один из моих любимых Opensource проектов: Tauri . Это среда для создания десктопно-мобильных приложений на JavaScript, но быстрых и легковесных. С опциональными дополнениями на Rust, а через него и на всех других языках."
Почему мы выбрали Electron,https://habr.com/ru/articles/439946/,2019,02,27416,"Предыстория Мы небольшая команда разработчиков, занимаемся созданием нового инструмента для работы с API Testmace . По факту это продвинутый rest клиент с возможностью создавать автоматизированные тесты API с помощью графического интерфейса, оснащенный такими приятными штуками как продвинутый механизм переменных, автокомплит во всех полях ввода и тотальная подсветка синтаксиса. Хочу вам рассказать о том, как мы пришли к Electron как технологии для написания нашего приложения."
Несколько интересностей и полезностей для веб-разработчика #43,https://habr.com/ru/articles/258061/,2015,05,40082,"Доброго времени суток, уважаемые хабравчане. За последнее время я увидел несколько интересных и полезных инструментов/библиотек/событий, которыми хочу поделиться с Хабром. Ramjet Нереально крутой скрипт, который производит морфинг DOM элементов. Выглядит потрясающе! Работает с HTML и SVG элементами, а также с изображениями. Ramjet содержит в себе базовую коллекцию функций анимации и максимально прост в использовании: <div id='a' style='background-color: red; font-size: 4em; padding: 1em;'>a</div>
<div id='b' style='background-color: blue; font-size: 4em; padding: 1em;'>b</div>

<script src='ramjet.js'></script>
<script>
    // to repeat, run this from the console!
    ramjet.transform( a, b );
</script>"
Как мы делали мобильный банк для «Авроры»: особенности разработки для отечественной мобильной ОС,https://habr.com/ru/companies/vtb/articles/490234/,2020,02,12274,"Недавно мы закончили разработку приложения для мобильного интернет-банкинга под ОС «Аврора» — единственную российскую мобильную операционную систему. Всего за пару месяцев мы создали приложение, которое дает доступ ко всем основным услугам банка ВТБ. Через приложение можно оплачивать покупки и услуги, делать переводы на карты и счета, использовать шаблоны платежей и многое другое. В этом посте мы поделимся историей создания приложения и расскажем об особенностях разработки для отечественной мобильной операционной системы."
Игра на QuickTiGame2d в Appcelerator Titanium. Часть 1,https://habr.com/ru/companies/ruswizards/articles/149812/,2012,08,4895,"В настоящее время весьма перспективным направлением в программировании является кроссплатформенная разработка. Познакомившись с различными средствами (Appcelerator Titanium, PhoneGap, moSync), я, всё же, отдаю свои предпочтения Appcelerator Titanium. Titanium позволяет создавать Android и iOS приложения на JavaScript. В настоящее время официальный сайт утверждает, что количество разработчиков на данной платформе достигает 300 000. Интересным моментом является то, что на Titanium можно создавать не только приложения, но и полноценные игры для мобильных устройств. Я бы хотела обратить ваше внимание на двухмерный модуль игрового движка для Titanium Mobile — QuickTiGame2d, основанный на OpenGL ES, который в настоящее время поддерживает разработку для Android и iOS. В данной статье мы рассмотрим процесс установки, а также основные моменты данного движка, а в следующей уже будет непосредственно описано создание небольшой кроссплатформенной игры."
СМАРТ ТВ – будущее телевидения,https://habr.com/ru/companies/simbirsoft/articles/315194/,2016,11,11323,"Привет, Хабр! Сегодня предлагаем обсудить тему рынка Smart TV: рассмотрим перспективность данной технологии, ее ограничения, а также затронем вопросы о рынке разработки приложений для телевизоров."
"Руководство по Node.js, часть 1: общие сведения и начало работы",https://habr.com/ru/companies/ruvds/articles/422893/,2018,09,373009,"Мы начинаем публикацию серии материалов, которые представляют собой поэтапный перевод руководства по Node.js для начинающих. А именно, в данном случае «начинающий» — это тот, кто обладает некоторыми познаниями в области браузерного JavaScript. Он слышал о том, что существует серверная платформа, программы для которой тоже пишут на JS, и хотел бы эту платформу освоить. Возможно, вы найдёте здесь что-то полезное для себя и в том случае, если уже знакомы с Node.js. Кстати, в прошлом году у нас был похожий по масштабам проект , посвящённый bash-скриптам. Тогда мы, после публикации всех запланированных материалов, собрали их в виде PDF-файла . Так же планируется поступить и в этот раз. Сегодня мы обсудим особенности Node.js, начнём знакомство с экосистемой этой платформы и напишем серверный «Hello World». [Советуем почитать] Другие части цикла Часть 1: Общие сведения и начало работы Часть 2: JavaScript, V8, некоторые приёмы разработки Часть 3: Хостинг, REPL, работа с консолью, модули Часть 4: npm, файлы package.json и package-lock.json Часть 5: npm и npx Часть 6: цикл событий, стек вызовов, таймеры Часть 7: асинхронное программирование Часть 8: Руководство по Node.js, часть 8: протоколы HTTP и WebSocket Часть 9: Руководство по Node.js, часть 9: работа с файловой системой Часть 10: Руководство по Node.js, часть 10: стандартные модули, потоки, базы данных, NODE_ENV Полная PDF-версия руководства по Node.js"
Стек MEAN. Пример использования,https://habr.com/ru/companies/piter/articles/279237/,2016,03,31201,"Здравствуйте, уважаемые читатели. Сегодня вашему вниманию предлагается статья о стеке MEAN (Mongo, Express, Angular, Node) который кажется нам перспективной (при этом достаточно модной) темой. Просим высказаться, хотите ли вы увидеть на русском языке книгу об этом стеке. Добро пожаловать под кат."
Полезные материалы для мобильного разработчика #56 (2-8 июня),https://habr.com/ru/articles/225567/,2014,06,14442,"Конечно, главной новостью для мобильных разработчиков стала WWDC и представленная на ней iOS 8, недаром Apple называет следующую версию платформы «главным релизом с момента запуска App Store». Но и кроме этого есть много важной информации: Marmalade стал бесплатным, наконец-то представлен первый смартфон на Tizen и выйдет он, в первую очередь, в России, анонсирован Xamarin 3."
WebAssembly: Как «невозможное» стало реальностью?,https://habr.com/ru/articles/892052/,2025,03,18494,"Представьте, что вы можете запустить Photoshop в браузере без плагинов. Или обрабатывать 4K-видео на слабом смартфоне. А что, если нейросеть на сайте будет работать в 20 раз быстрее? Звучит как фантастика, но это уже реальность благодаря WebAssembly (Wasm). В 2017 году WebAssembly представили как «дополнение» к JavaScript. Сегодня же он становится универсальной средой исполнения для любых задач — от игр до серверных приложений. Как это произошло? Давайте разбираться."
TypeScript в Slack,https://habr.com/ru/articles/326854/,2017,04,10232,"Или как мы перестали беспокоиться и научились доверять компилятору Когда Брендан Эйх создал самую первую версию JavaScript для Netscape Navigator 2.0 всего за десять дней, вряд ли он ожидал, в какой степени Slack Desktop App будет использовать его изобретение. Мы используем только кодовую базу JavaScript для многопоточного десктопного приложения, которое постоянно взаимодействует с нативным кодом и работает под Windows, macOS и Linux. Управлять большими кодовыми базами JavaScript непросто. Всякий раз, когда мы мимоходом передаём объекты из JavaScript браузера Chrome в Objective-C, чтобы просто получить обратный вызов через другой поток на Node.js, нужна гарантия, что все кусочки складываются вместе. В десктопном мире маленькая ошибка может привести к сбою приложения. С этой целью мы внедрили TypeScript (статически типизированное надмножество JavaScript) и быстро поняли, как жить без волнений и с любовью к компилятору. И не только мы: опрос разработчиков на Stack Overflow показывает, что TypeScript является третьей самой любимой технологией программирования . Учитывая, насколько быстро статическая проверка типов набирает ход, мы хотим поделиться нашим опытом и методиками."
Pointer события,https://habr.com/ru/articles/203514/,2013,11,9035,"В каждой избушке — свои игрушки До некоторого момента front-end разработчик при написании javascript кода, рассчитанного на взаимодействие с пользователем, ориентировался лишь на «мышиные» события. Затем появились различные устройства, которые использовали другие формы взаимодействия пользователя с приложением — сенсоры или перо. Типы событий для каждого устройства были предложены индивидуальные. Так, кроме mousedown, mousemove итд., появились touchstart, touchmove и другие события. Такой подход требует наличия альтернативных функций для поддержки нового типа устройства. Это часто порождает проблемы несовместимости, если изначально приложение было расчитано на одно устройство. К тому же, текущие платформы, которые используют сенсорные события, так же реагируют и на некоторые «мышиные» события (например, mousedown) в целях обратной совместимости. Это делает неоднозначным использование таких мышиных событий, нет возможности определить с каким конкретно устройством работает пользователь. Кроме того, есть ряд серьезных отличий в работе мышиных событий на сенсорных устройствах: События мыши возникают только после сенсорных; Наведение мышью (mouseover) и другие аналогичные события не сработают без прикосновения к устройству. Обработчики таких событий должны быть запущены по умолчанию или их нужно заменить на событие 'click' по элементу; События по щелчку не будут запущены при изменении DOM дерева документа; События по щелчку срабатывают не сразу, а, приблизительно, через 300 мс; Touch и mouse события, в некоторых случаях, конфликтуют между собой. В результате, front-end разработчику при написании приложения приходится обрабатывать несколько видов событий, события мыши на десктопных ПК и touch события для сенсорных устройств. Код становится громоздким, процесс разработки — трудоемким…"
Дайджест интересных материалов для мобильного разработчика #159 (20-26 июня),https://habr.com/ru/articles/304136/,2016,06,9848,"Мы продолжаем разбираться с «последствиями» WWDC, разбираем новые примеры кроссплатформенной разработки, выясняем какие ролики самые эффективные для продвижения приложений в разных категориях и поднимаем грабли hardware-стартапа. Добро пожаловать в новый дайджест!"
Дайджест новостей из мира мобильной разработки за последнюю неделю №4 (24 февраля — 3 марта 2013),https://habr.com/ru/companies/apps4all/articles/171411/,2013,03,15011,"На этой неделе вышел новый Facebook SDK для iOS, наконец официально запустился Яндекс.Store, Google анонсировал Google+ Sign-In, появилась первая информация о смартфонах на Firefox OS. Также IDC говорила, что Windows Phone обогнал iOS и вышел на третье место в России по продажам, а Baidu открыла сайт для англоязычных разработчиков, которые хотят выходить на рынок Китая. Все это и многое другое в нашем еженедельном дайджесте."
"Эмодзи?! Нет, не слышал",https://habr.com/ru/companies/badoo/articles/282113/,2016,04,37063,
Дайджест интересных материалов для мобильного разработчика #72 (22-28 сентября),https://habr.com/ru/articles/238429/,2014,09,15287,"Прошедшая неделя запомнилась множеством изменений в правилах Google Play для разработчиков, чехардой с версиями iOS и гнутыми iPhone, локализацией приложений для китайского рынка и интересной историей о распознавании голоса в мобильном приложении."
Снова об Electron или рисуем музыку ВК,https://habr.com/ru/articles/281278/,2016,04,27578,
"Разработчик представил версию Windows 95, написанную на Electron",https://habr.com/ru/news/694490/,2022,10,3650,"Разработчик из команды Slack представил версию операционной системы Windows 95, написанную на Electron. Приложение доступно для Windows, macOS и Linux."
Apple открыла Swift для Android,https://habr.com/ru/companies/bothub/news/960584/,2025,10,4016,"Apple неожиданно открыла язык Swift для Android. Теперь разработчики смогут создавать приложения не только для iOS, но и для Android, используя один и тот же язык программирования. Новый инструмент под названием Swift SDK for Android позволяет перекомпилировать код в Kotlin или Java, то есть в те языки, на которых традиционно работает Android."
React Native для самых маленьких. Опыт мобильной разработки,https://habr.com/ru/companies/oleg-bunin/articles/499636/,2020,05,57904,"Однажды, в одной продуктовой команде захотели разработать мобильное приложение, чтобы проверить гипотезу востребованности продукта и его удобства для пользователей. И то, что в команде не было мобильных разработчиков, не помешало. Два фронтенд-разработчика взяли React Native и за три месяца написали приложение. Тестирование гипотезы прошло успешно, приложение продолжает развивается и вызывает интерес других команд в компании."
"Нативная разработка, React Native и Flutter: критерии выбора",https://habr.com/ru/companies/simbirsoft/articles/460030/,2019,07,34823,"Уже на стадии проектирования мобильного приложения важно понимать, какой язык выгоднее использовать для конкретного проекта. Наряду с нативной разработкой (например, для iOS — Swift или Objective-C, для Android – Java или Kotlin), используются кроссплатформенные фреймворки, такие как React Native и Flutter. Мы в SimbirSoft предлагаем несколько критериев, которые помогут в выборе как бизнесу, так и мобильному разработчику."
Office Add-Ins для Excel — новые возможности для разработчиков на VBA и VSTO,https://habr.com/ru/companies/microsoft/articles/270763/,2015,11,37478,"Предыстория Все началось около четырех лет назад. Работая над очередным проектом по автоматизации бизнес-процессов для крупной российской сети розничной торговли, я заинтересовался разработкой надстроек для офисных приложений, в частности, для Excel. Стоило мне несколько дней понаблюдать, как сотрудники компании-заказчика тратят уйму времени на рутинные повторяющиеся операции, как у меня появилось множество идей о том, как бы я мог упростить им жизнь. В то время, у нас, как у разработчиков, было два способа «расширить» Excel под нетиповые задачи: VBA (Visual Basic for Applications); VSTO (Visual Studio Tools for Office)."
Перспективы развития Flutter,https://habr.com/ru/articles/726836/,2023,04,10629,"Что Flutter ждет в будущем? В этой статье вы узнаете о тех перспективных направлениях разработки, в которые команда Flutter вкладывает средства: еще более высокая скорость обработки графики, полная интеграция мобильных и веб-приложений, ранняя поддержка новых и перспективных архитектур и оперативное реагирование на отзывы разработчиков. Еще вы узнаете о тех рабочих проектах, которые запланированы на ближайшие время."
Универсальный GUI,https://habr.com/ru/articles/244281/,2014,11,84432,"Здравствуйте! Меня зовут Халитов Кирилл, я аспирант из МГУДТ (Московский государственный университет дизайна и технологии (МГУДТ) ). В моей диссертации возникла задача упростить процесс создания интерфейса для локального и веб-приложения и в итоге получился сабж."
Просто Angular,https://habr.com/ru/articles/318682/,2016,12,130183,"Введение 8-9-го декабря 2016 года была проведена первая конференция по Angular в Бельгии. Игор Минар (ведущий разработчик Angular) выступил в качестве основного докладчика с несколькими интересными объявлениями относительно того, по какому графику будет выпускаться Angular. И представьте себе, в марте 2017 года нас ждет релиз Angular 4 . При этом, на данный момент уже опубликована бета-версия . От переводчиков Всем привет, с вами Максим Иванов и Дмитрий Сергиенков , и сегодня мы выясним куда делась третья версия, и почему мы по-прежнему можем быть верны Angular. Сейчас начинающему фронтенд-разработчику, изучающему JavaScript, довольно трудно определиться: какой же фреймворк или библиотеку им взять и изучить, оставаясь в тренде? Конечно, без слова React, сейчас не обходится ни один разговор на тему фронтенда, однако, в свое время я начал с первой версии Angular, начитался много руководств по написанию фронтенда на ES6 (с классами и прочим добром) и до сих пор не жалею. Да, вы можете писать корпоративные приложения с использованием только jQuery, но по мере развития и сложности проекта вы начнете закапывать себя в спагетти-коде, смешивая логику и представление, MV*-фреймворки же этого сделать вам не дадут."
Что ждёт Flutter в будущем,https://habr.com/ru/companies/surfstudio/articles/718500/,2023,02,10974,О чём говорили на конференции Flutter Forward в Найроби: перевод статьи с комментариями разработчиков Surf.
"Архитектуры ReactNative, Xamarin, PhoneGap и Qt. Часть 2",https://habr.com/ru/companies/microsoft/articles/340122/,2017,10,12359,"Продолжаем анализ архитектуры мобильных кроссплатформенных инструментов. Сегодня на повестке дня фреймворки Xamarin и Qt. Напомним, что в первой части мы рассмотрели общие архитектурные паттерны кроссплатформенных фреймворков, а также архитектуры PhoneGap и ReactNative."
"Исполнит ли React Native мечту программиста: единый код для web, android и ios?",https://habr.com/ru/companies/Voximplant/articles/277169/,2016,02,78294,
Fullstack v2: учимся писать UI на Go,https://habr.com/ru/companies/oleg-bunin/articles/865292/,2024,12,11253,"Меня зовут Илья Глухов. Последние 7 лет я пишу на Go. Я люблю этот язык, а ещё люблю задаваться странными, на первый взгляд, вопросами. Например, как разные интересные штуки, которые мы пишем на Go взаимодействуют с пользователем? В классическом бэкенде мы при помощи RPC (Remote Procedure Call), протокола HTTP или разных очередей модифицируем поведение нашей программы. А что насчёт graphic UI? Он же из фронтенда? Или нам так только кажется? Давайте  создадим пользовательский интерфейс (UI) на Go. Выбор решений разнообразен: Gopherjs, gomobile, обёртки для Qt, GTK и много чего ещё. Но если мы хотим добиться кросс-платформенной совместимости для браузеров, мобильных устройств и десктопов, нам нужен универсальный UI. Давайте на практическом примере разберём как создать его на Go."
Первый взгляд на react-native,https://habr.com/ru/articles/346548/,2018,01,24550,"Если вы фронтенд разработчик, да еще и с опытом работы react + redux, то вам определенно стоит обратить внимание на такой интересный инструмент как react-native. Он позволяет разрабатывать кроссплатформенные приложения под ios и android. React-native находится в стадии активного развития и выпускает обновления каждый месяц."
Подробно о Xamarin,https://habr.com/ru/articles/188130/,2013,07,448164,"Вы неплохо владеете языком C# и платформой .NET в целом? Вам надоело стоять в стороне и смотреть, как кто-то другой пишет крутые мобильные приложения вместо вас? У меня есть для вас кое-что интересное! То, что поможет вам изменить сложившуюся ситуацию и позволит писать отличные мобильные приложения, не требуя отдельного изучения Objective-C и Java. Я расскажу вам о продукте Xamarin. Подробно и правдиво. Что это? Xamarin — это фреймворк для кроссплатформенной разработки мобильных приложений (iOS, Android, Windows Phone) с использованием языка C#. Идея очень простая. Вы пишете код на своем любимом языке, с применением всех привычных для вас языковых фич типо LINQ, лямбда-выражений, Generic`ов и async`ов. При этом вы имеете полный доступ ко всем возможностям SDK платформы и родному механизму создания UI, получая на выходе приложение, которое, строго говоря, ничем не отличается от нативных и (по крайней мере по заверениям) не уступает им в производительности. Фреймворк состоит из нескольких основных частей:"
Как мы переходили с Xamarin на Flutter,https://habr.com/ru/articles/828656/,2024,07,5583,"Всем привет! Меня зовут Виктор , я представляю одну из команд мобильной разработки компании DD Planet. В этой статье расскажу о своем личном опыте и опыте нашей команды по переходу с кроссплатформенного фреймворка Xamarin Native на Flutter."
6 впечатляющих веб-технологий 2015 года,https://habr.com/ru/companies/plarium/articles/277485/,2016,02,54745,"2015 год выдался богатым на нововведения, связанные с улучшениями веб-платформы. Аксель Рошмайер рассматривает 6 технологий, которые ему кажутся наиболее интересными: 1. Electron; 2. React Native; 3. Прогрессивные веб-приложения; 4. Visual Studio Code; 5. Rollup; 6. WebAssembly."
Flutter: история успеха,https://habr.com/ru/companies/friflex/articles/806315/,2024,04,6727,"Кроссплатформенный фреймворк Flutter появился в 2017 году. С тех пор он стал одним из самых популярных инструментов для разработки мобильных приложений. Мы в Friflex работаем с Flutter с первого релиза, следим за его развитием и каждый год проводим большую конференцию о кроссплатформенной разработке — CrossConf. В этой статье вспоминаем историю фреймворка. А еще делимся, как с ним познакомились наши разработчики."
"Новые бесплатные курсы виртуальной академии Microsoft Virtual Academy, май 2015",https://habr.com/ru/companies/microsoft/articles/259785/,2015,06,18688,"В этом обзоре мы поговорим про бесплатные курсы виртуальной академии Microsoft MVA , которые будут полезны как профессиональным разработчикам программного обеспечения и ИТ-про, так и новичкам. Некоторые курсы предлагают бесплатную подготовку к официальным сертификационным экзаменам. Обратите внимание, что видео-плеер на сайте для ряда курсов, которые созданы на английском языке, содержит возможность включить русские субтитры. Абсолютным хитом этого месяца является курс Дмитрия Сошникова «Как научить ребенка программировать» . Этот обзорный курс рассматривает множество технологий, которые могут помочь вам увлечь ребенка компьютерами и программированием. Не претендуя на методическую полноту и на исчерпывающий рассказ про технологии, этот курс даст вам правильные ссылки и идеи, благодаря которым вы сможете много часов провести вместе с ребенком у компьютера, изучая и творя вместе с ним."
Трасси… что? Доклад Яндекса,https://habr.com/ru/companies/yandex/articles/556510/,2021,05,13852,"Отладка приложения занимает бо́льшую часть нашего времени. Кто-то пользуется DevTools, кто-то обходится обычным console.log, кто-то использует профайлеры. Зачастую этих инструментов более чем достаточно. Но есть еще один, не такой известный и популярный в JavaScript-мире. О нем я и рассказал в докладе. — Всем привет! Надеюсь, вы бодры, веселы, перекусили, заварили себе кофейку, потому что сейчас будет очень интересная и при этом доступная тема: «Трасси… что?». Правильнее было бы называть доклад «Трасси… что-о-о?!», но не будем так."
Мобильная разработка за неделю #580 (17— 23 марта),https://habr.com/ru/articles/893518/,2025,03,1009,"В этой еженедельной подборке оптимизация производительности iOS-приложений и реактивное профилирование Android-приложений, полезные библиотеки для React-приложений 2025 и вопросы о размерах пальцев и кнопочек, последствия «вайб кодинга», соединение точек, многомодульные библиотеки и многое другое. Заходите!"
NodeGUI,https://habr.com/ru/articles/529056/,2021,01,9046,"NodeGUI — фреймворк, который позволяет писать нативные кроссплатформенные десктопные приложения. Под капотом он использует Qt для отрисовки интерфейса. Есть возможность подключить React или Vue . Также существует имплементация с Angular от irustm . Эта статья будет опираться именно на версию с React. Запуск и настройка Сначала необходимо установить cmake . Склонируем готовый шаблон от разработчиков и запустим его. npm install
npm run dev
npm start Чтобы приложение пересобиралось каждый раз, как в код вносятся изменения, к компоненту app подключается hot reload. if (module.hot) {
 module.hot.accept(['./app'], function () {
   Renderer.forceUpdate();
 });
} К сожалению, если сохранить файл с какими-либо синтаксическими ошибками, сборка упадет и придется поднимать приложение заново. К тому же, указанный компонент обязательно должен быть классовым (только app, любые его дочерние компоненты могут быть функциональными)."
Дайджест интересных материалов для мобильного разработчика #447 (13 — 19 июня),https://habr.com/ru/companies/productivity_inside/articles/672240/,2022,06,2816,"В новом выпуске вопросы MVI и модульности, ада зависимостей и рефакторинга Музыки, собеседований, математики, персон, пользователей, ARPDAU, рынка приложений 2026 и много другого. Подключайтесь! Подключайтесь к нашему Telegram-каналу Mobile Insights , где подборки статей и новостей выходят каждый день."
Несколько интересностей и полезностей для веб-разработчика #11,https://habr.com/ru/articles/212689/,2014,02,35861,"Доброго времени суток, уважаемые хабравчане. За последнее время я увидел несколько интересных и полезных инструментов/библиотек/событий, которыми хочу поделиться с Хабром. Node App Вы когда нибудь задумывались о возможности писать приложения для iOS и OSX на Node.js? А проект, позволяющий решить эту задачу уже есть. Более того часть (хоть и маленькая) функционала доступна уже сейчас. Пишу о проекте с мыслями о том, что хабраобщество значимая единица социального коддинга… Scala.js Существует достаточно много разработчиков, предпочитающих создавать веб на Scala, но JavaScript остается самым популярным языком программирования. Видимо, поэтому на свет появился Scala.js — компилятор Scala в JavaScript с очень проработанной функциональной совместимостью. Hackathon Starter Замечательный boilerplate для Node.js проектов. Базовая регистрация через email, авторизация по OAuth (Twitter, Facebook, GitHub, Google), красивые уведомления на animate.css, автокомпиляция LESS, Bootstrap 3 + Flat UI + iOS7 Theme, контактная форма и стандартный функционал управления аккаунтом."
Flutter I — Введение и установка,https://habr.com/ru/articles/311412/,2016,09,73033,"Flutter — новый инструмент от Google, позволяющий разработчикам писать кроссплатформенные приложения, которые можно запускать на различных системах (например, на Android или iOS) с общей кодовой базой. Сам инструмент написан на C и C++. Предоставляет движок для 2D рендеринга, React-подобный FRP фреймворк и набор виджетов в стиле Material Design. На данный момент распространяется версия alpha:0.0.20, но несмотря на довольно ""сырую"" версию, уже можно создавать продвинутый интерфейс, работать с сетью и даже с файловой системой."
Flutter VS React Native,https://habr.com/ru/articles/771930/,2023,11,19926,"Многие мобильные компании вкладывают значительные средства, чтобы быть на вершине конкуренции, поскольку технологии развиваются очень быстро. Каждая компания хочет увеличить свои продажи по сравнению с компанией-конкурентом. На рынке электроники появляются новые мобильные телефоны с широкими возможностями и низкими ценами. Поскольку мобильные телефоны становятся умнее, пользователи также становятся умнее с каждым днем. Каждый клиент перед выбором и покупкой изучает его функции и используемые технологии. Когда дело доходит до разработки ОС Android и iOS, каждая компания задумывается о том, как лучше всего предоставить своим клиентам мобильное приложение с превосходным пользовательским интерфейсом (пользовательский интерфейс) и выдающимся UX (пользовательский опыт). Компании стараются предоставлять приложения, совместимые с несколькими платформами и позволяющие быстрее разрабатывать их в одном месте. Затем на место приходят Flutter и RN (React Native). Оба являются кроссплатформенными платформами для разработки мобильных приложений."
Oracle столкнулась с восстанием клиентов Java после «хищнических» изменений цен,https://habr.com/ru/news/878904/,2025,02,7252,"Согласно исследованию независимой фирмы Dimensional Research, лишь один из десяти клиентов Oracle Java продолжит пользоваться продуктом после изменений в лицензировании в январе 2023 года. Доля пользователей, рассматривающих возможность перехода на альтернативные виртуальные машины Java (JVM) или комплекты разработки (JDK) на основе открытого кода, увеличилась с 72% в 2023 году до 88% в 2024-м. Во Франции она достигла 92%, а в Германии — 95%."
Что нужно знать о популярных JS-фреймворках,https://habr.com/ru/companies/yandex_praktikum/articles/533702/,2020,12,85820,"Привет! Меня зовут Дима Чудинов, я наставник на веб-факультете Яндекс.Практикума, Head of Group, Front-end, ABBYY. Студенты недавно задали мне вопрос: «Что лучше: Angular или React?». Я начал отвечать и понял, что мне понадобится для этого статья. Позже я понял, что и одной статьи не хватит. О том, какой фреймворк выбрать, я расскажу в другой раз. А в этой статье опишу историю создания фреймворков и их особенности. Выбрать рабочий инструмент статья не поможет. Зато поможет вести споры с другими разработчиками на кухне (если не будет карантина) и в сети. Статья будет полезна новичкам, которые только начинают своё знакомство с фреймворками и библиотеками, и поможет взглянуть на «зоопарк» веб-технологий сверху."
"«Через год-два .NET Core потеснит Java на рынке enterprise решений», — Интервью с Jon Skeet, Google",https://habr.com/ru/companies/jugru/articles/327492/,2017,04,80397,"Наверняка вы знаете, кто такой Джон Скит: №1 на Stack Overflow , автор C# in Depth (одной из лучших книг по .NET), разработчик в Google и 14-кратный MVP. Разработчиков такого масштаба не так много, хватит двух порядков, чтобы их всех перечислить. 19-20 мая Джон приедет в Петербург и выступит на DotNext 2017 Piter . Мне удалось пообщаться с Джоном и взять у него большое интервью по поводу судьбы .NET, .NET Core, нововведений в C# 7 и общем уровне развития среднего разработчика в 2017 году. Если говорить конкретно, то обсудили следующие вопросы: Общее направление развития .NET и ошибки Microsoft; Чего ждать от .NET Core в ближайшем будущем; Стоит ли мигрировать на .NET Core, если у вас легаси на .NET Framework; Проблемы и победы .NET на поприще кроссплатформенности; Java vs .NET на рынке enterprise решений; Чем хороши tuples и pattern matching в С# 7, а что стоило сделать иначе; Небольшие, но приятные фичи C# 7; Деградация сообщества разработчиков (и есть ли она); Правильный подход к диагностике багов и постановке правильных вопросов на SO; Гайд по изучению новых языков и платформ; Проблемы с базовыми типами: числа, текст, дата и время; Интервью получилось очень большое, но мне кажется, оно стоит каждой потраченной на него минуты."
Google анонсировала Project IDX — облачную IDE на базе VS Code с искусственным интеллектом,https://habr.com/ru/news/753400/,2023,08,9767,"Google анонсировала облачную среду разработки Project IDX, предназначенную для разработки мобильных и веб-приложений. Инструмент построен на базе VS Code с использованием генеративных моделей искусственного интеллекта."
Подборка расширений для разработчиков,https://habr.com/ru/companies/usetech/articles/696686/,2022,11,10343,"Всем привет, меня зовут Кирилл Мыльников, я frontend разработчик в ГК Юзтех. Сегодня хочу рассказать о расширениях для разработчиков в Google Chrome."
Язык программирования Monkey,https://habr.com/ru/articles/159377/,2012,11,34571,"Всем привет! В этой статье я хотел бы рассказать о Monkey — языке программирования, направленного, в первую очередь, на создание кроссплатформенных 2D-игр. Этот инструмент, на мой взгляд, несколько незаслуженно обделен вниманием разработчиков и я хотел бы это исправить. Monkey ни в коем случае не является «убийцей» Unity и других подобных инструментов. Но он может заинтересовать начинающих, а также независимых разработчиков игр, чей бюджет в значительной степени ограничен. Если мне удалось вас заинтересовать, добро пожаловать под кат."
От Web до Desktop за 2 недели: технология Electron на практике,https://habr.com/ru/companies/vk/articles/689980/,2022,09,12480,"Если у вас есть компьютер и вы используете его по назначению, то скорее всего вы так или иначе работали с приложениями на Electron (даже если об этом не знали). Меня зовут Сергей Володин, я руковожу командой разработки VK WorkMail. В этой статье я расскажу, как на основе Electron мы за две недели создали PoC кроссплатформенного настольного приложения Почты, что узнали о технологии и к каким выводам пришли."
Flutter Web. Часть 1,https://habr.com/ru/companies/surfstudio/articles/840606/,2024,09,8063,"Как работает Flutter Web, и есть ли особенности взаимодействия с платформой? Разбираемся с этим в серии статей. Эта — первая."
Меняю свой стек с понедельника,https://habr.com/ru/companies/ruvds/articles/514194/,2020,08,18582,"Приветствую, коллега! Примерно за год до момента написания этой статьи мне начало казаться, что я начал выгорать. Работа, уже давно превратившаяся в ремесло, перестала приносить то студенческое чувство первооткрытия, знакомое каждому программисту, приносящее эйфорию. Ради этого чувства, ради новых знаний я когда-то просиживал за монитором по 18 часов в сутки. Это давно прошло… но недавно я испытал это чувство снова! Сначала оно было тихим, непривычным из-за длительного перерыва, но со временем оно разгорелось и заполыхало! Если вы такой же, как и я, программист со стажем около от 12 лет, возрастом в районе 30 лет, задержавшийся в своем родном стойле стеке (особенно если это C# .Net MVC), то приглашаю под кат. Тем, кто моложе — думаю тоже будет полезно, чтобы заранее быть готовыми."
Радость Haxe. Роман с обделенным вниманием языком программирования,https://habr.com/ru/articles/432750/,2018,12,7318,"Привет, Хабр! Представляю вашему вниманию перевод статьи The Joy of Haxe. FontStruct’s love affair with a neglected programming language . Довольно грубая попытка воспроизвести логотип Haxe в редакторе шрифтов FontStruct Недавно мы открыли исходный код наиболее важной части нашего модуля для создания шрифтов. Это библиотека fonthx для создания TrueType-шрифтов, и написана она на Haxe . В данной статье практически нет кода. Если же вас интересует только код, то ознакомиться с ним можно на github , а его работа показана на примере простейшего редактора пиксельных шрифтов, построенного с использованием библиотеки fonthx."
Qt 5.3: низкий старт в мобильной кроссплатформе,https://habr.com/ru/articles/231143/,2014,07,39148,"Приветствую всех, кому интересна кроссплатформенная разработка для мобильных устройств! До недавнего времени относился с огромным скепсисом к инструментариям, позволяющим создавать ненативные приложения, которые работали бы сразу на ряде платформ. Однако в один момент любопытство и желание попробовать что-то новое всё же перевесили сдерживающий рассудок. Выбор пал на Qt 5.3. Почему? Потому что Qt открыт и бесплатен для некоммерческого и коммерческого (под лицензией LGPL) использования, имеет продолжительную историю (вышел в свет в 1996 году) и достаточное количество качественных проектов (навскидку — Skype, приложения 2ГИС), реализованных с использованием данных библиотек. Цель публикации — познакомить читателей с мобильной разработкой на последней версии Qt: показать реализацию основных элементов клиент-серверных приложений и осветить возможные «подводные камни» при работе с библиотеками Qt. Требуемый уровень подготовки и опыта — минимальный (знание основ C++, элементарное умение конфигурации локального сервера). Материал для удобства восприятия разбит на 4 части: «Подводные камни», История одного проекта и работа над ошибками, Основы клиент-серверной разработки, Резюме."
Новшества node-webkit версии 0.3.6,https://habr.com/ru/articles/163045/,2012,12,15199,"Roger Wang 14 декабря объявил о выходе новой версии движка node-webkit — созданного в недрах Intel Open Source Technology Center мощного сочетания WebKit и Node.js, позволяющего создавать кросс-платформенные графические приложения методом веборазработки на языках HTML, CSS и JavaScript. Новая версия имеет номер 0.3.6 и выглядит вот как: По сравнению с версией 0.3.0, которую я обозревал в октябре , за последние два месяца случались только небольшие изменения, заслуживающие не более чем последней цифры в номере версии node-webkit. Зато изменений этих накопилось порядочно. Прежде всего нетрудно заметить, что окна утратили «округлый» и «синенький» вид, похожий на Google Chrome, а вместо того вновь обрели общесистемный вид и форму. (На иллюстрации я привожу вид окна в Windows XP.) Также вернулся значок в заголовке окна. (Для сегодняшней демонстрации я поместил туда значок сайта Хабрахабра.) Вот список остальных новшеств этой версии (по сравнению с 0.3.0):"
Разработка плагина для PhoneGap,https://habr.com/ru/companies/ruswizards/articles/150689/,2012,09,15979,"В настоящее время развитие кроссплатформенной разработки мобильных приложений набирает всё большие обороты. В этой статье я бы хотела обратить внимание на еще одно средство для реализации таких приложений — PhoneGap. Это бесплатный фреймворк с открытым исходным кодом для создания мобильных приложений. PhoneGap позволяет создавать iOS, Android, Windows Phone, BlackBerry, Bada, Symbian, webOS приложения на HTML с использованием JavaScript. Количество скачиваний данного фреймворка уже привысило 1 миллион, а количество разработчиков достигает 400 000."
Почему я ушёл с React Native и перешёл во Flutter: Часть 2,https://habr.com/ru/companies/surfstudio/articles/525688/,2020,11,8698,"Всем привет. Меня зовут Дмитрий Андриянов. Два года я писал на React Native, сейчас работаю в Surf во Flutter отделе и уже более полутора лет пишу на Flutter. В первой части статьи я рассказал про основные различия между React Native и Flutter. В этой части расскажу про различия между React Native и Flutter при создании UI для Android и iOS."
"Как стать Flutter-разработчиком, или Почему кроссплатформа сейчас — это лучший выбор",https://habr.com/ru/articles/695568/,2022,10,20291,"Hola, Amigos! На связи Александр Чаплыгин, Flutter Dev. В разработке я 3 года, сейчас работаю в компании по заказной мобильной разработке, за последний год делал проекты для частного медицинского центра, системы маркировок и нескольких стартапов. По свежим следам хочу рассказать о том, как попасть в мобильные разработчики, поделюсь личным опытом взлетов и факапов, приложу чек-лист по устранению ошибок новичка. Если вы начинающий специалист — эта статья для вас. Также полезно почитать заказчикам мобильных приложений, чтобы погрузиться во внутреннюю кухню проектов и команды."
Node.js + Chromium = AppJS: один из перспективных вариантов второго шага эволюции веборазработчика,https://habr.com/ru/articles/153013/,2012,10,35263,"Сейчас мы с вами немного поговорим о том, как недавнее появление нового инструмента и связанных с ним возможностей открывает перед современными веборазработчиками возможность достаточно быстро эволюционировать, переходить на новые уровни, обретать новые профессиональные навыки, осваивать новые области созидательного труда. Таким инструментом является Node.js и растущая вокруг него инфраструктура. Первый шаг эволюции веборазработчика совершается тогда, когда разработчик знакомится с Node.js и тотчас же постигает, что ему теперь достаточно воспользоваться знанием джаваскрипта и изучить довольно простой API Node, чтобы немедленно получить возможность сочинять не одни только скрипты для сайтов, но также и консольные приложения, и даже серверные (в частности, вебсерверные). Исторически это не первый из таких инструментов. Каждый из нас может вспомнить, что были и до появления Node.js попытки создать движок для удобного программирования на джаваскрипте ( Windows Script Host , Rhino , JSDB , и так далее). Однако только у Node мы видим и достаточно быстрый движок (V8), и кросс-платформенность, и простой API, и превеликое множество дополнительных модулей . Сочетание этих достоинств делает Node удачным и удобным. Второй шаг эволюции веборазработчика совершается тогда, когда знание языка JavaScript (а также других веботехнологий — прежде всего CSS и HTML или XML) становится можно применять для разработки ещё и приложений с графическим интерфейсом пользователя — то есть с GUI. Многие производители создавали средства вебоподобной разработки GUI-приложений. Здесь можно припомнить с десяток более или менее успешных попыток достигнуть желаемого. Фонд Мозиллы придумал сперва XUL и XULRunner , а затем и целую операционную систему — Firefox OS . «Хьюлетт-Паккард» выпустил webOS (с недавних пор — Open webOS ). Google придумал Google Chrome OS . Ещё можно вспомнить, что у Qt есть основанный на JavaScript язык разметки GUI — QML называется. Развиваются PhoneGap , Appcelerator Titanium , Adobe AIR и другие средства вебоподобного программирования кросс-платформенных приложений. Часть вышеперечисленных решений родилась на свет увесистою (например, когда для запуска вебоподобного приложения требуется крупная виртуальная машина или даже новая операционная система). Большинство из них также потребует от программиста выучить некоторый API, иногда довольно корявый и страшный (например, XPCOM для XULRunner), но даже когда такой API достаточно изящен, то всё же изучение его требует усилий. Чем больше он умеет, тем более обширным окажется API. Между тем, если на первом шаге своей эволюции веборазработчик успел выучить API от Node.js — нет ли возможности опереться на это знание и не учить в дальнейшем ничего лишнего? Второй шаг эволюции веборазработчика становится естественным продолжением первого, если разметка и оформление вебоподобного приложения задаются при помощи HTML и CSS, а поведение — при помощи JavaScript, причём «под капотом» работает ужé известный разработчику движок Node.js. В частности, если воспользоваться AppJS , то тогда объектная модель (DOM) демонстрируемой «страницы» содержит под именем window.node глобальный объект Node.js, и мы можем без труда прочесть в window.node.process.versions.node версию Node, в window.node.process.arch — архитектуру процессора, в window.node.process.platform — платформу, и вывести какое-нибудь такое сообщение в окне нашего графического приложения:"
Flutter 3.22 — наше мнение,https://habr.com/ru/companies/surfstudio/articles/816231/,2024,05,5723,"14 мая Flutter зарелизили новую версию 3.22. Подробнее об этом тут (мы всё заботливо перевели и художественно отредактировали), оригинал здесь . Наша Flutter-команда не могла остаться в стороне и уже опробовала новинку. Делимся мнением."
Продуктивность в разработке Office Add-ins,https://habr.com/ru/companies/microsoft/articles/279735/,2016,03,4851,"В разговорах об Office Add-ins (надстройки Office) часто упоминается «продуктивность». Это логично, ведь главная цель разработчиков – повышение продуктивности в работе конечных пользователей. Но продуктивность важна и для самих разработчиков. Эта статья о продуктивности в разработке. Речь пойдёт о новом JavaScript API для Office и о том, какие инструменты мы применяем для создания новых решений."
Flutter Web. Часть 2,https://habr.com/ru/companies/surfstudio/articles/856986/,2024,11,3027,"Привет, меня зовут Максим, я Flutter-разработчик в компании Surf. Мы продолжаем рассказывать про Flutter Web. И это вторая статья."
От документа к проекту: как Wrike создавал дополнение для Office 365,https://habr.com/ru/companies/microsoft/articles/279873/,2016,03,4660,"Продуктивность уверенно входит в топ трендов последних лет и является еще более востребованным в 2016ом, причем включая в себя такие направления как Collaborative Software, Smart Virtual Personal Assistants,Bots и многие другие… В данной статье мы расскажем о том, как компания Wrike расширила свое решение и реализовала Add-In для Office, а так же поделимся опытом его разработки. Хочу поблагодарить за подготовку статьи Аркадия Рушкевича (Ведущий менеджер продукта) и Владимира Дупелева (Руководитель группы разработки ПО) Недавно сервис для управления проектами Wrike анонсировал сразу несколько интеграций с продуктами Microsoft. Теперь можно авторизоваться в сервисе с корпоративным логином Azure Active Directory , добавлять в задачи файлы из OneDrive для бизнеса и установить дополнение Wrike в Office 365. Последнее — пожалуй, самое важное с точки зрения продуктивности на рабочем месте. Мы решили рассказать о том, зачем системе управления проектами понадобилась интеграция с офисными приложениями, и поделиться опытом разработки надстройки для Office ."
Почему я ушёл с React Native и перешёл во Flutter: Часть 2,https://habr.com/ru/companies/surfstudio/articles/525688/,2020,11,8698,"Всем привет. Меня зовут Дмитрий Андриянов. Два года я писал на React Native, сейчас работаю в Surf во Flutter отделе и уже более полутора лет пишу на Flutter. В первой части статьи я рассказал про основные различия между React Native и Flutter. В этой части расскажу про различия между React Native и Flutter при создании UI для Android и iOS."
Kotlin Multiplatform: как писать код один раз и покорить все платформы,https://habr.com/ru/companies/otus/articles/908940/,2025,05,4619,"Kotlin Multiplatform — это подход, который позволяет делить до 80% кода между Android, iOS, backend и вебом, не жертвуя нативностью. В статье — без лишнего пафоса о том, как устроена архитектура KMP, чем она отличается от Flutter и React Native, как работает сборка, где границы общего и платформенного кода и почему это решение подходит командам, стремящимся к эффективности без компромиссов."
Как написать свою маленькую ОС,https://habr.com/ru/companies/ruvds/articles/796087/,2024,03,50743,"Большое начинается с малого. Например, ядро Linux 0.0.1 состояло всего из 10 239 строк кода, из них 20% комментарии. Такой проект вполне может осилить студент в качестве курсовой или дипломной работы, программируя по вечерам на домашнем ПК (собственно, Линус и написал его во время учёбы в университете, когда вернулся из армии). Если один студент смог это сделать тогда, то почему нельзя повторить? И действительно, в интернете есть даже специальные обучающие ресурсы для написания новых ОС и целые сообщества энтузиастов, которые помогают друг другу в этом непростом деле."
Несколько интересностей и полезностей для веб-разработчика #40,https://habr.com/ru/articles/251759/,2015,03,72241,"Доброго времени суток, уважаемые хабравчане. За последнее время я увидел несколько интересных и полезных инструментов/библиотек/событий, которыми хочу поделиться с Хабром. NativeScript Открытый фреймворк для создания мобильных приложений под iOS, Android и Windows Phone основанный на NodeJS. И весь цимус в том, что это не очередная кроссплатформенная оболочка над WebView (аля PhoneGap), NativeScript со слов разработчиков обеспечивает на JavaScript такие же возможности, какие обеспечивают нативные Objective-C, Java или .NET. Также хочу упомянуть о NW.js , который до появления IO.js назывался Node-Webkit. Проект по такому же принципу позволяет писать десктопные приложения под Windows, Mac и Linux с помощью веб-технологий. Более того микроконтроллеры, умные дома, интернет вещей, Oculus Rift, Nest выпускают API на JS. Вспоминая все эти новости, хочется сказать, что JavaScript все чаще и чаще представляется как унифицированное средство для кроссплатформенной разработки."
Новшества node-webkit версии 0.3.6,https://habr.com/ru/articles/163045/,2012,12,15199,"Roger Wang 14 декабря объявил о выходе новой версии движка node-webkit — созданного в недрах Intel Open Source Technology Center мощного сочетания WebKit и Node.js, позволяющего создавать кросс-платформенные графические приложения методом веборазработки на языках HTML, CSS и JavaScript. Новая версия имеет номер 0.3.6 и выглядит вот как: По сравнению с версией 0.3.0, которую я обозревал в октябре , за последние два месяца случались только небольшие изменения, заслуживающие не более чем последней цифры в номере версии node-webkit. Зато изменений этих накопилось порядочно. Прежде всего нетрудно заметить, что окна утратили «округлый» и «синенький» вид, похожий на Google Chrome, а вместо того вновь обрели общесистемный вид и форму. (На иллюстрации я привожу вид окна в Windows XP.) Также вернулся значок в заголовке окна. (Для сегодняшней демонстрации я поместил туда значок сайта Хабрахабра.) Вот список остальных новшеств этой версии (по сравнению с 0.3.0):"
«JS становится более зрелым»: интервью с программным комитетом HolyJS 2018 Moscow,https://habr.com/ru/companies/jugru/articles/430854/,2018,11,5171,"Как JS-разработчик может провести время на выходных лениво, но в то же время с пользой? Посмотреть онлайн-трансляцию HolyJS: и что-то новое узнаешь, и выходить из дома не придётся. А в преддверии конференции мы задали вопросы программному комитету HolyJS: людям, от которых зависит, какие доклады можно будет увидеть. Как они сами видят правильную программу «конференции для JS-разработчиков»? Что в неё может попасть, а что нет? Как борются со сложностями? В разговоре поучаствовали: Евгений bunopus Кот Дмитрий DmitryMakhnev Махнёв Вадим bmsdave Горбачёв Алексей zolotyh Золотых Андрей real_ales Дмитриев Помимо них над программой также работали Екатерина cakeinpanic Павленко и Михаил v1r Полубояринов ."
$mol_app_calc: вечеринка электронных таблиц,https://habr.com/ru/articles/338804/,2017,09,7415,"Здравствуйте, меня зовут Дмитрий Карловский и я… обожаю математику. Однажды мне не спалось и я запилил сервис для таких же отбитых как и я — легковесную электронную таблицу с пользовательскими формулами, шарингом и скачиванием . Живой пример с расчётом кредита: А дальше я расскажу, как сотворить такое же за вечер используя фреймворк $mol ..."
О чём расскажут на TechTrain 2022 Spring,https://habr.com/ru/companies/jugru/articles/663398/,2022,04,1393,"14 мая мы проведём онлайн-фестиваль TechTrain , участие бесплатно (надо только зарегистрироваться). Там будет восемь докладов, и их набор очень эклектичный. Потому что ещё мы проводим самые разные IT-конференции (от Java до дата-инжиниринга), и TechTrain связан со всеми их направлениями сразу: от каждого будет по одному докладу. Вряд ли вы станете смотреть всю эту пёструю подборку целиком (кому важны одновременно Node.js, Spring Data, WebRTC и Selenide?) Но вот шансы на то, что среди такого разнообразия есть что-то для вас, высоки. Поэтому публикуем всю эту программу: можно пробежаться глазами по названиям докладов, и где оно заинтересует — там изучить описание подробнее. А заодно в конце каждого описания мы указали, с какой из наших конференций связан доклад: возможно, вы захотите не только на бесплатный TechTrain , но и туда, где больше подобных докладов."
"PWA vs Native: чек-лист, который поможет выбрать",https://habr.com/ru/companies/agima/articles/760698/,2023,09,8466,"Привет! Меня зовут Никита Грибков, я работаю Flutter-разработчиком в AGIMA. Мы с командой часто консультируем заказчиков о том, какой тип приложения им выбрать: нативное, кросс-платформенное или PWA. Я решил упростить себе работу и написать об этом статью. Но поскольку о разнице между кросс-платформой и нативом мы уже писали, сосредоточусь на разнице между нативом и PWA."
".NET Server Core, кросс-платформенная разработка, Visual Studio 2015 и другие анонсы Microsoft Connect()",https://habr.com/ru/companies/microsoft/articles/243067/,2014,11,86017,
Node.js + Chromium = node-webkit: ещё более перспективный вариант второго шага эволюции веборазработчика,https://habr.com/ru/articles/153095/,2012,10,47565,
Отладка Office Add-ins на iOS (iPad),https://habr.com/ru/companies/microsoft/articles/280898/,2016,04,4035,"В прошлой статье я рассказал про опыт разработки Office Add-in за один день. Итогом того дня стала работающая и готовая к публикации в Office Store надстройка XLTools Календарь . Тогда я ожидал, что надстройка Excel , разработанная и протестированная под desktop-версией, заработает и в Excel для iPad и для Web. API везде одинаковый, следовательно, и код, использующий это API, должен работать одинаково, тем более, у меня уже был ряд Add-ins, которые заработали на всех платформах без дополнительных изменений. С календарем такого не произошло, и я познал горечь «провала» с публикаций в Office Store . В этой статье я расскажу, почему надстройка XLTools.net Calendar не прошла проверку с первого раза, и как этого избежать. Первая публикация в Office Store «комом»"
Выходим за пределы JVM. Объясняем на крестиках-ноликах чем хорош Kotlin Multiplatform,https://habr.com/ru/companies/rostelecom/articles/682160/,2022,08,15040,"Какой есть общий недостаток у мобильной, front-end и back-end разработки и иногда распила микросервисов? Дублирование логики. Очень часто я видел статьи или новости, где одна команда мобильных разработчиков ждет другую, чтобы выкатить релиз. И если с мобильными версиями более-менее все понятно и есть решения, то что делать с браузером? Очень часто логику работы приложения нужно поддержать и там. Что делать, если хочется писать нативный код и при этом не иметь дублей реализации — на этот вопрос я постараюсь ответить подробно в данной статье. В процессе чтения можно будет познакомиться с технологией Kotlin Multiplatform и создать полноценный проект всем известной игры «Крестики-нолики» на трех самых популярных платформах Browser (JS), iOS (Swift) и Android (Java) с общей логикой на Kotlin."
Краткий обзор возможностей и новшеств MDM Zinc 4.0,https://habr.com/ru/articles/132995/,2011,11,5328,"Что такое Zinc? Цинк (англ. Zinc, укр. Цинк) — химический элемент Zn с атомной массой 65,38; цинк применяется для оцинкования стальной продукции с целью предотвращения ее коррозии. Шутка;) Но в нашем случае, Zinc – это среда разработки, в виде надстройки над Adobe ® Flash, предназначеная для интеграции flash-приложений и быстрой разработки desktop-приложений под Win, Mac OC и Linux. Zinc конвертирует файлы swf в исполняемые exe – файлы. С помощью Zinc можно создавать собственные скринсейверы, записные книжки, FTP-клиенты, MP3-плееры. Zinc-приложения легко переносятся на компьютеры под управлением ОС Windows, Mac OC и Linux."
Ajax-машина,https://habr.com/ru/articles/40023/,2008,09,4114,"Знали ли разработчики LiveScript из Netscape о том, какое влияние окажет их язык, позже переименованный в JavaScript, на лицо интернета — веб-сайты, или, может быть, они твердо на это рассчитывали, но факт остается фактом — JavaScript на сегодняшний день является одним из самых важных и распространенных языков в мире. В то время, как на стороне сервера трудится разношерстная компания языков в лице php, perl, python, ruby, .net, java и многих других, на стороне клиента JavaScript существует буквально в гордом одиночестве. Фактически, из маленького дополнения к html, JavaScript превратился в полноправного члена банды «html+css+js», который, зачастую, уже командует остальными, сверкая золотым браслетом с надписью «ajax» и делая недовольное лицо $( ) при случае."
Что такое Virtual DOM?,https://habr.com/ru/articles/256965/,2015,04,139339,"За последний год я много слышал о Virtual DOM и React JS. React работает действительно быстро и очень прост, но как он работает? Что такое Virtual DOM? Почему я должен беспокоиться об этом, и что случилось со старым добрым обычным DOM? Что такое DOM Перед тем, как мы начнем вникать в то, что из себя представляет DOM виртуальный, давайте немного поговорим о том, чем является DOM реальный."
Платформа «1С: Предприятие» — что под капотом?,https://habr.com/ru/companies/1c/articles/269611/,2015,10,111809,"Привет, Хабр! В этой статье мы начнем рассказ о том, как устроена внутри платформа «1С:Предприятие 8» и какие технологии используются при ее разработке."
Outlook Add-Ins или куда уходит 25% рабочего времени и можно ли его вернуть?,https://habr.com/ru/companies/microsoft/articles/270995/,2015,11,18309,"Проблематика Знаете ли вы, что, исходя из результатов некоторых зарубежных исследований, средний офисный работник тратит более двух часов своего рабочего времени в день на работу с электронной почтой? Если быть более точным – 13 часов в неделю , что составляет почти 85 рабочих дней в год ! Только вдумайтесь в эти цифры. Сколько всего можно сделать за это время? А сколько это будет стоить вашей организации, если перевести часы в деньги? Очень интересные вопросы, над которыми стоит задуматься… Слайд взят из презентации на Slideshare ."
Bricks: от идеи до UI за 60 секунд,https://habr.com/ru/companies/avito/articles/954924/,2025,10,5316,"Привет! Я — Дмитрий Гусев, Frontend-разработчик в команде Bricks в кластере Core Services в Авито , в статье подробно рассказываю, как и зачем мы внедрили механизм предварительного просмотра проектируемого интерфейса в реальном времени прямо в админку Bricks : зачем это понадобилось, как всё устроено под капотом и с какими неожиданностями столкнулись по пути."
Новшества node-webkit версии 0.4.1,https://habr.com/ru/articles/168225/,2013,02,11018,"Три дня назад (1 февраля) Roger Wang объявил о выходе новой версии движка node-webkit — созданного в недрах Intel Open Source Technology Center мощного сочетания WebKit и Node.js, позволяющего создавать кросс-платформенные графические приложения методом веборазработки на языках HTML, CSS и JavaScript. Новая версия имеет номер 0.4.1 ; на её основе нетрудно составить и запустить, например, вот такое окно:"
Как мы разрабатывали мобильный гид Toozla для Symbian и MeeGo,https://habr.com/ru/companies/microsoftlumia/articles/134202/,2011,12,3097,"Мысль о том, что наш мобильный аудио-гид по интересным местам Toozla нужно написать для платформы Symbian, нас посещала давно. Но до создания приложения руки дошли лишь в начале 2011 года — примерно за месяц до решения Nokia сделать ставку на Windows Phone 7. Впрочем, на наши планы это никак не повлияло: устройства на Symbian и в то время, и по сей день занимают большой процент на рынке. Выбирая необходимый вариант разработки, мы исходили из трёх возможных путей. Первый — использовать нативный Symbian SDK . Основным плюсом при выборе Symbian SDK был бы максимальный охват устройств, начиная с Symbian 3rd Edition. Однако на этом SDK писать программы довольно сложно (особенно, когда дело доходит до UI), поэтому этот вариант разработки мы быстро отмели. Второй путь — использовать Qt SDK 1.0 . Данный devkit вышел в середине 2010 года и был основан на Qt 4.6.3. В отличие от Symbian SDK, данный вариант позволял упростить разработку (особенно работу со специфичными для мобильных устройств API) и рассчитывать на кроссплатформенность. Среди минусов данного решения были меньший охват устройств (только Symbian v1 и Symbian v3) и, всё-таки, некоторая сложность разработки современного UI."
"JAMstack — зачем, почему и за что",https://habr.com/ru/articles/686196/,2022,09,16704,"Доброго времени суток. Сегодня  предлагаю разобраться что такое JAM stack. Каковы его принципы, какие части он имеет и вообще чем отличается от традиционных подходов. Так  же в данной статье я поделюсь  полезными ссылка  где вы сможете найти почти что все что может потребоваться вам  при работе с JAM stack."
Тебе не нужно классическое ООП в твоём бэкенд микросервисе,https://habr.com/ru/companies/domclick/articles/732876/,2023,05,20524,"Заявление звучит довольно громко и, я бы даже сказал, провокационно. Но в последние годы я всё больше и больше считаю, что это утверждение действительно верно, и хочу подробно объяснить, почему."
Машинное обучение в браузере,https://habr.com/ru/articles/819061/,2024,06,5805,"Меня зовут Алексей, сегодня мы с вами поговорим, как можно ускорить вычисления машинного обучения веб приложения с помощью WASM, WebGL или WebGPU. Когда фронтенд‑разработчик слышит о машинном обучении в браузере, первое, что приходит ему на ум, это вопрос: «Как это может быть применено? Мы же работаем в браузере на JS, который, как известно, медленный (по сравнению с компилируемыми языками)»."
От Web к Native с React,https://habr.com/ru/companies/timeweb/articles/833904/,2024,08,7765,"React Native — отличный выбор для веб-разработчиков, имеющих опыт работы с React , которые хотят создать первое мобильное приложение. Хотя у React и React Native много общего, между веб-платформой и нативными приложениями существуют некоторые различия. В этой статье освещаются наиболее распространенные ошибки и вопросы, с которыми сталкиваются разработчики при переходе с React на React Native."
Molecula – новый способ ведения групповых переписок в Outlook,https://habr.com/ru/companies/microsoft/articles/279307/,2016,03,7122,"В конце 2015-го года Microsoft запустила конкурс по разработке решений на базе Office 365 . Участникам нужно было разработать приложение, которое являлось бы либо надстройкой для Office, либо использовало бы Office 365 APIs . Я и двое моих друзей решили участвовать. Идея нашлась очень быстро, достаточно было сесть и обсудить «боли», возникающие у каждого из нас в повседневной работе. Так родилась идея Molecula – решения, позволяющего упростить ведение групповых переписок в Outlook . Чтобы лучше понять кому и для чего нужна Molecula, давайте посмотрим наш промо-ролик, созданный для участия в конкурсе. История про успешного IT-менеджера Майка (на английском):"
Рекомендуемые библиотеки для React,https://habr.com/ru/companies/timeweb/articles/888010/,2025,03,11359,"React существует уже довольно давно, и за эти годы вокруг него выросла огромная экосистема библиотек. Разработчики, переходящие с других языков или фреймворков, часто испытывают трудности с выбором библиотек, необходимых для создания веб-приложений с помощью React. React позволяет разработчикам создавать пользовательские интерфейсы (user interfaces, UI) на основе функциональных компонентов. Хотя он предоставляет встроенные решения, такие как хуки (hooks), для управления локальным состоянием, обработки побочных эффектов и оптимизации производительности, в конечном итоге все сводится к работе с функциями — как компонентами, так и хуками — для построения UI. В этой статье мы рассмотрим основные библиотеки React на 2025 год. Эти библиотеки являются строительными блоками для разработки приложений. Независимо от того, новичок вы или опытный разработчик, эта шпаргалка поможет вам сориентироваться в обширной экосистеме React. React Tech Stack в 2025 году"
Что последует за вебом?,https://habr.com/ru/articles/339112/,2017,10,40970,"В первой части я утверждал, что пришло время подумать, как заменить современную веб-платформу для приложений. Причины — её низкая производительность и в принципе нерешаемые проблемы безопасности. Кое-кто решил, что я пишу слишком в негативном ключе и не обращаю внимания на положительные стороны веба. Так и есть: первая часть была в стиле «Обсудим факт, что мы попали в глубокую яму», а вторая часть — «Как разработать кое-что получше?» Это огромная тема, так что она на самом деле двумя частями не ограничится. Назовём нашего конкурента вебу NewWeb (э, брендингом можно заняться потом). Для начала нужно понять, почему веб изначально стал успешным. Веб обошёл другие технологии создания приложений с лучшими инструментами для разработки GUI, так что у него явно есть какие-то качества, которые перевешивают недостатки. Если мы не будем соответствовать этим качествам, мы обречены."
React vs Vue – подробное сравнение и перспективы,https://habr.com/ru/articles/904698/,2025,04,26122,"В этой статье мы проведём подробный анализ современных практик frontend-разработки, сравним состояние React и Vue 5 лет назад и на текущий момент, а также попробуем спрогнозировать их перспективность в обозримом будущем с учётом развития LLM моделей и AI агентов. Посмотрим их экосистемы (Next.js и Nuxt, Redux и Pinia), использование в бэкенде, популярность решений в энтерпрайзе, а так же понимание разработчиками и LLM моделями."
Разработка под WebAssembly: реальные грабли и примеры,https://habr.com/ru/companies/jugru/articles/441140/,2019,02,43660,"Анонс WebAssembly состоялся в 2015-м — но сейчас, спустя годы, всё ещё немногие могут похвастаться им в продакшне. Тем ценнее материалы о подобном опыте: информация из первых рук о том, каково с этим жить на практике, пока что в дефиците. На конференции HolyJS доклад об опыте использования WebAssembly получил высокие оценки зрителей, и теперь специально для Хабра подготовлена текстовая версия этого доклада (видеозапись также приложена)."
Flutter for Web: гайд для начинающих,https://habr.com/ru/companies/friflex/articles/666952/,2022,06,32216,"Изначально Flutter был известен как фреймворк для создания кроссплатформенных мобильных приложений для Android и iOS. Но концепция Flutter не ограничивается мобильной разработкой, фреймворк позволяет создавать пользовательские интерфейсы для любого экрана с помощью кроссплатформенной разработки: разрабатывать web и desktop-приложения. Мы в Friflex работаем на Flutter с момента выхода первой версии и хорошо знаем особенности фреймворка. В этой статье Никита Улько, Flutter fullstack developer в Friflex, рассказывает об особенностях разработки Flutter для Web. Если вы хотите попробовать Flutter для web, этот гайд для вас."
Как я делал сайт визитку на Angular,https://habr.com/ru/articles/658787/,2022,04,21608,"Спустя несколько лет промышленной разработки приложений на javascript, решил вспомнить молодость и сделать небольшой pet-проект, который в полной мере развернул весь процесс разработки подобного рода приложений с использованием фреймворка Angular. В статье делюсь своими впечатлениями, а также пытаюсь понять, стоит ли делать сайты визитки на Angular."
Выбираем между кросс-платформенной и нативной разработкой,https://habr.com/ru/companies/agima/articles/736984/,2023,05,7026,"Привет! На связи Саша Ворожищев. Я руковожу направлениями Flutter и iOS в AGIMA. И сегодня хочу снова поднять вопрос о разнице между Cross-platform и Native. Каждый год технологии в мобильной разработке делают шаг вперед, и поэтому споры о том, какая технология лучше, вспыхивают с новой силой. В этой статье попробуем расставить точки над i: что и в каком случае использовать."
"«Я всегда считала, что я старая», или история о том, что стать профессиональным разработчиком никогда не поздно",https://habr.com/ru/companies/surfstudio/articles/746474/,2023,07,15310,"Татьяна стала Flutter-программистом в 47 лет — после нашего курса по Flutter. Теперь за её плечами работа на пяти е-ком и финтех проектах. А ещё она побывала по обе стороны: и в роли студента курса, и в роли ментора, который проверяет домашние задания. В интервью Татьяна рассказывает о своём длинном пути в коммерческое программирование, недостатках и достоинствах Flutter-курса от Surf и делится наблюдениями о студентах."
"Вызываем функции Windows API (и любые другие функции, написанные на языке Си) джаваскриптом из Node.js",https://habr.com/ru/articles/136185/,2012,01,25510,"Со вчерашнего дня, господа, можно написать вот такой скрипт: // функция преобразования строки JavaScript (UTF-8) в UTF-16
function TEXT(text){
   return new Buffer(text, 'ucs2').toString('binary');
}

var FFI = require('node-ffi');

// подключаемся к user32.dll
var user32 = new FFI.Library('user32', {
   'MessageBoxW': [
      'int32', [ 'int32', 'string', 'string', 'int32' ]
   ]
});

// диалоговое окно
var OK_or_Cancel = user32.MessageBoxW(
   0, TEXT('Привет, Хабрахабр!'), TEXT('Заголовок окна'), 1
); и, запустив его в Windows, получить желаемый результат — диалоговое окно Windows. Это стало возможным потому, что модуль node-ffi (обёртку вокруг той необыкновенно полезной библиотеки libffi , которая используется для вызова библиотек на языке Си не менее чем в восьми других языках) вчера портировали на Windows."
Дайджест интересных материалов для мобильного разработчика #276 (19 — 25 ноября),https://habr.com/ru/companies/productivity_inside/articles/430976/,2018,11,6478,"На этой неделе у нас тестирование кроссплатформенных фреймворков, реактивные компоненты, фантастические десктопы, новые ориентиры для маркетологов, собственная реализация говорящей шляпы и много всего интересного!"
Ускоряем браузерные вычисления на коленке с помощью WebAssembly на примере генерации шума,https://habr.com/ru/articles/854528/,2024,10,3463,Так ли производителен WebAssembly в сравнении с JavaScript как о нем говорят? Какие подводные камни могут ожидать при попытке ускорить CPU-bound задачи и в каких ситуациях он must have? Автор предлагает рассмотреть один кейс и разобраться в этих вопросах на практике
Почему Proxyman — сын маминой подруги в мире снифферов,https://habr.com/ru/companies/inDrive/articles/591525/,2021,11,23434,"Всем привет, меня зовут Катя, я QA Engineering Manager в inDriver. В этой статье расскажу про свой опыт использования Proxyman, а также о том, почему считаю его лучшей программой-сниффером. Приятного чтения!"
"TypeScript в Slack, или как перестать беспокоиться и начать доверять компилятору",https://habr.com/ru/companies/microsoft/articles/327020/,2017,04,7322,"Занимательная история от Феликса Ризеберга, разработчика в Slack, о том как они используют JavaScript, почему перешли на TypeScript и какие подводные камни встретились на их пути."
Как сделать презентацию интерактивной,https://habr.com/ru/companies/microsoft/articles/316134/,2016,11,27332,"Каждый из нас хоть раз выступал перед большой аудиторией, многие делают это постоянно. У всех из нас есть свои страхи перед выступлением и, конечно, же лучшие практики. Ниже вы узнаете, как взаимодействовать с аудиторией в интерактивном режиме."
Electron: от мотивации до публикации,https://habr.com/ru/articles/316880/,2016,12,40915,"— Хотел бы я иметь приложение, которое умеет что-то такое, что мне надо. Жаль такого нет. — А почему бы тебе его самому не написать? — Это сложно, мне потребуется куча времени, чтобы понять теорию, приступить к практике и, скорее всего, ничего хорошего не выйдет. А вообще я frontend-разработчик и привык к HTML, CSS и JS. Этот стек не позволяет писать десктопные приложения. — Electron!"
Экспериментальные и не очень языки программирования для новичков,https://habr.com/ru/companies/mvideo/articles/914200/,2025,05,2887,"Блуждая по просторам интернета, можно найти массу статей общий посыл которых: «IT-специалисты совсем скоро будут не нужны, поскольку их всех заменит нейросеть, которой не требуются отпуска, больничные и выходные». Честно, улыбнуло."
Работа в Highload командах 1С сейчас: Java/С++/ C#/TS/JS  Hiring day,https://habr.com/ru/companies/1c/articles/657411/,2022,03,5849,"Вечером 30 марта 2022 года (среда) в формате онлайн мы проводим Java/С++/ C#/TS/JS  Hiring day. Приглашаем всех заинтересованных в разработке на Java, С++, C#, JS,  TS принять участие! На митапе в течение часа мы расскажем: • О разработке различных механизмов платформы корпоративных и облачных приложений, их внутреннем устройстве и принципах работы • Опыте разработки highload-решений, которые ежедневно используют миллионы людей"
Почему вам стоит использовать TypeScript,https://habr.com/ru/articles/173813/,2013,03,84009,"Если вы еще не в курсе: JavaScript победил . На сегодняшний день это самый кроссплатформенный язык, доступный для любых устройств. На нем можно создавать веб-приложения (клиент и сервер), в том числе с оффлайн-режимом работы, десктопные приложения (для Windows 8), приложения для смартфонов и планшетов (PhoneGap), расширения для Microsoft Office, SharePoint и Dynamics. Код на JavaScript работает в СУБД, таких как MongoDB и даже Hadoop в Windows Azure (BigData однако). На Javascript уже написаны Doom и эмулятор Linux. Фактически решая любую задачу, кроме написания модуля ядра ОС, вы встретитесь с JavaScript. Если вы еще не знаете JavaScript, то вам следует срочно начать его изучать."
"Введение в SproutCore, часть первая",https://habr.com/ru/articles/125698/,2011,08,2272,"В последнее время появилось много статей о JavaScript MVC фреймворках. Видимо есть потребность в подобных инструментах. Мое внимание привлек продукт под названием SproutCore. Обнаружив на скудное наличие информации на русском языке я решил перевести для себя ряд руководств с официального сайта фреймворка. Поделюсь с сообществом первым из них. После прочтения этого руководства, вы сможете: Использовать шаблоны SproutCore, для описания внешнего вида приложения; Обрабатывать события внутри представления; Использовать привязки(bindings) для обновления представления, после изменения состояния модели. Вы узнаете все это во время создания приложения Todo-лист. Исходный код этого приложения доступен на Github . Также есть скринкаст ."
Новшества node-webkit 0.6.3,https://habr.com/ru/articles/187630/,2013,07,7928,"Вчера (23 июля) интеловский Центр технологий с открытым исходным кодом выдал на-горá очередную версию движка node-webkit . Как и прежде, движок этот позволяет открывать браузероподобные окна (на основе кода Chromium) и употреблять в них API Node.js — а значит, обеспечивает нетрудное создание GUI-приложений методами веборазработки (на языках JavaScript, HTML, CSS, WebGL и т. п.) под операционные системы Windows, Mac OS X и Linux. Новая версия получила номер 0.6.3 и содержит движок Node версии 0.10.12:"
Анатомия редакторов документов: общий код для онлайн и оффлайн-версий редакторов ONLYOFFICE,https://habr.com/ru/companies/teamlab/articles/279397/,2016,03,10437,"Если бы кто-то спросил нас, какой сегодня день, мы бы ответили, что сегодня Большой День. День, когда мы наконец-то релизим десктопные редакторы ONLYOFFICE . Tе самые, что работают без браузера/интернета и отправляют документ прямо на принтер. Да, мы те ребята, которые долгое время занимались исключительно онлайн-редакторами, а потом сделали и оффлайн-приложения. Во-первых, несмотря на растущую популярность онлайн-редакторов, большинство пользователей продолжают отдавать предпочтение десктопам. Во-вторых, нам самим давно хотелось уйти от ограничений браузера и ускорить работу с редакторами. Главная черта наших десктопных редакторов в их родстве с  онлайн-редакторами  — их объединяет общий исходный код. В этой статье мы немного расскажем, почему мы приняли решение делать десктопы именно таким образом и раскроем секреты их анатомии, а именно — чем они отличаются от онлайн-версии, как устроены и что мы планируем поменять в будущем."
"Разработка WebRTC видеочата между iOS, Android и браузером",https://habr.com/ru/companies/flashphoner/articles/325444/,2017,04,20218,"В предыдущей статье мы описывали принципы разработки видеочата между браузером и Android — устройством. Теперь же попробуем усложнить задачу и заимплементить трехсторонний видеочат на следующих платформах: Google Chrome на десктопе, Android приложение на планшете, и iOS приложение для Apple iPhone."
Dart 2.12: Sound null safety и Dart FFI отправлены на стабильный канал,https://habr.com/ru/companies/surfstudio/articles/548460/,2021,03,4093,"Sound (надёжная) null safety и Dart FFI отправлены на стабильный канал. Вышел Dart 2.12.  В нём — стабильные версии sound null safety и Dart FFI . Null safety – наша самая свежая масштабная фича. Её цель – повысить  производительность:  помочь вам избежать null error. Проблемы, вызванные этой ошибкой, зачастую тяжело заметить в коде. Об этом мы подробно рассказали во вводном видео . FFI – это механизм взаимодействия, позволяющий вызывать уже имеющийся код на языке C. Например, обращаться к Windows Win32 API . Доступ к Dart 2.12 уже открыт."
От клика до железа: хроника одного запроса. Часть 1,https://habr.com/ru/companies/nspk/articles/897598/,2025,04,3213,"Увлекались ли вы когда-нибудь задачей так сильно, что полностью выпадали из жизни? Я — да. Писал код, разбирался с нюансами, тестировал, переделывал, снова тестировал… В какой-то момент мой друг, давно не слышавший обо мне, решил узнать, куда я пропал. Мы созвонились, и я рассказал, чем занимаюсь. Он послушал, усмехнулся: «Как же хорошо, что я выбрал бэкенд-разработку». На самом деле ничего сверхъестественного в этой задаче не было. Но и простой её тоже не назовёшь — архитектура сложилась под влиянием множества ограничений: браузер не может напрямую запускать exe-файл, бэкенд не имеет доступа к локальному оборудованию, а взаимодействие между всеми этими частями нужно было выстроить чётко и последовательно. Всё это заставляет внимательнее смотреть на возможности, которые предоставляет среда браузера. Chrome-расширения работают в строго изолированном контексте, JavaScript не имеет доступа к файловой системе или системным вызовам, и для связи с нативным приложением приходится учитывать ряд особенностей: протокол обмена, формат сообщений, правила безопасности и другие детали, которые легко упустить, если не сталкивался с этим раньше. В этой статье я расскажу, как построить такую связку с помощью механизма Native Messaging: от интерфейса в браузере до запуска локального exe. Разберём архитектуру, покажу, какие задачи решает этот подход, и напишем рабочий пример — расширение, которое сможет общаться с программой на C. Так что устраивайтесь поудобнее и давайте разбираться."
Анатомия Огненного лиса,https://habr.com/ru/articles/111972/,2011,01,13766,"Захотел мой друг установить себе FireFox. И не просто установить, а так чтобы было «как у тебя». У FireFox есть встроенный инструмент, для публикации списка установленных дополнении. Я тут же им воспользовался и опубликовал свои дополнения. Но так как друг человек к ИТ не сильно близкий, хотя такой же ленивый, то куда-то там заходить, скачивать, устанавливать, настраивать ему совсем не хотелось. Говорит «зачем все это, у тебя же все на флешке, просто скопируй мне». Пришлось призадуматься: просто скопировать нельзя, кроме настроек FireFox и его плагинов, там еще есть пароли, история посещении, избранное. Зачем ему знать по каких порно сайтам я бродил. Вручную чистить не хочется. Хранится все это в файлах, а не в реестре — FireFox кроссплатформенный, а в Линуксе реестра, насколько я знаю, нет. Значит файлы, в которых это все хранится, надо попробовать заменить на файлы из свежеустановленного FireFox-а. Задача-минимум: выяснить где FireFox хранить сохраненные пароли и историю. Задача-максимум: составить общее мнение о назначении файлов в каталоге FireFox. Предупреждаю сразу, все что удалось узнать — это не результат дизассемблирования, дебагинга, перевода манулов, анализа кода. Это простое сравнение каталогов, чтение в блокноте конфигов и эксперименты с заменой файлов у двух установленных FireFox-ов."
Как создавалась Айчиталка. Часть 1: движок,https://habr.com/ru/companies/imobilco/articles/95249/,2010,06,28073,"Совсем недавно мы выпустили в свет первую бета-версию нашей онлайн-читалки, с которой можно ознакомиться, почитав книгу Михаила Лермонтова « Герой нашего времени ». Эта читалка — результат почти семимесячной работы, пять из которых ушло только на разработку движка. Казалось бы, в интернете уже есть бесплатные и открытые JavaScript-движки для чтения электронных книг и такой долгий срок может вызвать сомнения в профпригодности разработчика (то есть меня). Но есть одно большое и жирное «НО». Мы поставили перед собой слишком амбициозную и трудновыполнимую задачу: мы хотели использовать один и тот же движок на разных устройствах, в том числе маломощных, таких как айфон или электронная читалка. В чём же заключается трудновыполнимость задачи? В первую очередь — в очень низкой скорости работы веб-приложений на айфоне. Например, мобильный Сафари по моим прикидкам работает раз в 100 медленнее своего десктопного собрата. Если на декстопе одна и та же операция выполняется 10 мс и совершенно незаметна для пользователя, то на айфоне она может выполняться больше секунды. Для сравнения: первая версия движка разбивала небольшую главу на страницы примерно за 15 секунд. Сейчас, спустя полгода, он делает то же самое менее, чем за секунду и вполне сносно работает в нашем приложении booq . В этой статье я не буду заострять внимание на том, как сделать свою читалку, но поделюсь опытом оптимизации веб-приложения под айфон. Статья будет интересна не только разработчикам под мобильные устройства, но и обычным веб-технологам. Ведь если ваше приложение/сайт будет быстро работать на мобильном устройстве, то представьте, с какой скоростью оно будет работать на десктопе."
Простой фильтр ленты VK по «плохим» словам и кем он может стать,https://habr.com/ru/articles/215171/,2014,03,22523,"Привет, Хабр. Отступление: В этом посте вы не найдете той самой таблетки от всех болезней, но тут есть решение атомарной задачи, пускай и не совсем красивое. Цели этого поста получить больше фидбека, завязать обсуждение, заразить идеей, подтолкнуть. Хоть в данном случае речь идет о ВКонтакте, я бы попросил читателя абстрагироваться от этой соц. сети и посмотреть на это более глобально."
Несколько интересностей и полезностей для веб-разработчика #24,https://habr.com/ru/articles/231151/,2014,07,59206,"Доброго времени суток, уважаемые хабравчане. За последнее время я увидел несколько интересных и полезных инструментов/библиотек/событий, которыми хочу поделиться с Хабром. Webhook Webhook — это платформа для создания сайтов. Важно не путать со статическими генераторами, потому что это именно «CMS builder». Проект успешно завершил кампанию на Kickstarter 14 мая этого года, где смог собрать сумму в два раза большую, чем было необходимо. А буквально недавно состоялся релиз первой версии продукта. Webhook построен с использованием NodeJS, Grunt и Firebase для реалтайма, работает на Windows, Linux и Mac, внутри целая система виджетов со множеством вариаций на выходе, «Django-like templating» с помощью Swig JS , кроссплатформенная админ панель и еще целый ряд плюсов."
Новшества node-webkit 0.7.1,https://habr.com/ru/articles/190590/,2013,08,16188,"Прямо сегодня (19 августа) интеловский Центр технологий с открытым исходным кодом выдал на-горá очередную версию движка node-webkit . Движок этот, как и прежде, интересен тем, что умеет открывать браузероподобные окна (на основе кода Chromium) и употреблять в них API Node.js — так что он обеспечивает нетрудное создание GUI-приложений методами веборазработки (на языках JavaScript, HTML, CSS, WebGL и т. д.) под операционные системы Windows, Mac OS X и Linux. Новая версия получила номер 0.7.1 и содержит движок Node версии 0.10.12 , как нетрудно видеть в тестовом окне:"
HolyJS в Москве: первые доклады и CallForPapers,https://habr.com/ru/companies/jugru/articles/307972/,2016,08,6023,"Вселенная JavaScript прекрасна: язык растет и развивается огромными темпами, фреймворки плодятся (возможно, даже слишком:)), коммьюнити цветет и пахнет, в России появляются профессиональные конференции. Если вы следите за событиями, то знаете, что в июне в Питере прошла первая в России масштабная профессиональная конференция по JavaScript – HolyJS. Все тогда прошло хорошо , а сама конференция 11 декабря приедет в Москву, об этом и поговорим."
5 альтернатив Node.js — и есть ли в этом смысл,https://habr.com/ru/companies/ruvds/articles/549494/,2021,03,21846,"Node.js — не безупречный продукт, у него есть недостатки (использование JS?), некоторые из них тянулись еще с раннего этапа разработки из-за ошибочных решений, принятых Райаном Далем, о которых немного вспомнили в статье Как создатель node.js сам разочаровался в нем . Как это часто бывает, в некоторых случаях альтернативу этой системе найти сложно или невозможно, особенно в секторе энтерпрайза. Но если не требуется поддержки большого легаси-кода, который еще много лет будут снабжать работой программистов, то можно взглянуть в сторону других решений. Про “убийцу Node.js” можно почитать в статье, указанной выше, о некоторых других будет рассказано в этой статье."
Поиск решения для быстрого создания интерфейсов СУБД,https://habr.com/ru/articles/339870/,2017,10,47426,"Практически каждый человек сталкивается с ведением какого-либо учета, сбором и анализом данных: от использования таблиц в экселе до работы с данными в клиент-банковском приложении. Повсеместно для такого учета используются различные системы управления базами данных (СУБД). В статье я хотел бы рассказать о своем пути поиска такой системы."
10 привычек довольного node.js разработчика,https://habr.com/ru/companies/Voximplant/articles/277707/,2016,02,64792,
"7 популярных библиотек Vue 3 UI-компонентов, которые заслуживают внимания",https://habr.com/ru/articles/857116/,2024,11,19577,"UI-компоненты — это один из базовых инструментов, необходимых фронтенд-разработчику для быстрого создания интерфейсов. Они помогают ускорить разработку и упростить поддержку кода. В этой статье представлен обзор нескольких популярных библиотек компонентов для Vue 3. Библиотеки перечислены в произвольном порядке."
Cordova. Опыт Enterprise-проекта,https://habr.com/ru/articles/551880/,2021,04,8098,"В данной статье хочу поделиться опытом разработки мобильного enterprise-приложения на платформе Apache Cordova, рассказать о вариантах реализации такого проекта, о плюсах, минусах и нюансах. Это будет общий обзор без технических деталей, последние, возможно, будут описаны в отдельной статье. Немного истории Четыре года назад для нужд нашей организации было принято решение написать мобильное приложение для двух платформ (iOS и Android). Программист был один, а опыта работы с нативными языками на тот момент не было. Для этих целей мы решили попробовать кроссплатформенную схему разработки от Cordova."
Regex for lazy developers,https://habr.com/ru/articles/577534/,2021,11,23859,Регулярные выражения для ленивых людей?! Regex – это модуль вашего языка программирования который позволяет работать со сложными и большими строками просто! Давайте разбираться в них вместе. Приятного прочтения ;)
История одного видео редактора,https://habr.com/ru/articles/551276/,2021,04,5325,"Эта история берет начало у истока 2019 года, когда я заметил, что мое бесполезное пребывание в интернете, социальных сетях и смартфоне стало критичным и я решил вовлечь себя в собственный эксперимент цифровой детоксикации. К слову сказать данный опыт продолжался ориентировочно пол года и он очень сильно повлиял на мои современные взгляды. В тот момент я искал кнопочный телефон, чтобы заменить им смартфон, который отнимал уйму времени. Так ко мне попал matrix-фон Nokia 8110 с KaiOS на борту и именно с этого момента когда я клал трубку после очередного разговора, приятели шутили, что мне опять звонил тот самый бог сновидений Морфеус."
Новшества node-webkit версии 0.5.1,https://habr.com/ru/articles/178353/,2013,04,15087,"Позавчера (27 апреля) из праведных недр интеловского Центра технологий с открытым исходным кодом (а это тот самый Центр, который hshhhhh обозревал неделю назад во блогозаписи « Печеньки для пингвина ») вышла в свет новая версия движка node-webkit — могучего объединения Node и WebKit (точнее даже не просто WebKit, а Chromium — и в дальнейшем, вероятно, Blink), обеспечивающего быстрое и бесхитростное создание GUI-приложений методами веборазработки (код на JavaScript с употреблением API от Node.js, а интерфейс на HTML да на CSS) под операционные системы Windows, Mac OS X и Linux. Новая версия имеет номер 0.5.1 ; на её основе нетрудно составить и запустить, например, вот такое окно:"
Бекпорт на примере Node.js v22 и Windows 7,https://habr.com/ru/articles/822817/,2024,06,4965,Что делать если надо запустить современный софт в устаревшем окружении? Рассказываем о процессе « портирования назад » последней версии Node.js на Windows7 .
Дайджест интересных материалов для мобильного разработчика #101 (27 апреля-4 мая),https://habr.com/ru/articles/257229/,2015,05,12978,"Главным ньюсмейкером на этой неделе стала компания Microsoft — в ходе конференции Build она анонсировала перенос Android и iOS приложений на Windows, работу с HoloLens, кросс-платформенный редактор кода, партнерство с Arduino. А кроме этого мы обсуждаем аналитику Apple, материальный дизайн, разработку под часы — все это и многое другое в еженедельном дайджесте."
Жизнь по талонам или как мы оптимизируем работу социальных служб,https://habr.com/ru/articles/472334/,2019,10,1851,"Недавно к нам в команду поступил запрос на создание прототипа системы по выдачи билетов, что и было сделано за какие-то 40 часов работы включая обсуждение ""ТЗ"", проектирование, реализацию и даже некие доработки. Сделали мы и подумали, что такое простое приложение может быть очень даже полезным для широкой аудитории. В итоге, мы слегка поколдовали на IONDV. Framework, придумали социальное предназначение и заодно протестировали IONDV. Studio."
Система управления проектами по модели Open Core в госсекторе,https://habr.com/ru/articles/459578/,2019,07,6962,"Продолжаем рассказывать вам об опенсорсных продуктах реализованных на JS фреймворке — IONDV. Framework . Сегодня поговорим о системе управления проектами, которая была одним из наших первых масштабных проектов и которую изначально мы реализовали для правительства Хабаровского края России. А сейчас веб-приложение открыто на GitHub под лицензией Apache 2.0 . Система которую мы создали в большей степени заточена под региональный госсектор, поэтому она обладает соответствующей структурой метаданных и набором функций. Но мы не видим существенных препятствий, которые помешали бы доработать систему под конкретные задачи, да и использовать её по назначению никто не запрещает. Прежде чем делиться опытом, ответим на очевидные на первый взгляд вопросы. Что это такое и зачем? Искать готовую или делать свою? И приведем наш опыт реализации технического решения."
Новшества node-webkit версии 0.3.0,https://habr.com/ru/articles/155771/,2012,10,10431,"Zhao Cheng вчера объявил о выходе новой версии движка node-webkit — созданного в недрах Intel Open Source Technology Center мощного сочетания WebKit и Node.js, позволяющего создавать кросс-платформенные графические приложения на языках HTML, CSS и JavaScript. Новая версия будет иметь номер 0.3.0 и выглядеть вот как:"
Как стать разработчиком игр имея за пазухой только здравый смысл?,https://habr.com/ru/articles/550666/,2021,04,21383,"Давно мечтаешь создать игру? Чтобы любой человек планеты смог без проблем ее найти на пространствах интернета и сыграть? Но у тебя нету ни средств для того чтоб оплатить должную учебу или мотивации чтоб поднять свой «ленивый зад» и начать кодить? Или ты просто сантехник, которому надоело каждый день сидеть за унитазом соседей и хочешь попробовать что-то новое в жизни? Ты, естественно, без проблем можешь начать разрабатывать игры. Только тебе нужно определиться с одним вопросом. А реально нужно тебе это? Если да, то какой толк ты хочешь вынести из всего этого?"
Лучшие библиотеки UI-компонентов для React в 2025 году,https://habr.com/ru/companies/otus/articles/927846/,2025,07,14089,"React остаётся одним из самых популярных инструментов для фронтенд-разработки. Библиотеки UI-компонентов для React значительно развились, предоставляя разработчикам инструменты для создания современных, эффективных и доступных интерфейсов. В этой статье рассмотрим топовые библиотеки UI-компонентов для React, которые стали популярными в 2025 году, и их ключевые особенности."
На чем написать програмку?,https://habr.com/ru/articles/63538/,2009,07,5183,"Хочу спросить совета у десктоп-программистов… Давно хотел изучить ЕЩЕ какой-нибудь язык программирования, а тут и повод появился… Итак, цель: желательно в короткий срок написать небольшую & достаточно простенькую програмку с GUI и, главное, при этом изучить новый язык программирования Исходные данные: 1) Есть солидный опыт программирования на PHP, Javascript, XSL 2) Я сам сижу под Linux, есть виндовс в виртуалке. Разрабатывать хотелось-бы в Eclipse под Linux-ом 3) Десктопные и GUI приложения никогда не разрабатывал. Пожелания (читай — требования) к готовой программе: 1) Кроссплатформенная (но основной упор на Linux) 2) На интерпретируемом языке (на 80% склоняюсь к Python, на 20% к Ruby, НЕ хотелось-бы Java) 3) Для Windows можно создать .exe инсталлятор. Чем меньше его размер, тем лучше. После установки сразу работает «из коробки». Теперь вопросы: Реально-ли выполнить эти требования? (знаю что реально))) Какой язык программирования вы бы посоветовали (Python, Ruby, Java… может еще что)? Какую GUI библиотеку использовать (Qt, GTK, WxWidgets.....)? С чего начать изучение? по каким ссылкам походить? Какие книжки почитать? Заранее спасибо за ответы-советы! UPD1: Програмка эта для личного пользования… Для работы с небольшой XML базой данных с применением некоторых физико-математических законов и преобразований. Возможно построение на основе результатов простых графиков. Для кафедры книверситета моего, хочется науч.руководителю подарок сделать перед дипломом. Основная цель все-же — НАУЧИТЬСЯ делать десктомные програмки с перечисленными характеристиками. Просто в рамках личного и профессионального развития. Для начала простенькую програмку сделать, потом постепенно может что поинтереснее."
ObjectScript в качестве нового языка для веб разработки,https://habr.com/ru/articles/167387/,2013,01,4803,"ObjectScript — новый встраиваемый объектно-ориентированный язык программирования с открытым исходным кодом . ObjectScript расширяет возможности таких языков, как JavaScript, Lua, Ruby, Python и PHP. Вы можете ознакомится с синтаксисом языка в этой статье . За последнее время была существенно увеличена производительность виртуальной машины, стабилизировано ядро и спецификация, в язык добавлена поддержка исключений (try, catch, throw), вышел релиз языка OS 1.0 , готовится документация и открытый сайт проекта. Первая веб страница на OS Создадим документ index.osh в корне нашего сайта: <!doctype html>
<html>
    <head>
    <title>OS-FCGI FastCGI demo</title>
    </head>
<body>
    <h1>Hello world!</h1>
    <h2>ObjectScript FastCGI demo</h2>
    <p>
    <%
        echo ""Добро пожаловать! <br />""
		var num = 20
		var r = {|a| a <= 1 ? 1 : a*_F(a-1)}(num)
		printf(""factorial of %v = %v"", num, r)
    %>
    </p>
</body>
</html>"
Как стать разработчиком игр имея за пазухой только здравый смысл?,https://habr.com/ru/articles/550666/,2021,04,21383,"Давно мечтаешь создать игру? Чтобы любой человек планеты смог без проблем ее найти на пространствах интернета и сыграть? Но у тебя нету ни средств для того чтоб оплатить должную учебу или мотивации чтоб поднять свой «ленивый зад» и начать кодить? Или ты просто сантехник, которому надоело каждый день сидеть за унитазом соседей и хочешь попробовать что-то новое в жизни? Ты, естественно, без проблем можешь начать разрабатывать игры. Только тебе нужно определиться с одним вопросом. А реально нужно тебе это? Если да, то какой толк ты хочешь вынести из всего этого?"
Полезные материалы для мобильного разработчика #67 (18-24 августа),https://habr.com/ru/articles/234365/,2014,08,13051,"Двадцать лет первому смартфону, разбор того, почему так быстр Swift, ежегодная конференция Unity с несколькими интересными обновлениями, ВКонтакте запускает мобильную рекламу приложений, в Калифорнии пытаются удаленно «убивать» смартфоны – вот немного о том, что в этом еженедельном дайджесте."
Дайджест интересных материалов для мобильного разработчика #400 (28 июня — 4 июля),https://habr.com/ru/companies/productivity_inside/articles/566028/,2021,07,2852,"В нашем юбилейном дайджесте фантастические RecyclerView и замена APK на App Bundle, новинки StoreKit 2 и отказ Wrike от Dart, рекордные расходы пользователей, GPT-3 в домашних условиях и многое другое!"
Что можно узнать при разработке аудио плеера для разных браузеров,https://habr.com/ru/articles/438952/,2019,02,9222,"Эта история началась примерно 1.5 года назад. Связана она с проигрыванием музыки в различных браузерах и платформах, на которых они запускаются. Путь полный “боли и страдания” осознания того, что легкая на первый взгляд задача может оказаться не такой уж и легкой, а “незначительные” детали, которым не придаешь значения в самом начале, могут повлиять на всё."
Moscow Vue.js Meetup #2 в Mail.Ru Group,https://habr.com/ru/companies/vk/articles/414801/,2018,06,5499,"5 июля в московском офисе Mail.Ru Group состоится второй митап сообщества Moscow Vue.js. С каждым днём Vue.js становится все популярнее: больше разработчиков и компаний делает ставку на данную технологию. Вместе с сообществом мы собрали доклады и кейсы, которыми хотим поделиться и обсудить. Программа митапа и регистрация – под катом. Присоединяйтесь!"
Новшества node-webkit версии 0.5.1,https://habr.com/ru/articles/178353/,2013,04,15087,"Позавчера (27 апреля) из праведных недр интеловского Центра технологий с открытым исходным кодом (а это тот самый Центр, который hshhhhh обозревал неделю назад во блогозаписи « Печеньки для пингвина ») вышла в свет новая версия движка node-webkit — могучего объединения Node и WebKit (точнее даже не просто WebKit, а Chromium — и в дальнейшем, вероятно, Blink), обеспечивающего быстрое и бесхитростное создание GUI-приложений методами веборазработки (код на JavaScript с употреблением API от Node.js, а интерфейс на HTML да на CSS) под операционные системы Windows, Mac OS X и Linux. Новая версия имеет номер 0.5.1 ; на её основе нетрудно составить и запустить, например, вот такое окно:"
MVP силами одного разработчика,https://habr.com/ru/companies/funcorp/articles/500848/,2020,05,7588,"При огромной конкуренции цифровых продуктов и высокой скорости запуска новых необходимо быстро и дёшево проверять жизнеспособность продуктовых идей. В этой статье я расскажу об опыте создания MVP собственными силами, т.е. фактически силами одного iOS-разработчика. О том, как я искал баланс при создании MVP, об инструментах, сложностях и их решении. Если вы  планируете воплотить в жизнь первые проекты в мобильной разработке или хотите добавить новую ветку функционала в уже существующий продукт, то эта статья точно для вас."
Введение во Vue Storefront,https://habr.com/ru/companies/rshb/articles/518746/,2020,09,11145,"Добрый день, меня зовут Андрей Солдатов, мы в команде Россельхозбанка разрабатываем новые интересные проекты, связанные с сельским хозяйством. В качестве фронтального решения для некоторых из них мы решили использовать интересное open source решение Vue Storefront. В этой статье вы можете ознакомиться с ключевыми возможностями и особенностями этого решения. Статья является переводом статьи из официального блога Vue Storefront, оригинал доступен по ссылке . Vue Storefront - это достаточно сложное решение с обширными возможностями. Изучение их всех может занять некоторое время. В этой статье я за несколько минут постараюсь объяснить вам его ключевые понятия, чтобы показать все необходимое для начала работы с Vue Storefront."
Онбординг для новичков: кейс ПСБ на хакатоне «Цифровой прорыв»,https://habr.com/ru/companies/psb/articles/658323/,2022,03,8144,"В декабре мы участвовали в хакатоне «Цифровой прорыв» со своим кейсом. Мы просили участников разработать программное решение для онбординга  новых IT-специалистов банка. Задача состояла в том, чтобы объединить информацию из нескольких систем. И команды справились. Например, предложили web- + Android- + iOS-версии системы для хранения данных банка, чтобы новичку было удобно знакомиться с проектами, командой, правилами работы, системой и её архитектурой. Решения содержали разные варианты проверки знаний нового IT-специалиста. Так новичкам будет проще адаптироваться к работе в банке. Если честно, мы думали, что предложенные решения можно будет использовать в качестве концепции в рамках дизайн-макетов — такой кликабельный прототип, но никак не ждали готовое решение. А у многих получилось его сделать. В этой статье решили поделиться задачей, решениями и впечатлениями, так что если интересуетесь темой — добро пожаловать под кат."
"Мобильное тестирование, автоматизация и тестирование API: С чем нужно уметь работать тестировщику в 2021 году",https://habr.com/ru/companies/reksoft/articles/541344/,2021,02,27499,"Хабр, привет! Специалисты «Рексофт» собрали актуальные инструменты, которые облегчат жизнь тестировщику и помогут быстрее справляться с привычными задачами. Итак, поехали!"
Дайджест интересных материалов для мобильного разработчика #384 (1 — 7 марта),https://habr.com/ru/companies/productivity_inside/articles/545910/,2021,03,3604,"В нашем новом выпуске безопасность iOS-приложений и новинки Android 12, 22 тысячи изменений в дизайне и победа над читерами, история кроссплатформы и Flutter версии 2.0, неэффективные руководители, инди-маркетинг и многое другое!"
На чем написать програмку?,https://habr.com/ru/articles/63538/,2009,07,5183,"Хочу спросить совета у десктоп-программистов… Давно хотел изучить ЕЩЕ какой-нибудь язык программирования, а тут и повод появился… Итак, цель: желательно в короткий срок написать небольшую & достаточно простенькую програмку с GUI и, главное, при этом изучить новый язык программирования Исходные данные: 1) Есть солидный опыт программирования на PHP, Javascript, XSL 2) Я сам сижу под Linux, есть виндовс в виртуалке. Разрабатывать хотелось-бы в Eclipse под Linux-ом 3) Десктопные и GUI приложения никогда не разрабатывал. Пожелания (читай — требования) к готовой программе: 1) Кроссплатформенная (но основной упор на Linux) 2) На интерпретируемом языке (на 80% склоняюсь к Python, на 20% к Ruby, НЕ хотелось-бы Java) 3) Для Windows можно создать .exe инсталлятор. Чем меньше его размер, тем лучше. После установки сразу работает «из коробки». Теперь вопросы: Реально-ли выполнить эти требования? (знаю что реально))) Какой язык программирования вы бы посоветовали (Python, Ruby, Java… может еще что)? Какую GUI библиотеку использовать (Qt, GTK, WxWidgets.....)? С чего начать изучение? по каким ссылкам походить? Какие книжки почитать? Заранее спасибо за ответы-советы! UPD1: Програмка эта для личного пользования… Для работы с небольшой XML базой данных с применением некоторых физико-математических законов и преобразований. Возможно построение на основе результатов простых графиков. Для кафедры книверситета моего, хочется науч.руководителю подарок сделать перед дипломом. Основная цель все-же — НАУЧИТЬСЯ делать десктомные програмки с перечисленными характеристиками. Просто в рамках личного и профессионального развития. Для начала простенькую програмку сделать, потом постепенно может что поинтереснее."
"Nestjs, Firebase, GCloud. Как быстро поднять API backend на TypeScript",https://habr.com/ru/articles/835124/,2024,08,4025,"Меня зовут Федор, занимаюсь JS Fullstack разработкой последние несколько лет. Хочу поделиться своим примером организации backend проекта с использованием Nestjs и Firebase. В этом туториале мы создадим кодовую базу на Nestjs, законфигурируем линтеры и Firebase. В статье приведены примеры кода, ссылки на коммиты и сам репозиторий. Мы пройдем от генерации проекта, до итогового CRUD примера, который можно использовать при разработке своих пет проектов и не только. Для работы с Firebase может потребоваться иностранная платежная карта."
Тренды и события в мире веб-технологий в 2016 году,https://habr.com/ru/companies/htmlacademy/articles/319458/,2017,01,26828,"Фото: Flickr / Dennis Skley / CC Начало года — отличный повод ещё раз поговорить об интересных событиях недавнего прошлого. Но нас интересует не всё подряд, а то, как развивалась наша любимая отрасль — веб. Итак, мы представляем вашему вниманию подборку ключевых событий и трендов, которые оформились в 2016 году и будут влиять на то, каким интернет станет в ближайшем будущем."
Лучшие библиотеки UI-компонентов для React в 2025 году,https://habr.com/ru/companies/otus/articles/927846/,2025,07,14089,"React остаётся одним из самых популярных инструментов для фронтенд-разработки. Библиотеки UI-компонентов для React значительно развились, предоставляя разработчикам инструменты для создания современных, эффективных и доступных интерфейсов. В этой статье рассмотрим топовые библиотеки UI-компонентов для React, которые стали популярными в 2025 году, и их ключевые особенности."
Собери сам: Набор для разработки на SwiftUI,https://habr.com/ru/articles/763032/,2023,09,1842,"Хотели когда-нибудь попробовать SwiftUI? А может быть вы как раз искали ресурсы для изучения? Может быть у вас есть Macbook и вам абсолютно нечем заняться на ближайших выходных? Если вы кто-то или что-то из вышеперечисленного, то эта статья для вас. Программирование лучше всего изучать в бою – на практике, попутно обращаясь к большому объему справочной информации. Эта статья содержит справочную информацию которая облегчит вам разработку на SwiftUI, чтобы вы сразу бежали в бой."
qutIM 0.3 alpha — The Phoenix,https://habr.com/ru/articles/89562/,2010,03,1571,"Приветствую, дорогие хабровчане! Вот и прошло 5 месяцев с выпуска последней новости о мессенджере qutIM, проект как ни странно за это время не был заброшен, хотя, в связи с личными проблемами разработчиков (сессия, работа, военкомат и прочие радости жизни), скорость развития была явно уменьшена. На данный момент мы готовы предоставить Вам альфа версию новой ветки развития кутима. Версию 0.3 Альфа ."
"Идеальное резюме тестировщика, или Как не забыть поливать цветы",https://habr.com/ru/companies/sberbank/articles/867366/,2024,12,11441,"Печальная картина, когда кандидат на серьёзные позиции скидывает резюме, где навыки идут следующим образом: • Функциональное тестирование • Написание чек‑листов • Анализ документации • Заведение багов Вопросов здесь много! Во‑первых, написали не по порядку, сначала идёт анализ документации. Но если серьёзно, то такой список навыков не подходит. Это уровень не джуна, а студента в первый месяц обучения. Навыки в резюме — это умения, знания и владение программами, которые позиционируют соискателя как профессионала."
UI-компоненты на пиксельных шейдерах: пишем ваш первый шейдер,https://habr.com/ru/companies/jugru/articles/358250/,2018,05,13756,"Кого можно назвать «пиксельных шейдеров начальник и пикселов командир»? Дениса Радина , работающего в Evolution Gaming над фотореалистичными веб-играми с использованием React и WebGL: он известен многим как раз под именем Pixels Commander. В декабре на нашей конференции HolyJS он выступил с докладом о том, как использование GLSL может улучшить работу с UI-компонентами по сравнению с «обычным джаваскриптом». А теперь для Хабра мы подготовили текстовую версию этого доклада — добро пожаловать под кат! Заодно прикладываем видеозапись выступления:"
Несколько интересностей и полезностей для веб-разработчика (выпуск 4),https://habr.com/ru/articles/195076/,2013,09,41046,"Доброго времени суток, уважаемые хабравчане. За последнее время я увидел несколько интересных и полезных инструментов/библиотек/событий, которыми хочу поделиться с Хабром. Pace.js — это самый простой способ ( документация здесь ) добавить к вашему проекту прогресс бар. Для Pace существует несколько тем, которые описываются только на CSS. От Hubspot есть еще два универсальных проекта на GitHub: Vex и Messenger — «Dialogs for the 21st century» и «Alerts for the 21st century» соответственно. Рекомендую. Flat UI Free 2.1 Популярный информационный ресурс Designmodo опубликовал на GitHub обширный набор элементов интерфейса в стилей трендового плоского дизайна. Об этом еще в марте писал хабраюзер ilya42 . А на этой недели проект обновился до версии 2.1. Теперь в Flat UI есть поддержка Bootstrap 3, появился ряд новых элементов, иконок, обновилились шрифты. Количество старов уже больше 5000. Framer Потрясающее изобретение разработчика Koen Bok . Framer — это бесплатный инструмент для прототипирования интерактивных и анимационных интерфейсов. Приложение синхронизируется с Photoshop, нарезает слои макета на .png (конечно же для верстки придется немного порезать руками, но все зависит от педантичности дизайнера к макету) и все верстает на z-index и trasnform matrix3d. А интерактив и анимацию дизайнеры добавят с помощью этого простого синтаксиса прямо в браузере (к сожалению только Chrome). PSD.Logo, PSD.OverviewButton — это имена PNG файлов. Говоря о разработчике Framer , хочется также упомянуть про его проект Cactus — генератор статистических сайтов на Python использующий Django template."
Что можно узнать при разработке аудио плеера для разных браузеров,https://habr.com/ru/articles/438952/,2019,02,9222,"Эта история началась примерно 1.5 года назад. Связана она с проигрыванием музыки в различных браузерах и платформах, на которых они запускаются. Путь полный “боли и страдания” осознания того, что легкая на первый взгляд задача может оказаться не такой уж и легкой, а “незначительные” детали, которым не придаешь значения в самом начале, могут повлиять на всё."
Собери сам: Набор для разработки на SwiftUI,https://habr.com/ru/articles/763032/,2023,09,1842,"Хотели когда-нибудь попробовать SwiftUI? А может быть вы как раз искали ресурсы для изучения? Может быть у вас есть Macbook и вам абсолютно нечем заняться на ближайших выходных? Если вы кто-то или что-то из вышеперечисленного, то эта статья для вас. Программирование лучше всего изучать в бою – на практике, попутно обращаясь к большому объему справочной информации. Эта статья содержит справочную информацию которая облегчит вам разработку на SwiftUI, чтобы вы сразу бежали в бой."
"TARS, сделай уровень frontend-рутины 0%",https://habr.com/ru/companies/2gis/articles/254105/,2015,03,55052,
Как мы сделали Rich Text Editor с поддержкой совместного редактирования под Android,https://habr.com/ru/companies/wrike/articles/273797/,2015,12,14053,"«Мобилизация» рабочих процессов в компаниях означает, что на телефон или планшет переносится все больше функций для совместной работы. Для Wrike , как кроссплатформенного сервиса управления проектами, важно, чтобы функционал мобильного приложения был абсолютно полноценным, удобным и не ограничивал пользователей в работе. И когда встала задача создать Rich Text Editor с поддержкой совместного редактирования описания задач, мы, оценив возможности существующих WebView компонентов, решили пойти своим путем и реализовали собственный нативный инструмент."
"Идеальное резюме тестировщика, или Как не забыть поливать цветы",https://habr.com/ru/companies/sberbank/articles/867366/,2024,12,11441,"Печальная картина, когда кандидат на серьёзные позиции скидывает резюме, где навыки идут следующим образом: • Функциональное тестирование • Написание чек‑листов • Анализ документации • Заведение багов Вопросов здесь много! Во‑первых, написали не по порядку, сначала идёт анализ документации. Но если серьёзно, то такой список навыков не подходит. Это уровень не джуна, а студента в первый месяц обучения. Навыки в резюме — это умения, знания и владение программами, которые позиционируют соискателя как профессионала."
Что Mobius 2017 рассказал о мобильной разработке,https://habr.com/ru/companies/jugru/articles/327562/,2017,04,7406,
Чем так хороши Lottie-анимации и почему вам стоит о них узнать,https://habr.com/ru/companies/pyrobyte/articles/753748/,2023,08,37597,"Всем привет. Сегодня наш дизайнер Артем Сафаров расскажет, как дизайнеры используют Lottie-анимации на своих проектах и научит этому вас ;) Технология в разы круче GIF, AVI, mp4 и анимированных HTML-элементов, поэтому грех вас с ней не познакомить."
Не кроссбраузерный event,https://habr.com/ru/articles/76638/,2009,11,3381,"Здравстуйте, уважаемое хабрасообщество. Реквестирую консультацию. Позавчера, во время разработки jQuery.keyboard столкнулся с абсолютной браузерной несовместимостью, ужасно неприятной непоследовательностью и т.д. в возврашении значения event.keyCode в различных браузерах. На удивление, единственный, кто меня порадовал — IE 6 (ies4linux) и больше всех огорчила — опера 10. Хромиум и фокс же ж вернули приблизительно одинаковый результат."
Распределенные вычисления для поиска жилья,https://habr.com/ru/articles/240941/,2014,10,22502,"Все слышали о distributed computing проектах, которые пытаются решать масштабные задачи, вроде поиска внеземной жизни, лекарств от СПИДа и рака, поиска простых чисел и уникальных решений для Судоку. Все это очень занимательно, но не более того, ведь практической пользы для человека, поделившегося ресурсами своего компьютера — никакой. Сегодня я расскажу о распределенных вычислениях, решающих ваши проблемы. Ну не все конечно, а только некоторые, связанные с поиском жилья. Недавно я писал о проекте Sobnik, расширении для Chrome, которое обнаруживает посредников на досках объявлений. Две недели назад была запущена новая версия программы, в которой работа по сканированию и анализу объявлений распределяется по компьютерам пользователей. За прошедшее время было обработано около миллиона объявлений из более тысячи городов России, и это — только начало. Подробности, технические детали и еще немного цифр ждут вас под катом."
Джаракан,https://habr.com/ru/articles/51935/,2009,02,777,"Уже нескольких месяцев маленькая команда разработчиков и тестеров работает над созданием нового движка ECMAScript/JavaScript для Оперы. Когда текущий движок ECMAScript — Футарк был впервые предоставлен публике, он был самым быстрым на рынке. Футарк был разработан в основном для быстрого выполнения кода. Традиционно это правильный компромисс разных платформ под которыми работает Опера. Веб — это постоянно изменяющаяся среда и завтрашние продвинутые веб приложения требуют быстрого выполнения скриптов, поэтому Опера снова принимает участие в соревновании по разработке самого быстрого скриптового движка. Название Джаракан как и предыдущие названия движков даётся — это форма письменности. (Футарк — скандинавский алфавит; Джаракан, также известен как чаракан — слоговая письменность для яванского языка) Усилия по улучшению сфокусированы по трём основных направлениям"
Множество JS-пакетов в одном репозитории,https://habr.com/ru/companies/amperka/articles/314894/,2016,11,20633,"Хабрадевелоперам, привет! Не так давно мы начали разрабатывать комплексный проект, у которого есть или планируется несколько видов фронт-енда, множество сервисов бэк-енда, интерфейс командной строки, демоны и много ещё чего. У всего этого в свою очередь есть шареный код, а совершенно новые приложения должно быть возможным собирать из имеющихся кирпичиков простым и понятным образом. Если не занудствовать с терминологией, мы делаем платформу. Платформу для визуального программирования под DIY-электронику. Несмотря на то, что проект находится на ранней стадии, кодовая база уже грозилась превратиться в кашицу. Чтобы это присечь, мы перевели проект на так называемый monorepo-подход. На Хабре не оказалось материалов на эту тему, поэтому попытаюсь восполнить пробел."
Почему бы я не выбрал WebRTC? (но всё-таки выбрал),https://habr.com/ru/companies/astralinux/articles/928730/,2025,07,4447,"Привет, Хабр! Я Данил и я разработчик проекта Termidesk Assistant. На нашем проекте мы успешно используем технологию WebRTC, а еще ее используют такие технологические гиганты, как Google Meet, Microsoft Teams, Discord и многие другие. Хотел бы поговорить о наболевшем, а именно о тех проблемах, с которыми я успел столкнуться, но почему мы все равно остановились на этой технологии. Возможно даже страница будет расширяться теми шишками, которые на меня упали по ходу движения через этот темный лес. Если вы планируете начать проект, который передает аудио и/или видео и ищите открытую технологию для него, ну, и для тех, кто просто интересуется и изучает этот стандарт, то это статья для вас."
"Как я создаю idle-игру «Империя Кузбасс» для Telegram, VK и браузера",https://habr.com/ru/articles/964374/,2025,11,1890,"Моя история разработки инкрементальной игры о горнодобывающей промышленности Кузбасса с подробным разбором технической архитектуры, системы безопасности и монетизации. Игра на 80% сделана с помощью вайб кодинга, но это не так просто как звучит."
Портирование расширения из Chrome в Firefox,https://habr.com/ru/companies/vk/articles/205698/,2013,12,14001,"Существует множество приложений для создания скриншотов (clip2net, gyazo, и т.д.), но нет opensource-кроссплатформенного решения для того, чтобы его можно было доработать и использовать для своих собственных нужд (в нашем случае это была необходимость автоматически загружать скриншоты в jira). В связи с этим, было приятно решение реализовать данный функционал внутри браузера (Chrome, Firefox), этого вполне хватит для решения наших задач."
Несколько интересностей и полезностей для всех,https://habr.com/ru/articles/275547/,2016,01,31930,
14 ноября пройдет Intercom'19 — конференция об автоматизации коммуникаций от Voximplant,https://habr.com/ru/companies/Voximplant/articles/473974/,2019,10,1291,"Как известно, осень — время конференций. Мы уже в четвертый раз проводим собственную ежегодную конференцию про коммуникации и их автоматизацию, и приглашаем вас принять в ней участие. Конференция, по традиции, состоит из двух потоков и нескольких специальных событий. Мы немного поменяли формат участия в мероприятии: это первый год, когда участие в конференции бесплатное для всех желающих, но регистрация обязательна. Будем ждать вас 14 ноября в ЦДП (Цифровое Деловое Пространство, Москва, м.Курская, ул. Покровка, 47)."
Дайджест интересных материалов из мира веб-разработки и IT за последнюю неделю №157 (20 — 26 апреля 2015),https://habr.com/ru/companies/zfort/articles/256669/,2015,04,34265,"Предлагаем вашему вниманию подборку с ссылками на полезные ресурсы, интересные материалы и IT-новости."
Дайджест свежих материалов из мира фронтенда за последнюю неделю №490 (18 — 24 октября 2021),https://habr.com/ru/articles/585234/,2021,10,8468,Предлагаем вашему вниманию подборку с ссылками на новые материалы из области фронтенда и около него.
Мобильная разработка: Cross-platform или Native,https://habr.com/ru/companies/agima/articles/586092/,2021,11,16028,"Всем привет! Я Игорь Веденеев, руководитель мобильной разработки в AGIMA. Поговорим немного о нативной и кроссплатформенной разработке. Раньше я по большей части скептически относился ко второй: не устраивало качество конечных приложений в первую очередь. Однако за последний год темпы развития кроссплатформенных фреймворков уже не в первый раз заставляют пересмотреть свое мнение насчет такого подхода. Поэтому давайте еще раз сравним самые популярные кроссплатформенные решения и нативную разработку."
"Натив, Flutter или KMP — выбираем мобильный фреймворк для e-commerce",https://habr.com/ru/companies/cleverpumpkin/articles/945268/,2025,09,4379,"В 2025 году уже недостаточно просто выпустить приложение — оно должно быстро адаптироваться к изменениям рынка, удобно и эффективно интегрироваться с новыми технологиями и обеспечивать хороший пользовательский опыт. Но что лучше выбрать: нативную разработку, кроссплатформу, или Kotlin Multiplatform? Александр Кияйкин, CTO компании комплексной разработки цифровых продуктов CleverPumpkin , разбирает эти три подхода и сравнивает плюсы и минусы каждой технологии."
$mol: reactive micromodular ui-framework,https://habr.com/ru/articles/311172/,2016,10,22130,"Сколько нужно времени, чтобы просто вывести на экран большой список, используя современные фреймворки? Список на 2000 строк ReactJS AngularJS Raw HTML SAPUI5 $mol Появление списка 170 ms 420 ms 260 ms 1200 ms 50 ms Обновление всех его данных 75 ms 75 ms 260 ms 1200 ms 10 ms Напишем нехитрое приложение — личный список задач. Какие у него будут характеристики? ToDoMVC ReactJS AngularJS PolymerJS VanillaJS $mol Размер ( html + js + css + templates ) * gzip 322 KB 326 KB 56 KB 20 KB 23 KB Время загрузки 1.4 s 1.5 s 1.0 s 1.7 s 0.7 s Время создания и удаления 100 задач 1.3 s 1.7 s 1.4 s 1.6 s 0.5s Небольшая головоломка: перед вами синхронный код, загружающий и обрабатывающий содержимое 4 файлов , но с сервера они грузятся параллельно . Как такое может быть? А теперь прошу за мной в кроличью нору, настало время удивительных историй..."
Болевые точки Dart и Flutter,https://habr.com/ru/articles/724538/,2023,03,15214,"Flutter — довольно популярный фреймворк для разработки кроссплатформенных приложений. В основном это приложения под Android и iOS , но все же имеется возможность разрабатывать и под другие платформы, хотя в большинстве случаев еще не все так гладко по сравнению с основными платформами. Этот фреймворк уже сейчас имеет некоторую фан базу, которая, как и положено фан базе, генерирует статьи о том, какой Flutter клевый, крутой, интересный и производительный и т. п. В этих статьях Flutter часто сравнивается с конкурентами, и чаще всего он описан в положительном свете. Ни в коем случае не пытаюсь как‑то умалить его заслуги, но... работая с ним ежедневно, вольно или невольно начинаешь замечать неприятные и раздражающие моменты, с которыми приходится жить. Именно об этих моментах сегодня и пойдет речь."
Путь к мастерству: Как стать успешным разработчиком,https://habr.com/ru/articles/854772/,2024,10,7508,"👩‍💻 Программирование — это путь, полный вызовов и возможностей для роста. Я начал этот путь в 2010 году как Junior-разработчик и на данный момент достиг позиции Tech Lead, продолжая развиваться в профессии. Накопленный опыт позволяет мне с уверенностью говорить о тех шагах и подходах, которые я опишу в этой статье. За все время разработки мне довелоcь работать с различными языками программирования, такими как Delphi, JavaScript, PHP и Go. И с разными доменами Cassine, CMS, Billing, Gamblink, Marketplace В этой статье я хочу поделиться своим опытом, который может оказаться полезным новичкам, которые хотят войти в IT но не знают с чего начать. Надеюсь, что мои советы помогут вам быстрее адаптироваться в мире программирования и избежать некоторых ошибок, с которыми я сталкивался на своем пути."
Кросс-платформенная разработка на Xamarin,https://habr.com/ru/articles/205386/,2013,12,20083,"Добрый вечер, хабравчане! Сегодня хотелось бы написать о кросс-платформенной разработке в целом. Ведь по сути люди сейчас делят десктоп, сервер и мобильных клиентов и стараются искать кросс-платформенные тулы внутри каждого сектора, не заглядывая за рамки каждого из секторов. Это бывает по различным причинам. Одна из причин — Вася знает как делать десктоп на Java, а Петя — как делать приложеньки под iPhone на Objective-C. И никто даже догадаться не может что есть технологии, объединяющие все платформы воедино. За катом много текста и статистики. Мое выступление на Apps4All Forum. Выступление первое, все ошибки подачи материала уже намотал на ус."
"Сегодня, 22.07.24, языку Kotlin — 12 лет",https://habr.com/ru/companies/ssp-soft/news/830164/,2024,07,4020,"Поздравляем всех разработчиков на Kotlin — сегодня этот язык программирования отмечает свой 12-летний юбилей. Впервые представленный 22 июля 2012 года компанией JetBrains, Kotlin быстро завоевал популярность среди разработчиков благодаря своей лаконичности, безопасности и совместимости с Java. Этот язык продолжает развиваться и оставаться важным инструментом в арсенале современных программистов. Пара слов о юбиляре — в нашем блоге компании SSP SOFT."
Как стать React разработчиком в 2018 году,https://habr.com/ru/companies/vk/articles/425821/,2018,10,77050,"Несмотря на то что пост написан в этом году, изучить всю предложенную программу за оставшиеся месяцы вы, вероятно, не успеете. Поэтому карту разработчика можно смело брать с собой в год следующий. Адам Голаб, эксперт по React и JS, составил пошаговый учебный план, который поможет вам стать разработчиком с нуля либо укажет направление для дальнейшего повышения навыков в профессии. План Адама представляет собой список основных пунктов, которые вам нужно изучить самостоятельно. Мы добавили описание, а в некоторых сложных моментах указали ссылки на дополнительные справочные материалы, с помощью которых вы получите ответ на вопрос: «Что я должен узнать как React-разработчик?»."
Почему Flutter побеждает?,https://habr.com/ru/articles/501340/,2020,05,47267,"Последний год я так или иначе пишу приложения на Flutter для iOS и Android. До этого у меня был и есть 5 летний опыт работы с Xamarin. Это были замечательные 5 лет. Благодаря Xamarin и моей любви к этому фреймворку я, в принципе, перешел в стан разработчиков, этот инструмент помог заработать мне немалых денег, знаний и найти замечательных коллег. Так почему же сейчас я пишу на Flutter? Короткий ответ, потому что Flutter покрывает все потребности кросс-платформенной разработки. Немного истории Поправьте меня если я не прав, но 2009 год был во многом ключевым для мобильной разработки в целом и кроссплатформенной разработки в частности. В 2009 вышел iPhone 3gs, который позволял запускать сторонние приложения из AppStore. Впервые эта возможность появилась в годом ранее в iPhone 3g, но по настоящему массовым, «народным» айфоном стал 3gs. Опять же, годом ранее, в сентябре 2008 Android был представлен публике и в 2009 многие производители телефонов стали пробовать Android для своих новый моделей телефонов. Весной 2009 компания Nitobi представила PhoneGap — новый фреймворк для создания кроссплатформенных приложений на основе HTML5, CSS и JS. В том же году, в сентябре компания Ximian выпустила MonoTouch, который позволял писать iOS приложения с использованием Mono и C#. В том же 2009, в декабре, компания Rovio Entertainment выпустила игру для iOS и, на минуточку, Maemo, которая во многом положила начало индустрии мобильных игр — Angry Birds. Последний пример здесь не случайно."
Вышла среда разработки Qt Creator 18,https://habr.com/ru/news/962820/,2025,11,4648,"В конце октября 2025 года состоялся релиз открытой среды разработки Qt Creator 18, предназначенной для создания кроссплатформенных приложений с использованием библиотеки Qt. Проект поддерживает как разработку классических программ на языке C++, так и использование языка QML, в котором для определения сценариев используется JavaScript, а структура и параметры элементов интерфейса задаются CSS‑подобными блоками."
"Полвека «универсальным машинным языкам» (1966—2016): прошлое, настоящее, будущее",https://habr.com/ru/articles/270379/,2015,11,19429,"Прошлое Повествование можно начать с 1962 г., когда в Кембриджском университете началась работа над CPL («Cambridge Programming Language») — «усовершенствованным вариантом» ALGOL-60. К работе над языком подключился аспирант Мартин Ричардс; главной сложностью в реализации нового ЯП ему показалась необходимость ручного портирования компилятора для разных компьютерных платформ. В частности, когда кембриджский EDSAC-2 заменили на Atlas-2 , разработчики CPL потратили много времени на портирование своего компилятора для новой платформы. Диссертация Мартина была посвящена «само-компилирующемуся» CPL: разработанный Мартином компилятор был написан на сильно упрощённом варианте CPL, компилятор которого несложно было написать на тогдашнем макроассемблере. Перенос CPL на новую платформу теперь можно было выполнить в два шага: Вручную пишем компилятор «упрощённого CPL»; Компилируем им компилятор «полного CPL». На этом Мартин не остановился, и разработал BCPL — систему для разработки переносимых компиляторов. Компилятор BCPL генерировал псевдокод , названный Мартином «OCODE» . OCODE выглядел примерно так: OCODE «расшифровка» («procode») 94 5 L1 83 73 69 86 69
95 4
42 0
42 0 40 2 14
83
42 0 42 1 40 2 14 83
42 2
40 3 42 1 15
92
85 L5
90 L6
42 1 40 4 40 2 14 83
40 4 42 1 14 80 4 
90 5 40 4 40 5 88 L6
91 4
42 2 40 3 42 1 15 92
85 L7
90 L8 40 4 40 2 14
8 87 L9
40 4 42 2 11 92
85 L11
90 L10
42 0 40 6 40 2 14 83
40 4 40 6 14 80 6
90 L11
40 6 40 3 22 86 L10
91 6 90 L9
40 4 42 1 14 80 4
90 L7 40 4 40 5 88 L8
91 4 97 103 0 ENTRY 5 L1  'S' 'I' 'E' 'V' 'E'
SAVE 4
LN 0
LN 0 LP 2 PLUS
STIND
LN 0 LN 1 LP 2 PLUS STIND
LN 2
LP 3 LN 1 MINUS
STORE
JUMP L5
LAB L6
LN 1 LP 4 LP 2 PLUS STIND
LP 4 LN 1 PLUS SP 4
LAB L5 LP 4 LP 5 ENDFOR L6
STACK 4
LN 2 LP 3 LN 1 MINUS STORE
JUMP L7
LAB L8 LP 4 LP 2 PLUS
RV JF L9
LP 4 LN 2 MULT STORE
JUMP L11
LAB L10
LN 0 LP 6 LP 2 PLUS STIND
LP 4 LP 6 PLUS SP 6
LAB L11
LP 6 LP 3 LS JT L10
STACK 6 LAB L9
LP 4 LN 1 PLUS SP 4
LAB L7 LP 4 LP 5 ENDFOR L8
STACK 4 RTRN ENDPROC 0 ; заголовок процедуры ; стековый кадр (два параметра и две локальные переменные) ; поместить на стек число 0 ; поместить ещё один 0, прибавить к нему 2-ой элемент стека ; записать в массив на вершине стека значение под ним ; всё то же самое для 1-ого элемента массива ; поместить на стек число 2 ; вычесть единицу из значения 3-его элемента стека ; записать результат в локальную переменную ; перейти к метке L5 ; объявление метки L6 ; взять 4-ый элемент стека, записать в массив по этому индексу 1 ; прибавить к 4-ому элементу стека 1, записать результат обратно ; L5: перейти к метке L6, если 4-ый элемент стека <= 5-ому ; объявление, что на стеке сейчас четыре элемента ; вычесть единицу из значения 3-его элемента стека ; перейти к метке L7 ; L8: сложить 4-ый и 2-ой элементы стека ; прочитать значение по этому адресу; если это 0, перейти к L9 ; умножить 4-ый элемент на два ; перейти к метке L11 ; объявление метки L10 ; взять 6-ой элемент стека, записать в массив по этому индексу 0 ; прибавить к 6-ому элементу стека 4-ый, записать рез-т обратно ; объявление метки L11 ; перейти к метке L10, если 7-ой элемент стека меньше 4-ого ; на стеке сейчас шесть элементов; объявление метки L9 ; прибавить к 4-ому элементу стека 1, записать результат обратно ; L10: перейти к L8, если 4-ый элемент стека <= 5-ому ; на стеке четыре элемента; окончание процедуры (Для экономии места, последовательности команд записаны в одну строчку. Мартин в своём руководстве по BCPL поступает точно так же.) Исходный код на BCPL: LET sieve(workvec, vecsize) BE
{
  workvec!0 := 0
  workvec!1 := 0
  FOR i = 2 TO vecsize-1 DO workvec!i := 1
  FOR i = 2 TO vecsize-1 DO
    IF workvec!i DO
    { LET j = 2 * i
      WHILE j < vecsize DO
      { workvec!j := 0
        j := j + i
      }
    }
} В более новых версиях OCODE добавилась поддержка чисел с плавающей точкой (соответственно, набор поддерживаемых опкодов почти удвоился), а также удалили опкод ENDFOR — вместо него генерируется пара LE JT . Среди «универсальных машинных языков» OCODE уникален тем, что метки в нём определяются специальными инструкциями — т.е. для интерпретации программы её нужно сначала всю загрузить в память, и найти в ней метки. — а отдельная программа, кодогенератор , превращала файл с таким псевдокодом в исполнимую программу для конечного процессора. OCODE сохранялся в виде текстового файла из десятичных чисел, разделённых пробелами и переводами строк: в то время, когда OCODE разрабатывался, привязка формата файла к конкретному размеру байта ограничивала бы переносимость такого файла."
Роадмэп по современному фронтенду от KTS,https://habr.com/ru/companies/kts/articles/775948/,2023,12,60828,"Привет! Меня зовут Фёдор, я фронтенд-тимлид в KTS и преподаватель школы Metaclass . Эта статья — цельный план развития во фронтенде. Расскажем, что из себя представляет современный фронтенд и какие знания нужны для востребованности на рынке труда. Статья подойдет как для начинающих специалистов, так и для более опытных, которые хотели бы получить какой-то ориентир для дальнейшего развития. К статье прилагается роадмэп, который можно скачать, изучать, распечатать."
Dioxus 0.6,https://habr.com/ru/articles/865980/,2024,12,3375,"Значительное улучшение инструментария: эмуляторы для мобильных устройств, магический Hot-Reloading, интерактивный CLI, и многое другое!"
"Все, что вам нужно знать о Kotlin Multiplatform",https://habr.com/ru/companies/otus/articles/751192/,2023,07,24342,"Kotlin Multiplatform — это набор для разработки программного обеспечения , который значительно лучше других вариантов разработки кроссплатформенных приложений. В этом руководстве по Kotlin multiplatform вы подробно узнаете все об этом наборе."
Удивительный Angular,https://habr.com/ru/articles/348818/,2018,02,214439,"От переводчиков Всем привет, с вами Максим Иванов и Дмитрий Сергиенков , и сегодня мы поговорим о новостях в мире Angular. Мы подготовили для вас наиболее интересные материалы и отобрали список вопросов, который вам должен понравиться. Отметим только, что если вы будете ждать от этой статьи ответа на вопрос ""Чем Angular лучше других технологий?"", то придется вас огорчить, у нас не будет ответа на него. Почему? Как правило, все мнения вида ""Технология X лучше технологии Y"" почти всегда не более, чем отражение точки зрения высказывающегося. Однако для тех, кто только начинает изучать этот фреймворк, мы постараемся объяснить, что дает вам эта технология и какую пользу она приносит. Также не проходите мимо и ответьте на опрос, самые популярные ответы будут отправлены Игорю Минару (ведущий разработчик команды Angular). Ну что же, приступим."
Самые популярные бесплатные движки для разработки игр,https://habr.com/ru/companies/timeweb/articles/659891/,2022,04,251285,"В январе я участвовала в своем первом геймджеме — Global Game Jam 2022, в Стамбуле. На джеме все участники писали игры на движках — ибо надо быстро. Игровой движок — это физика, рендеринг, скрипты, искусственный интеллект. Создавать игру с нуля или пользоваться движком — вопрос вкуса. Вон, Джонатан Блоу вообще пишет свой движок, чтобы писать на нем игру. Я обратила внимание, что большинство студентов использовали либо Unity либо GameMaker. Сама я питаю нежные чувства к Construct, но на нем всего одна команда делала игру. Я решила поискать альтернативу для себя, заодно запилила подборку бесплатных движков для начинающих (а может и продолжающих) игроделов. Еще я веду канал в Telegram GameDEVils (на русском) и блог на Substack (на английском), делюсь там клевыми материалами (про геймдизайн, разработку и историю игр). Популярные движки Steam и itch.io Вот статистика, игры на каких движках выкладывают в Steam :"
Стек технологий Shiro Games,https://habr.com/ru/articles/497292/,2020,04,8605,"Наш игровой движок Heaps.io и набор инструментов и технологий, на котором он основан, являются результатом опыта, накопленного за двадцать лет, посвященных созданию игр: сначала в компании Motion-Twin (создатели Dead Cells ), а с 2012 года в Shiro Games ( Evoland , Northgard и Darksburg ). Названные игры (2D и 3D) были созданы с использованием стека библиотек и инструментов, исходный код которых был открытым с самого начала, и которые продолжают развиваться и поддерживаться. Так как меня часто спрашивают о том, как мы создаем игры, то я подумал, что было бы неплохо поделиться подробностями обо всех элементах технологического стека Shiro Games. Он прекрасно подходит для наших задач, так что возможно он может подойти и другим компаниям."
Передача данных через анимированные QR на Gomobile и GopherJS,https://habr.com/ru/articles/430688/,2018,11,34512,"В данной статье я хочу рассказать о небольшом и забавном проекте выходного дня по передаче файлов через анимированные QR коды. Проект написан на Go, с использованием Gomobile и Gopherjs – последний для веб-приложения для автоматического замера скорости передачи данных. Если вам интересна идея передачи данных через визуальные коды, разработка веб-приложений не на JS или настоящая кроссплатформенность Go — велкам под кат."
"Обзор программы Heisenbug 2021 Moscow: инструменты, воркшопы, экзоскелеты",https://habr.com/ru/companies/jugru/articles/576750/,2021,09,1999,"Конференция по тестированию Heisenbug грядет: до старта осталось меньше месяца. В программу вносят последние штрихи, поэтому уже можем рассказать Хабру, какие доклады в неё попали. Будут полюбившиеся зрителям спикеры, работающие над популярными инструментами: Артем Ерошенко (автор Allure Framework), Андрей Лушников (занимается Playwright), Олег Ненашев (из команды Jenkins). Будут и совершенно новые темы. Например, впервые на Heisenbug поговорят о тестировании Flutter-приложений и умных девайсов. Более того, речь зайдёт даже о беспилотных автомобилях и экзоскелетах! А помимо обычных докладов, пройдёт ряд воркшопов, где на экране вместо теоретических слайдов будет происходить сплошная практика. Для хабрапоста мы разбили полный список докладов на тематические блоки —  так что можете выбрать интересное вам и перейти к нему."
Геотрекинг в React Native,https://habr.com/ru/companies/simbirsoft/articles/493312/,2020,03,13586,"Мобильное приложение может выступать в роли «рабочего места» сотрудника, при этом бывает необходима передача географических координат и прочих данных. При кроссплатформенной разработке приложений на iOS и Android для этой задачи зачастую используют фреймворки, такие как Flutter или React Native. В этой статье мы рассказываем об особенностях работы с геолокацией в React Native на примере нашего кейса."
Релиз среды разработки Qt Creator 13,https://habr.com/ru/news/805615/,2024,04,4775,3 апреля 2024 года состоялся релиз открытой среды разработки Qt Creator 13. Это событие произошло после недавнего выпуска фреймворка Qt 6.7 и спустя пять месяцев после выхода Qt Creator 12.
Kotlin Multiplatform в ОС Аврора,https://habr.com/ru/articles/753570/,2023,08,8922,"В данной статье описана работа ОС Аврора с технологией Kotlin Multiplatform. Рассматривается метод подключения модуля Kotlin Multiplatform к приложению на Qt/QML. Для демонстрации было портировано уже существующие демо приложение ""KMM RSS Reader"". Проведены тесты производительности."
IT 2018: будущее наступило вчера,https://habr.com/ru/companies/lanit/articles/346302/,2018,01,44044,"Мы уже почти написали пост к старому Новому году с отличной задумкой и героями русских сказок, но процесс прервало сообщение в Telegram. А в нём — анонс новости от экспертов рынка. Исследователи из Оксфордского и Йельского университетов пришли к выводу, что переход к полной автоматизации большинства экономических и технологических процессов закончится через 150 лет. Их азиатские коллеги показывают более оптимистичный срок — 104 года. Так что все фантазии компаний относительно победы искусственного интеллекта в течение пары лет, увы (или к счастью), несостоятельны. Но тем не менее технологии продолжают экспансию, эксперты предрекают будущее, бизнес принимает или меняет правила игры. У нас есть свой прогноз. А вы — делитесь своим в комментариях. Ну и сказки, пожалуй, оставим — они предсказали будущее сотни лет назад. Источник"
Выпуск среды разработки Qt Creator 12,https://habr.com/ru/news/776236/,2023,11,6056,"Вчера, 23 ноября 2023 года вышел релиз среды разработки Qt Creator 12. Qt Creator (ранее известная под кодовым названием Greenhouse) — свободная IDE для разработки на С, C++, JavaScript и QML. Разработана Trolltech (Digia) для работы с фреймворком Qt. Включает в себя графический интерфейс отладчика и визуальные средства разработки интерфейса как с использованием QtWidgets, так и QML. Поддерживаемые компиляторы: GCC, Clang, MinGW, MSVC, Linux ICC, GCCE, RVCT, WINSCW. Удобный графический интерфейс с поддержкой Qt Widgets и QML, а большое количество поддерживаемых компиляторов позволяют быстро и удобно создать свое кроссплатформенное приложение. В состав Qt Creator входит передовой инструмент Qt Designer, позволяющий создавать внешний вид окна приложения, добавляя и перетаскивая элементы по аналогии Windows Forms в Visual Studio. В качестве систем сборки используются qmake, cmake и autotools По мнению автора и большинства разработчиков Qt Creator прекрасное, компактное и хорошо документированное решение, наверное лучшее для начинающих программистов сочетая два лучших языка C++ и Python."
React в браузерах и на мобильных платформах,https://habr.com/ru/companies/bitrix/articles/305702/,2016,07,18230,
Издательство Питер. Колонка редактора,https://habr.com/ru/companies/piter/articles/566196/,2021,07,3307,"Привет, Хаброжители! Предлагаем ознакомиться с краткими обзорами сданных в типографию новинок."
Релиз среды разработки Qt Creator 15,https://habr.com/ru/news/863746/,2024,12,4613,"Представлен релиз открытой среды разработки Qt Creator 15, предназначенной для создания кроссплатформенных приложений с использованием библиотеки Qt. Проект поддерживает как разработку классических программ на языке C++, так и использование языка QML, в котором для определения сценариев используется JavaScript, а структура и параметры элементов интерфейса задаются CSS-подобными блоками. Готовые сборки Qt Creator 15 опубликованы для Linux, Windows и maсOS. Релиз Qt Creator 14 состоялся в июле 2024 года."
Релиз среды разработки Qt Creator 16,https://habr.com/ru/news/890944/,2025,03,4472,"13 марта 2025 года состоялся релиз открытой среды разработки Qt Creator 16, предназначенной для создания кроссплатформенных приложений с использованием библиотеки Qt. Проект поддерживает как разработку классических программ на языке C++, так и использование языка QML, в котором для определения сценариев используется JavaScript, а структура и параметры элементов интерфейса задаются CSS‑подобными блоками."
Intel INDE Multi-OS Engine,https://habr.com/ru/companies/intel/articles/266653/,2015,09,16370,"Не так давно, в начале августа, на конференции Android Developer Conference (Andevcon) 2015, проходившей в Бостоне, корпорация Intel анонсировала INDE Multi-OS Engine — фреймворк для разработки нативных кроссплатформенных приложений на Java."
Vibe Coding и сравнительный анализ его инструментов,https://habr.com/ru/articles/910250/,2025,05,26077,"В этой статье мы с Дмитрием Жечковым сделали структурированный и честный разбор самых актуальных решений vibe coding: от браузерных платформ и IDE до CLI-инструментов и расширений. Мы сравнили их по ключевым параметрам - AI-интеграция, автоматизация, поддержка языков, интеграция с инфраструктурой и внешними сервисами - и выделили лидеров для разных задач и уровней подготовки. Если вы выбираете между Bolt.new, Lovable, Cursor, Zed или ищете оптимальный инструмент для команды, аналитики или мобильной разработки - этот материал поможет быстро сориентироваться в возможностях рынка и подобрать решение под свой стек. Узнайте, какие тренды формируют будущее vibe coding, и что важно учитывать при выборе инструментов для AI-ассистированной разработки."
Вышел Qt Creator 11,https://habr.com/ru/news/749562/,2023,07,3879,"Состоялся релиз интегрированной среды разработки Qt Creator 11.0 . Готовые сборки проекта сформированы и выложены на GitHub для maсOS, Linux и Windows."
Самые интересные материалы о Visual Studio 2015,https://habr.com/ru/companies/microsoft/articles/262689/,2015,07,35336,
"Что на DotNext 2024 расскажут о практиках .NET-разработки, архитектуре, «кишочках» .NET и не только",https://habr.com/ru/companies/jugru/articles/839182/,2024,08,3301,"До конференции DotNext 2024 осталась всего пара недель, и уже хорошо известно обо всех докладах, которые там будут. Все они делятся на четыре основных категории: — Best practices : скажем, «Как собирать проекты просто» или «Как использовать АОП в .NET» — Архитектура : например, про DDD или Serverless — Internals : как в .NET всё устроено «под капотом» — «Расширяем горизонты» : всё, что не подходит предыдущим категориям, но тоже полезно дотнетчикам. Например, знали ли вы, что «монады есть у нас дома», то есть в .NET есть аналог этой концепции? Темы бывают и фундаментальными, вроде «Асинхронность за пределами async/await», и экзотическими, вроде «.NET для чайников» (ну то есть физических чайников с кухни). И вишенкой на всём этом — выступление о саморазвитии от Максима Дорофеева, который хорошо известен многим разработчикам своими материалами о продуктивности. В этом посте — описания сразу всех докладов, разделённые на эти четыре блока:"
Подборка бесплатных инструментов для разработчиков,https://habr.com/ru/companies/mws/articles/270589/,2015,11,188294,"Сегодня мы представляем вашему вниманию адаптированную подборку инструментов (в том числе облачных) для разработчиков, которые позволяют создавать по-настоящему качественные проекты. Здесь представлены исключительно SaaS, PaaS и IaaS сервисы, предоставляющие бесплатные пакеты для разработчиков инфраструктурного ПО."
.NET Core vs Node.js,https://habr.com/ru/articles/506282/,2020,06,32832,"Цель данной статьи — не выбор лучшей из двух платформ, а поиск сильных и слабых сторон каждой из них. Обе технологии прочно зарекомендовали себя в мире веб-разработки. Каждая из них имеет своих фанатов, получивших хорошие результаты и делящиеся своими достижениями на просторах интернета. В сети имеются многочисленные отзывы о тех преимуществах, которые получили разработчики при переходе на .Net Core или Node.js. Попытаемся разобраться в этом."
Разработка мобильной 2D-игры «Составь слова из слова»,https://habr.com/ru/articles/309800/,2016,09,10719,"Как-то обычным летним вечером ехал домой с работы в метро и увидел у одного парня игру на планшете, где нужно составлять слова из букв. Скачал ее на свой планшет и начал играть. Поиграв какое-то время, понял, что некоторые особенности можно было бы реализовать поудобнее, и решив, что я могу сделать игрушку минимум не хуже, принялся за реализацию. Работа со словарями Имея некоторый опыт работы с БД Oracle, решил что обработку словарей буду вести в ней (Oracle 11.2 XE). Накачал в интернете несколько словарей в виде текстовых файлов с разделителями и с помощью механизма External Table загрузил в БД. Из загруженных слов отобрал 700 существительных длиной 8-10 букв. Это как раз и будут те слова, из букв которых игроки будут вести составление. Далее необходимо для каждого из этих 700 слов подобрать набор слов, которые можно из него составить. Для этого нужно проиндексировать все слова, чтобы можно было делать поиск по вхождению букв."
Релиз среды разработки Qt Creator 17,https://habr.com/ru/news/919682/,2025,06,3232,"18 июня 2025 года состоялся релиз открытой среды разработки Qt Creator 17, предназначенной для создания кроссплатформенных приложений с использованием библиотеки Qt. Проект поддерживает как разработку классических программ на языке C++, так и использование языка QML, в котором для определения сценариев используется JavaScript, а структура и параметры элементов интерфейса задаются CSS‑подобными блоками."
IoT-проект для умного дома: путь от идеи к производству,https://habr.com/ru/companies/intel/articles/396737/,2016,08,31657,"Сегодня мы расскажем о том, как была создана современная система мониторинга для умного дома, которая контролирует входные двери и гаражные ворота. Эта система – пример того, как идея из мира интернета вещей превращается в рабочий прототип, который, в свою очередь, становится полноценным продуктом, пригодным для массового производства и использования в реальной жизни. Причём, за счёт применения удобных и доступных средств создания работающих IoT-макетов, всё это происходит очень быстро. Так же здесь мы поделимся пошаговой методикой, которая применима к работе над любыми IoT-решениями. В нашем случае, для создания концептуальной модели применяются Intel IoT Development Kit и Grove IoT Commercial Developer Kit. После того, как модель показала, что проект оправдывает ожидания, готовый продукт строится с использованием таких технологий, как Intel IoT Gateway, Intel IoT Gateway Software Suite, Intel XDK IoT Edition, IBM Bluemix и серийно производимых компонентов. Если в двух словах описать наш проект, то получится, что система датчиков собирает сведения о входной и гаражной дверях, данные передаются на шлюз, оттуда – в облако для хранения и анализа. Кроме того, в рамках проекта реализовано несколько приложений, возможности которых опираются на облачные данные. В частности – это система администрирования и мобильное приложение для конечных пользователей."
Полный обзор функциональности российского трекера ошибок Хоук,https://habr.com/ru/articles/962700/,2025,11,2286,"Hawk — это open-source трекер ошибок, разработанный в России. Позволяет отслеживать ошибки в веб-приложениях, API и мобильных сервисах. В этой статье подробно рассмотрим функциональность, которая сегодня доступна пользователям Хоука — от регистрации до продвинутых SDK-функций и планов на будущее."
Инструменты для Serverless: расширяем возможности работы с бессерверными платформами,https://habr.com/ru/articles/590895/,2021,11,4326,"При работе с Serverless есть задачи, для которых базовой функциональности облачных платформ не хватает: использование бессерверных функций со сторонними API, локальная отладка приложения, объединение возможностей нескольких фреймворков. В ответ на эти вызовы появились специальные инструменты — бессерверные фреймворки. Они упрощают запуск проекта, повышают уровень защищённости приложения, а также позволяют быстро внести изменения в стек или архитектуру. Инструментов для работы с бессерверными технологиями — великое множество, и в некоторых подборках рассматривается аж пятьдесят различных наименований. Но я сосредоточусь именно на фреймворках и расскажу о тех, что показались мне наиболее интересными и актуальными."
"React Native тормозит? Проверь эти 8 узких мест в производительности, прежде чем винить фреймворк [ЧЕК-ЛИСТ]",https://habr.com/ru/companies/ncloudtech/articles/914244/,2025,06,4905,"Идея этой статьи родилась во время задушевных разговоров на кухне и за утренним кофе с коллегами. Началось все с вопроса: «Что ты сказал бы себе прошлому, чтобы релизы стали легче, а спринты прекраснее?» Конечно, в тот момент я ничего дельного не ответил, но, кажется, наконец‑то сформулировал идеальную фразу: «Настоящий разработчик, Слав, это не тот, кто с сияющим макбуком и вкусным смузи. Разработчик — тот, кто делает то, что нужно сделать. И в легаси покопаться приходится, и memory leak дебажить, а он всё равно делает, потому что так надо». Привет, Хабр! Меня зовут Вячеслав Чащухин, я — разработчик в МойОфис. Занимаюсь мобильной версией Squadus — цифрового рабочего пространства для совместной работы и деловых коммуникаций. Обращаю ваше внимание на то, что эта статья — не инструкция по решению всех проблем. Скорее, чек‑лист причин, которые, по моему мнению, чаще всего приводят к тем или иным проблемам. Поэтому в некоторых пунктах будут ссылки или упоминания возможных решений. Я объединил проблемы по группам. Если вы обнаружили в своем приложении подлагивания или не хотите их обнаружить в будущем, рекомендую пройтись по пунктам :)"
Обзор свободного ПО для Android,https://habr.com/ru/articles/440280/,2019,02,136316,"Привет Хабр. Не так давно у меня появилось желание написать целую серию статей о безопасности, приватности и анонимности в интернете. Я не хочу тратить время читателей, в очередной раз описывая весьма плачевную ситуацию со сбором персональных данных, все это и так уже было сделано до меня, поэтому давайте сразу перейдём к делу. И так, можно ли пользоваться мобильным устройством без серьёзного ущерба для приватности? Ответ — да, можно, но для этого необходимо избавиться от ПО и сервисов, бесконтрольно собирающих данные. Для этого понадобится желание что-то изменить и любое устройство на которое можно установить кастомную систему Android (iOS по понятным причинам не рассматривается, а из альтернатив только SailfishOS и GNU/Linux, но эти системы можно установить на очень ограниченное число моделей). Всех кто заинтересовался я приглашаю под кат."
Инструменты для Serverless: расширяем возможности работы с бессерверными платформами,https://habr.com/ru/articles/590895/,2021,11,4326,"При работе с Serverless есть задачи, для которых базовой функциональности облачных платформ не хватает: использование бессерверных функций со сторонними API, локальная отладка приложения, объединение возможностей нескольких фреймворков. В ответ на эти вызовы появились специальные инструменты — бессерверные фреймворки. Они упрощают запуск проекта, повышают уровень защищённости приложения, а также позволяют быстро внести изменения в стек или архитектуру. Инструментов для работы с бессерверными технологиями — великое множество, и в некоторых подборках рассматривается аж пятьдесят различных наименований. Но я сосредоточусь именно на фреймворках и расскажу о тех, что показались мне наиболее интересными и актуальными."
Toolbox для исследователей — выпуск первый: самоорганизация и визуализация данных,https://habr.com/ru/companies/spbifmo/articles/451126/,2019,05,6195,"Сегодня мы открываем новую рубрику, в которой будем рассказывать о наиболее популярных и доступных сервисах, библиотеках и утилитах для студентов, ученых и специалистов. В первом выпуске поговорим о базовых подходах, которые помогут работать эффективнее, и соответствующих SaaS-сервисах. Еще — поделимся инструментами для визуализации данных."
Личный опыт и выводы после смены профессии с дизайнера на программиста,https://habr.com/ru/articles/465767/,2019,09,17159,"О чем эта статья По сути статья о том каким образом мой образ мысли должен был измениться при смене профессии, понимание контекста и того на какие моменты стоит обращать внимание, а также насколько сильно выбор ""что же мне учить"" влияет на последующие годы развития личной карьеры. Сразу скажу, я не буду и не считаю осмысленным начинать как в большинстве статей о том какой выбрать язык программирования. Бессмысленно. Нет, вы не выбираете язык программирования. На самом деле вы выбираете свое будущее, ни больше ни меньше. Выбор вашего будущего будет базироваться на области применения и платформе."
Релиз Qt 4.8,https://habr.com/ru/articles/134672/,2011,12,2910,"Коллеги, поздравляю нас с выходом очередной версии этого очень хорошего кроссплатформенного фреймворка. В первую очередь Qt — это набор примитивов и готовых модулей для разработки GUI кроссплатформенных приложений на C++, но за годы развития область применения Qt значительно расширилась. Код для создания «резиновых», легко локализуемых интерфейсов давно доступен не только из C++, но и из многих других языков — python, ruby, php. Технология QML, о которой в последний месяц мы много прочитали благодаря конкурсу от Nokia, позволяет создавать полноэкранные интерфейсы, основанные не на виджетах, а на графических примитивах, их взаимодействии и анимации. Встроенные средства для использования Javascript в качестве скриптового языка приложений, тесная интеграция с WebKit, собственная кроссплатформенная IDE — о Qt можно рассказывать довольно долго. Но я этого делать не буду — только кратко расскажу про то, что нового."
Через тернии к облакам: создание облачного сервиса для 3D проектирования и дизайна помещений на базе ядра C3D и WebGL,https://habr.com/ru/articles/319406/,2017,01,9301,"Нынче в интернетах только и говорят об облаках, как они бесконечны и прекрасны… о серверах, которые они там видели… А ты? Вот и я решил поделиться с читателями своим опытом разработки онлайн сервиса проектирования помещений и интерьеров в 3D. Здесь я постараюсь рассказать об архитектуре проекта в целом и о деталях реализации."
Node.js наизнанку: не все происходит в пуле потоков,https://habr.com/ru/articles/711804/,2023,01,10840,"Node.js это кроссплатформенная среда выполнения JavaScript с открытым исходным кодом для выполнения JavaScript вне браузера. Он поддерживается движком Google V8 , что делает его чрезвычайно производительным. Асинхронная среда выполнения, управляемая событиями Одно из наиболее распространенных утверждений, с которым мы сталкиваемся при знакомстве с Node, заключается в том, что он выполняется в одном потоке. Тем не менее каждый может задаться вопросом, как это возможно, что Node является одним из самых популярных инструментов для создания быстрых и масштабируемых API? Технически, тот факт, что Node.js использует один поток не на 100% верно. Node.js на самом деле использует много потоков, но цикл событий (Event Loop - о котором мы упомянем позже), и пользовательский код выполняются в одном потоке. Если мы ознакомимся с документацией, то увидим, что Node.js использует управляемым событиями неблокирующую модель ввода-вывода ( event-driven, non-blocking I/O model ), которая делает его легким и эффективным. Что такое управляемая событиями неблокирующая модель ввода-вывода? Согласно руководству по Node.js , блокирующие методы выполняются синхронно, а неблокирующие методы выполняются асинхронно. Предположим, что нам нужно написать некоторый код, чтобы прочитать содержимое файла и распечатать его в консоли. Есть два способа сделать это в узле: синхронно и асинхронно. Давайте сначала посмотрим синхронную версию: В приведённом ниже коде происходит следующее: во-первых, нужно подключить модуль FS . Во второй строке вызывается метод readFileSync , и результат сохраняется в переменной data . Основной поток Node.js блокирует эту строку до тех пор, пока не будет прочитано все содержимое файла. Затем содержимое выводиться в консоль, и, в самом конце будет выведено в консоль “Done”."
Создаем GUI на Python: от простого скрипта к Markdown-редактору с Flet,https://habr.com/ru/articles/962746/,2025,11,14411,"В этой статье мы познакомимся с Flet — революционным фреймворком, который позволяет делать именно это. Flet дает вам возможность создавать интерактивные GUI на чистом Python, а для отрисовки использует мощный движок Flutter. Результат — быстрые, красивые и нативные приложения для Windows, macOS, Linux и даже для веба, без необходимости писать ни строчки на Dart или JavaScript."
DUMP-2016: видео всех докладов в одном посте. Бесплатно. Без СМС,https://habr.com/ru/companies/it_people/articles/302286/,2016,05,22624,"8 апреля в Екатеринбурге прошла конференция DUMP . Под катом — видео 60-и докладов про frontend, serverside, devops, mobile, дизайн, управление разработкой и тестирование, плюс все презентации и фотографии с прошедшей конференции. А вот короткий отчетный ролик про DUMP-2016."
6 open-source-инструментов для разработчика: от интеграции данных до языка программирования,https://habr.com/ru/companies/ru_mts/articles/861972/,2024,11,5448,"Привет, Хабр! Я Саша Пиманов, ведущий iOS-разработчик в МТС Диджитал. Сегодня хочу поделиться подборкой open-source-инструментов для начинающих и не только разработчиков. Все они предназначены для различных направлений: интеграции данных, создания приложений, работы с ИИ-фреймворками и так далее. Пост станет еще полезнее, если в комментариях вы приведете примеры инструментов, с которыми работаете сами. Поехали!"
Приглашаем на воркшоп по React Native от разработчика GeekBrains,https://habr.com/ru/companies/vk/articles/353776/,2018,04,2898,"Всем привет! Друзья, 20 апреля приглашаем вас в московский офис Mail.Ru Group. Разработчик GeekBrains Даниил Скрипник расскажет о своем опыте работы с React Native, его особенностях, а также научит участников писать кроссплатформенное приложение-мессенджер. Программа и регистрация — под катом."
И полгода не прошло: релиз Qt 6.7 и Qt Creator 13. Что нового и что изменилось?,https://habr.com/ru/companies/ru_mts/articles/806809/,2024,04,8156,"В этом месяце много релизов, хороших и разных. Так, на днях компания Qt Company опубликовала релиз фреймворка Qt 6.7 . Разработчики придерживаются прежней стратегии как по стабилизации работы, так и по увеличению функций ветки Qt 6. Поддерживается много платформ, включая Windows 10+, macOS 12+, Linux (Ubuntu 22.04, openSUSE 15.5, SUSE 15 SP5, RHEL 8.8/9.2, Debian 11.6), iOS 16+, Android 8+ (API 23+), webOS, WebAssembly, INTEGRITY, VxWorks, FreeRTOS и QNX. Подробности — под катом."
Приглашаем на MoscowJS 25 февраля,https://habr.com/ru/companies/vk/articles/277833/,2016,02,5196,
Отчёт с MoscowJS 25 февраля,https://habr.com/ru/companies/vk/articles/278991/,2016,03,12067,
"20 вещей, которые мне хотелось бы знать, прежде чем стать веб-разработчиком",https://habr.com/ru/companies/skillbox/articles/463917/,2019,08,9536,"В самом начале своей карьеры я не знал многих важных вещей, которые для начинающего разработчика являются крайне полезными. Оглянувшись назад, я могу сказать, что многие мои ожидания не оправдались, они и близко не соответствовали реальности. В этой статье я расскажу о 20 вещах, которые стоит знать еще на старте карьеры веб-разработчика. Статья поможет вам сформировать правильные ожидания."
Python vs Java: кто быстрее и дешевле,https://habr.com/ru/companies/ru_mts/articles/912730/,2025,05,18088,"Современный ИТ-рынок требует от компаний максимальной отдачи при минимальных затратах. Бизнес ждет быстрых результатов, технические команды сталкиваются с дефицитом ресурсов, а выбор языка программирования может кардинально повлиять на оба этих фактора. Возглавляя бэкенд-команду витрины в KION, я, Леша Жиряков, постоянно балансирую между скоростью вывода фичей и стабильностью работы системы. Сегодня решил перевести абстрактные технические дискуссии в конкретные цифры. А еще — поделиться расчетами, которые помогут принять экономически обоснованное решение: что выбрать для следующего проекта — Python или Java?"
Отчет о конференции IvBit,https://habr.com/ru/articles/199218/,2013,10,1379,"Представляем вашему вниманию небольшой отчет о конференции IvBit. 19-го октября 2013 г. в Текстильном институте ИВГПУ в рамках III Всероссийского фестиваля науки прошла конференция IvBit 2013. Несмотря на то, а может именно из-за того, что Иваново расположено достаточно близко к Москве, у нас крайне слабо представлена жизнь IT-сообщества. Конференции, хакатоны и прочие скромные развлечения IT-специалистов нам почти недоступны. Конференции в ВУЗах? К большому сожалению, на них мало кто приходит, кроме самих студентов и их преподавателей. Поэтому было решено организовать и провести конференцию, посвященную исключительно IT-тематике. Для привлечения внимания оставлю здесь слайды презентации первого доклада: Вашкевич В.В. Россия, Иваново, Альтернатива-Софт, Инженер-программист «Platypus Platform: новое средство разработки клиент-серверных приложений на JavaScript» Всех заинтересовавшихся тем, что же было дальше, прошу под кат."
Выпуск среды разработки Qt Creator 12,https://habr.com/ru/articles/776190/,2023,11,12097,"Вчера, 23 ноября 2023 года вышел релиз среды разработки Qt Creator 12. Qt Creator (ранее известная под кодовым названием Greenhouse) — свободная IDE для разработки на С, C++, JavaScript и QML. Разработана Trolltech (Digia) для работы с фреймворком Qt. Включает в себя графический интерфейс отладчика и визуальные средства разработки интерфейса как с использованием QtWidgets, так и QML. Поддерживаемые компиляторы: GCC, Clang, MinGW, MSVC, Linux ICC, GCCE, RVCT, WINSCW."
Куда податься программисту за знаниями в этом году,https://habr.com/ru/companies/badoo/articles/320992/,2017,02,31563,"Мы сделали для вас подборку лучших (по нашему мнению) выступлений с IT-конференций, на которые собираемся поехать в первой половине 2017 года ( как и обещали ). Всё это будет полезно web-программистам (PHP, Go, JS), QA и DevOps. Да, в списке довольно мало конференций, проводящихся на территории России и стран СНГ, но на сегодняшний день их, увы, в принципе не так много. Так что, если вдруг вы знаете о каком-нибудь стоящем мероприятии, дополняйте наш список в комментариях."
Написание нативных Swift модулей для React Native на примере Yandex Mapkit,https://habr.com/ru/articles/736106/,2023,05,2710,"Написание нативных Swift модулей для React Native на примере Yandex Mapkit или коротко о том, куда потратить пару часов свободного времени, если ты React Native разработчик."
"Python-digest #14. Новости, интересные проекты, статьи и интервью [9 февраля 2014 — 16 февраля 2014]",https://habr.com/ru/articles/212789/,2014,02,10737,
Выбор технологий для большого и не очень большого веб-проекта,https://habr.com/ru/companies/SECL_GROUP/articles/315734/,2016,11,113565,"За годы работы я часто слышу вопросы о выборе технологий для того или иного веб-проекта. Кто-то спрашивает у нас, как у разработчиков, как правильно, а кто-то приходит и просит сделать на какой-то конкретной технологии. Проблема в том, что большинство выбирают технологии по субъективным причинам, и пока я не слышал достойного и понятного рассуждения, которое позволило бы выбрать технологию объективно, основываясь на фактах, а не желаниях. Даже немногие итишники могут правильно выбрать технологию, ведь для этого нужно: понимать специфику проекта, иметь многолетний опыт разработки на нескольких языках, знать, как устроены подобные проекты и т.д. Но прежде, чем что-то выбирать, давайте посмотрим, какие технологии бывают, чем они отличаются и в каких случаях какую технологию выбрать."
Какой язык программирования учить в 2020-м?,https://habr.com/ru/companies/jugru/articles/503250/,2020,05,176750,"Статей с подобными заголовками существует уже множество. Но в них постоянно какая-то дичь! Смотрите, Google ещё до основных результатов советует такое: HCL , Карл! Язык, который не просто очень далёк от «Самых Популярных», но ещё и создан для конфигурации, так что его вообще странно ставить в один ряд с языками общего назначения. Страшно представить приключения новичка, который решит строить карьеру по таким советам. Начнём с того, что по запросу «как выучить HCL» вместо туториалов по языку вылезают тексты о соляной кислоте. Это только одна из многих дикостей, которые я встретил в подобных текстах. Поэтому захотелось объяснить, что с ними не так — и написать собственный текст получше, ссылку на который можно кидать начинающим. Конечно, аудитории Хабра информация для начинающих не очень требуется, зато хабравчане могут дополнить текст в комментариях, сделав его ещё полезнее."
Дайджест свежих материалов из мира фронтенда за последнюю неделю №458 (8 — 14 марта 2021),https://habr.com/ru/articles/547004/,2021,03,8169,Предлагаем вашему вниманию подборку с ссылками на новые материалы из области фронтенда и около него.
Используя силу JS во всех аспектах веб-проекта,https://habr.com/ru/companies/raindrop/articles/202134/,2013,11,35002,"Привет хабр! Хочу представить вам мой проект над которым я работал последние несколько месяцев. Это небольшой пост о том как в одиночку и без денег имея в запасе знание JS разработать небольшой веб проект, плагины для нескольких браузеров и мобильную версию к нему. Предисловие Меня всегда удручали закладки браузера или любые другие сервисы своей не информативностью. Довольно затруднительно найти нужную ссылку имея только фавиконку и заголовок. А если нужно найти конкретное видео или картинку в разросшейся коллекции закладок? Одно время я просто сохранял URL-ы в txt файл, вел скрытую группу Вконтакте, делал заметки в Evernote, пользовался кучей сервисов. Все это привело меня к созданию Raindrop.io . Под катом подробности и немного закулисья."
Про QML и новое REST API Яндекс.Диска,https://habr.com/ru/articles/230435/,2014,07,15717,"Доброго времени суток, друзья! В последнее время на хабре совсем перестали появляться статьи на тему QtQuick\QML Про Ubuntu SDK (основанном на QtQuick) и вовсе тишина, а ведь в настоящий момент это основной инструментарий, предлагаемый для разработки приложений под Ubuntu (ни много ни мало самый популярный Linux-дистрибутив). Захотелось в меру своих возможностей исправить эту ситуацию с помощью написания данной статьи! Объять необъятное пытаться не стоит, поэтому начну, пожалуй, с повествования о том, как мне удалось заменить большой объем кода на C++ кодом на QML (в приложении под Ubuntu SDK). Если вам стало интересно, а может быть еще и непонятно, причем тут Яндекс.Диск, то прошу под кат!"
Дайджест свежих материалов из мира фронтенда за последнюю неделю №334 (7 — 14 октября 2018),https://habr.com/ru/companies/zfort/articles/426389/,2018,10,15751,Предлагаем вашему вниманию подборку с ссылками на новые материалы из области фронтенда и около него.
Дайджест свежих материалов из мира фронтенда за последнюю неделю №393 (9 — 15 декабря 2019),https://habr.com/ru/articles/480414/,2019,12,10280,Предлагаем вашему вниманию подборку с ссылками на новые материалы из области фронтенда и около него.
"Мир, код, май: проводим праздники с полезными докладами",https://habr.com/ru/companies/jugru/articles/499714/,2020,04,4543,"Автор оригинала diliago До этой недели слова про «саморазвитие на самоизоляции» были не очень актуальны для айтишников: они продолжали активно работать, у них не появилась прорва времени на книги или онлайн-курсы. Но на майских праздниках время будет, и при этом по-прежнему надо оставаться дома. Как провести их, чтобы не было мучительно больно за бесцельно прожитые дни? И как при этом освежить голову, переключившись с текущих рабочих задач на что-то другое? Мы считаем это подходящим моментом, чтобы получить знания не по своему основному профилю, а по смежным темам. Посмотреть по сторонам всегда интересно, но обычно до этого не доходят руки из-за горящих задач, а вот сейчас возможность есть. Поэтому мы взяли видеозаписи наших конференций и составили плейлисты по необычному принципу: решили показать различным специалистам доклады не со знакомого им мероприятия по их направлению, а с других. Что джавистам было бы особенно близко на конференции по тестированию? А что фронтендеры могут узнать от дотнетчиков?"
"Дуглас Крокфорд, Азат Мардан, Виталий Фридман и все-все-все: анонс бесплатной YouTube-трансляция HolyJS 2017 Moscow",https://habr.com/ru/companies/jugru/articles/343952/,2017,12,4391,"Коротко о событии Конференция: HolyJS 2017 Moscow Дата: 10-11 декабря 2017 года Бесплатная трансляция (только первый зал): страница трансляции на официальном сайте . Любой JavaScript-разработчик однажды задается вопросом: на какую конференцию по JavaScript сходить? Интересные доклады послушать, людей посмотреть, себя показать. В 2016 году мы пошли по тому же пути и обнаружили, что в России ничего подходящего на эту тему нет. Всевозможные митапы по фронту — пожалуйста. Но ведь JS давно уже не только фронт. Короче, мы решили исправить эту несправедливость и создали главную и единственную в России JavaScript-конференцию, HolyJS . На Холи бывает не только фронт, но и бэкенд, десктоп, и даже работа с железом. Теперь нам всем есть куда ходить, но это не конец истории. В JavaScript-мире есть важнейшая особенность, которая отличает его от миров типа Java и .NET: технологии и фреймворки развиваются стремительно. Не попавшие на конференцию люди оказываются в невыгодном положении — мало кому хочется смотреть записи, устаревшие на 4 месяца. Обычно есть несколько фундаментальных докладов, которыми можно гордиться и пересматривать еще пару лет, но большая часть материала интересна и полезна в моменте: посмотрел, послушал, пошел использовать на работе. Всё это останется за пэйволлом? А как же комьюнити и чувство локтя? Нет ли в этом чего-то неправильного? Теперь трансляцию первого зала можно смотреть бесплатно, с нашего сайта и на YouTube. Это позволяет всем желающим присоединиться к конференции и провести на ней все два дня. Прийти вживую было бы круче, но на этой полномасштабной трансляции можно по-настоящему погрузиться в тему и ощутить атмосферу происходящего."
Дайджест интересных новостей и материалов из мира айти за последнюю неделю №50 (23 — 29 марта 2013),https://habr.com/ru/companies/zfort/articles/174751/,2013,03,42704,"Предлагаем вашему вниманию очередную подборку с ссылками на новости, интересные материалы и полезные ресурсы."
Дайджест свежих материалов из мира фронтенда за последнюю неделю №227 (4 — 11 сентября 2016),https://habr.com/ru/companies/zfort/articles/309708/,2016,09,17322,Предлагаем вашему вниманию подборку с ссылками на полезные ресурсы и интересные материалы из области фронтенда.
Дайджест свежих материалов из мира фронтенда за последнюю неделю №321 (25 июня — 1 июля 2018),https://habr.com/ru/companies/zfort/articles/415871/,2018,07,13988,Предлагаем вашему вниманию подборку с ссылками на новые материалы из области фронтенда и около него.
Дайджест интересных материалов из мира веб-разработки и IT за последнюю неделю №158 (27 апреля — 3 мая 2015),https://habr.com/ru/companies/zfort/articles/257199/,2015,05,39410,"Предлагаем вашему вниманию подборку с ссылками на полезные ресурсы, интересные материалы и IT-новости."
Дайджест интересных материалов из мира веб-разработки и IT за последнюю неделю №133 (3 — 9 ноября 2014),https://habr.com/ru/companies/zfort/articles/242709/,2014,11,49329,"Предлагаем вашему вниманию подборку с ссылками на полезные ресурсы, интересные материалы и IT-новости"
Дайджест интересных материалов из мира веб-разработки и IT за последнюю неделю №139 (15 — 21 декабря 2014),https://habr.com/ru/companies/zfort/articles/246413/,2014,12,32463,"Предлагаем вашему вниманию подборку с ссылками на полезные ресурсы, интересные материалы и IT-новости"
Дайджест свежих материалов из мира фронтенда за последнюю неделю №272 (17 — 23 июля 2017),https://habr.com/ru/companies/zfort/articles/333948/,2017,07,18083,Предлагаем вашему вниманию подборку с ссылками на новые материалы из области фронтенда и около него.
Дайджест свежих материалов из мира фронтенда за последнюю неделю №283 (2 — 8 октября 2017),https://habr.com/ru/companies/zfort/articles/339626/,2017,10,16905,Предлагаем вашему вниманию подборку с ссылками на новые материалы из области фронтенда и около него.
Дайджест интересных материалов из мира веб-разработки и IT за последнюю неделю №132 (27 октября — 2 ноября 2014),https://habr.com/ru/companies/zfort/articles/242211/,2014,11,45012,"Предлагаем вашему вниманию подборку с ссылками на полезные ресурсы, интересные материалы и IT-новости"
Дайджест интересных новостей и материалов из мира айти за последнюю неделю №38 (29 декабря — 4 января 2013),https://habr.com/ru/companies/zfort/articles/164751/,2013,01,32907,"Предлагаем вашему вниманию очередную подборку с ссылками на новости, интересные материалы и полезные ресурсы."
Аскетичный вебъ: прототип барахолки на go и js,https://habr.com/ru/articles/435908/,2019,01,10598,"Всем привет, хочу поделиться результатом размышлений на тему — каким может быть современное веб-приложение. В качестве примера рассмотрим проектирование доски объявлений для комиксов. В некотором смысле рассматриваемый продукт рассчитан на аудиторию гиков и им сочувствующих, что позволяет проявить вольность в интерфейсе. В технической же составляющей, напротив, необходимо внимание к мелочам. По правде говоря, я ничего не понимаю в комиксах, но люблю барахолки, особенно в формате форума, какие были популярны в нулевых. Отсюда, допущение (возможно ложное), из которого проистекают последующие выводы, только одно — основной тип взаимодействия с приложением — просмотр, второстепенные — размещение объявлений и обсуждение. Нашей целью будет создание простого приложения, без технических ноу-хау лишних свистелок, однако соответствующее современным реалиям. Основные требования, соблюдения которых хотелось бы достичь:"
Дайджест интересных новостей и материалов из мира айти за последнюю неделю №38 (29 декабря — 4 января 2013),https://habr.com/ru/companies/zfort/articles/164751/,2013,01,32907,"Предлагаем вашему вниманию очередную подборку с ссылками на новости, интересные материалы и полезные ресурсы."
"Тестирование производительности таблиц офисных пакетов в Linux на примере MS Office, LibreOffice, МойОфис, OnlyOffice",https://habr.com/ru/articles/674580/,2022,07,18524,"Актуальность темы обусловлена форсированием перехода Государственных ведомств и госкомпаний России с Windows на Astra Linux. Это было сделано на фоне заявления корпорации Microsoft о сворачивании бизнеса в РФ. Так как у автора, да и у многих других пользователей MS Office, за долгие годы работы скопилось ряд наработок, то вопрос об их работоспособности и переносе под новый офисный пакет, на платформе Linux, стоит остро, как и возможность малой автоматизации рутинных действий."
Кубик Рубика на canvas,https://habr.com/ru/articles/100576/,2010,07,9113,
Языки программирования на все случаи жизни. Часть 1,https://habr.com/ru/articles/925956/,2025,07,13312,"В программировании существует десятки разных направлений, языков ещё больше, около 9000. Эта статья будет интересна для тех, кто только-только начинает свой путь разработчика или же для тех, кому просто интересно. К языку будут прилагаться библиотеки и фреймворки, которые нужны для обсуждаемых направлений (например, django для python в бэкэнде)."
Разработчики выпустили обновление UI-фреймворка Slint 1.2,https://habr.com/ru/news/759632/,2023,09,1511,"Разработчики UI-фреймворка Slint выпустили версию 1.2. В обновлении улучшили базовый API, добавили поддержку Espressif IDF для разработки под ESP и Linux KMS."
Как работает компьютер. Простая статья для начинающих программистов,https://habr.com/ru/articles/964572/,2025,11,24690,"В этой статье изложено всё, что нужно знать об устройстве компьютера с точки зрения программиста. Сюда входят сведения о том, для чего нужен тактовый генератор, регистры, кэши и виртуальная память; что такое архитектура процессора; что такое машинный код и код ассемблера; чем отличается компиляция в машинный код в C, C++ или Rust от компиляции в байт-код виртуальной машины в языках типа Java и C#; в чём их отличие от интерпретируемых языков вроде JavaScript или Python; что такое динамические и статические библиотеки (.dll/.so, .lib/.a); что такое фреймворк; что такое API и web-API; и что собой представляет параллельное программирование с использованием многоядерных процессоров, векторных регистров и видеокарт."
"Интервью с Мигелем де Икасой: Microsoft, Mono, смартфоны и многое другое",https://habr.com/ru/companies/jugru/articles/547714/,2021,04,5627,"В эфире конференции DotNext 2020 Moscow выступил Мигель де Икаса, один из известнейших разработчиков, положивший начало множеству проектов, которыми многие пользуются по сей день. Мы расспросили его о некоторых вещах, включая взаимоотношения с Microsoft, зарождение Mono, мобильные устройства и многое другое. Рассказывая обо всем этом, Мигель припомнил множество интересных событий и фактов, о которых вам наверняка будет интересно прочитать. Интервью брали Игорь Лабутин, разработчик на C# и архитектор, и Андрей Акиньшин, перформанс-лид Rider, мейнтейнер проекта BenchmarkDotNet. Текст интервью и видео — под катом."
Golang для Embedded Linux,https://habr.com/ru/articles/587524/,2021,11,12681,"При разработке очередной платформы перед командой АТОЛ встал вопрос выбора языка программирования/стека технологий/железа/фреймворка для создания решений. Железо было выбрано на базе относительно недорогой Linux-платформы STM32MP153 /512MB DDR3/8GB eMMC. Эта платформа имеет на несколько порядков больше ресурсов, чем используемые в нашей основной массе решений LPC1768 / LPC1778 / LPC4078 / STM32F207 . 100% наработок кода компании для устройств были написаны на C/C++, однако прогресс не стоит на месте, и периодически необходимо актуализировать инструменты и технологии разработки, особенно с учетом новых аппаратных возможностей. Из статьи станет ясно, как мы дошли до жизни такой и почему выбрали Golang для создания очередного набора решений. Выбор стека технологий важен для всех компаний, которые занимаются разработкой железа и перерастают крошечные embedded контроллеры на Cortex M0/M3/M4/M7. Обычно команды при переходе на новую платформу выбирают одно из двух решений: стараются сделать новую версию системы на новом железе/технологиях/архитектуре, превращая решение в нестабильный долгострой, или наоборот — вносят минимальное количество изменений, но иногда вместо совокупности положительных черт разных подходов получают совокупность отрицательных. В статье исследованы особенности различных языков программирования/технологий (Java, Python, C/C++, Rust, Golang), их плюсы и минусы, сформулированы критерии выбора и представлен выбор команды АТОЛ. Для анализа использован метод SWOT-анализа . В качестве источников данных — информация сайтов фреймворков. Помимо этого, косвенная информация о боли и страданиях разработчиков получена на Stackoverflow , и часть субъективных выводов сделана на основе моего экспертного мнения за более чем 30-летний опыт программирования."
Популярные языки программирования: что учить?,https://habr.com/ru/companies/sberbank/articles/652655/,2022,02,17752,"Задавшись таким вопросом, новички гуглят рейтинги популярности языков. Кажется логичным, однако большинство исследований о популярности того или иного языка строятся на основе выдачи поисковиков, соцсетей, сайтов с вакансиями и крупных сообществ разработчиков. То есть туда попадает и Google Search, и Twitter, и Reddit — довольно «грязная» выборка. Чтобы увидеть реальную картину, стоит подумать: почему тот или иной язык внезапно набирает популярность? Иногда причина частого упоминания в интернете не имеет отношения к востребованности языка. Так, например, в ежегодном рейтинге языков программирования Института инженеров электротехники и электроники (IEEE) за 2020 год язык COBOL неожиданно занял 7-е место по популярности в Twitter. А произошло это потому, что в апреле 2020 года в самый разгар пандемии COBOL часто мелькал в новостях Twitter, когда губернатор Нью-Джерси Фил Мёрфи объявил, что штат отчаянно нуждается в добровольцах, обладающих навыками работы с COBOL. Это объявление вызвало много удивления. Оказалось, что американская система страхования была перегружена из-за всплеска заявок на пособие по безработице, что привело к задержке в обработке дел, так как было недостаточно программистов, знакомых с языком из эпохи динозавров. Это и стало причиной частого упоминания, но сам язык не стал популярнее среди разработчиков."
Flutter: Почему использует язык Dart,https://habr.com/ru/articles/662135/,2022,04,29600,"Почему Flutter использует язык Dart? Основные преимущества языка Dart. Сложность: Новичок . Многие лингвисты считают, что естественный язык, на котором говорит человек, влияет на то, как он думает . Применяется ли та же концепция к компьютерным языкам? Программисты, работающие с разными языками программирования, часто предлагают совершенно разные решения проблем. В качестве более радикального примера, ученые-компьютерщики убрали оператор goto , чтобы поощрять более структурированные программы (не совсем тоже самое, что тоталитарные лидеры в романе ""1984"", удаляющие еретические слова из естественного языка, чтобы устранить мыслепреступления , но вы поняли идею). Какое это имеет отношение к Flutter и Dart ? На самом деле совсем немного. Ранняя команда Flutter оценила более дюжины языков и выбрала Dart, потому что он соответствовал тому, как они создавали пользовательские интерфейсы. Dart — главная причина, по которой разработчики любят Flutter."
Релиз Visual Studio 2015 и .NET 4.6,https://habr.com/ru/companies/microsoft/articles/263217/,2015,07,96429,
"Ionic Capacitor Vite, Vue (в 4-х частях)",https://habr.com/ru/companies/otus/articles/725382/,2023,03,12559,"Capacitor — это нативный рантайм с открытым исходным кодом для создания приложений Web Native. Создавайте кроссплатформенные iOS, Android и Progressive Web Apps (PWA) с помощью JavaScript, HTML и CSS. Vite — это инструмент сборки, цель которого — обеспечить более быструю и экономную разработку современных веб-проектов. Он состоит из двух основных частей: сервер dev и команда build. За 8 минут я объясняю, как создать проект vue js с помощью vite, преобразовать его в мобильное приложение и развернуть его на симуляторе с live-reload для эффективного процесса разработки."
React Native: новая веха в мобильной разработке Shopify,https://habr.com/ru/companies/vdsina/articles/486396/,2020,01,10921,"Или почему Shopify переходит на React Native. После многих лет нативной мобильной разработки мы решили на всех парах двинуться в сторону разработки мобильных приложений на React Native. Ниже будет ясно, что это решение далось нам нелегко. В конце каждого квартала мы видим одну и ту же картину: большинство наших клиентов делают покупки через мобильные устройства (в третьем квартале прошлого года их доля составила 71%). Чёрная пятница и Киберпонедельник — самое горячее время для наших продавцов, а активность покупателей в эти дни зашкаливает. В этом году в период скидок партнеры Shopify зафиксировали 3-процентный рост заказов с мобильных устройств, а средняя доля таких покупок составила 69% от общего числа транзакций . Так почему же мы решили перейти на React Native? И почему именно сейчас? Что теперь будет с нашей нативной мобильной разработкой? Быстро и коротко ответить на эти вопросы не получится. Начнем с предыстории."
Почему в 2020 году мы по-прежнему выбираем Ruby?,https://habr.com/ru/articles/521594/,2020,10,9704,"Привет, Хабр! Представляю вашему вниманию перевод статьи «Why is Ruby still our choice in 2020?» автора Vira Vashkovska. Мы — опытная команда Ruby on Rails разработчиков. Некоторые из нас занимаются разработкой на Ruby уже многие годы и знают его как свои пять пальцев. Вот почему нам требуется много мужества чтобы признать, что Ruby сейчас не в лучшей форме. Язык был очень популярен в 2013-2015 годах, но затем его популярность пошла на спад. Это особенно заметно, если мы сравним статистику Ruby и Ruby on Rails за 2020 года с прогрессом, достигнутым другими инструментами. Stack Overflow провел довольно тривиальное сравнение динамики роста Ruby и Node.js на основе количества заданных вопросов. Да, это не самый объективный показатель, но вы поняли…"
C++ и кризис стандартизации,https://habr.com/ru/articles/884994/,2025,02,11215,"У меня на ладони лежит очень горячий сотовый телефон, который разогрелся из‑за того, что мессенджер отображает статичное сообщение с пузырем и текстом на экране при помощи браузерного движка и безумного количества сторонних библиотек. При этом я отлично помню время, когда десктоп был в 10 раз менее производительным, чем этот сотовый, а не‑кроссплатформенные мессенджеры тех времен, написанные на С++, отображали текст не нагружая эти допотопные процессоры и на 10%. Я считаю, что в такой деградации виноват в первую очередь комитет по стандартизации C++. Их близорукие решения и неспособность адаптироваться к реальным потребностям разработчиков привели к парадоксальной ситуации: несмотря на постоянное увеличение мощности компьютеров, программы работают медленнее и потребляют больше ресурсов, чем их аналоги десятилетней давности, а С++‑разработчики не могут создать даже простой мессенджер, который будет работать на 2–3 распространенных операционных системах, не используя массы сторонних библиотек. C++ задумывался как язык, который должен был дать программистам возможность писать эффективный код с высоким уровнем абстракции. Однако комитет по стандартизации своими действиями превратил его в переусложненный инструмент, непригодный для решения базовых задач современного программирования. Давайте рассмотрим, как именно комитет саботирует развитие языка. Комитет создал порочную практику бесконтрольного добавления новых возможностей без удаления устаревших. C++ превратился в настоящего монстра, где даже для такой базовой операции как создание строки или умного указателя существует множество способов. Такое разнообразие не только затрудняет обучение языку, но и создает реальные проблемы при разработке, когда разные библиотеки используют разные подходы к решению одних и тех же задач."
Pulse Boson PHP #1,https://habr.com/ru/articles/944716/,2025,09,6382,"Обзор развития проекта Boson PHP — платформы для создания десктопных приложений на веб-технологиях. Новый сайт, обновленная документация, веб-компоненты (главная фишка проекта), и технические особенности разных ОС."
"Общий обзор Telegram Mini App: особенности, преимущества, ограничения и примеры",https://habr.com/ru/articles/886864/,2025,03,34696,"Telegram Mini App — встроенное в мессенджер веб-приложение, которое дает возможность пользоваться сервисом без установки отдельных программ. Это позволяет иметь удобный сервис, интегрированный с экосистемой мессенджера, будь то интернет-магазин, система бронирования и др. Мы написали общий обзор данного приложения, его возможности, первые шаги к созданию и существующие примеры."
Создание игр для Windows Store c использованием WebGL,https://habr.com/ru/companies/microsoft/articles/203550/,2013,11,14602,
DotNext 2017 Moscow: возвращение хардкора,https://habr.com/ru/companies/jugru/articles/341378/,2017,10,7461,"12-13 ноября (то есть всего через пару недель) состоится DotNext 2017 Moscow , крупнейшая в России конференция, посвященная разработке на платформе .NET. Среди наших докладчиков — ведущие отраслевые эксперты из России, Европы и США. Основные темы конференции — внутренности работы платформы (CLR, GC, JIT), лучшие практики по использованию инструментов, профилирование и оптимизация производительности, многопоточное программирование, нововведения платформы, решения сложных кейсов. Под катом — детальный разбор программы, несколько слов о нововведениях этого года и секретный промокод со скидкой."
Краткая история развития игровых движков,https://habr.com/ru/companies/miip/articles/314502/,2017,01,31714,О разработке игр и становлении игровой индустрии
OpenSource платформа BayLang Technology,https://habr.com/ru/articles/893968/,2025,03,2228,"Добрый день! Меня зовут Ильдар. Сегодня я расскажу про свой стартап BayLang Technology. BayLang Technology — инновационная OpenSource IT-платформа для создания сайтов, CRM, ERP систем и мобильных приложений. С помощью BayLang Technology можно значительно ускорить разработку платформ, CRM и мобильных приложений. Основная цель BayLang Technology — сделать разработку ERP и CRM систем быстрой и эффективной."
Лента Мёбиуса мобильной разработки: что расскажут на Mobius 2024 Autumn,https://habr.com/ru/companies/jugru/articles/845370/,2024,09,971,"Что общего у мобильной разработки с лентой Мёбиуса? С первого взгляда видишь две стороны: вот же они, Android и iOS. А потом присматриваешься — и замечаешь, что одно может плавно переходить в другое. Вот смотрите. Мы скоро проведём конференцию Mobius . Казалось бы, хабрапост с описаниями докладов логично поделить на две части, чтобы любому разработчику было удобно читать именно о «своей» платформе. Но будет, например, доклад про корутины в Kotlin. Этот язык привычен в мире Android, однако с Kotlin Multiplatform выходит за рамки платформы. И кому тогда стоит знать про такой доклад: Android-разработчикам или всем? Ещё есть доклады про Flutter. Они интересны только флаттеристам, или нативные разработчики с обеих сторон тоже следят «что там происходит»? И есть другие «кроссплатформенные» темы, не привязанные строго к платформе. Их в посте где лучше поставить, в начале или конце? В общем, вместо строгого деления на две половины получился текст из пяти блоков, постепенно переходящий от одной платформы к другой. Сами смотрите, какие части этой ленты актуальны для вас."
Мифы no-code разработки,https://habr.com/ru/articles/746162/,2023,07,9107,"Прежде всего, хочу отметить, что я с командой разрабатываем инструмент no‑code, и считаю, что no‑code платформа имеет хорошие перспективы своего развития. Однако в последнее время появилось множество не совсем точной, а часто и мифологической, информации о платформе. Это способствует завышенным ожиданиям у новичков. Такие мифы продуцируются как разработчиками no‑code, так и всевозможными курсами по обучению. И носят скорее рекламный характер, чем реальные характеристики инструментов. Прежде чем анализировать мифы рассмотрим цикл разработки приложений на коде. 1) разработка UX дизайна (40 часов), 2) разработка UI дизайна (40 часов), 3) программирование бэкенда (120 часов), 4) программирование приложения для андроида (100 часов), 5) программирование приложения для iOs (100 часов), 6) тестирование (40 часов). Здесь трудоемкость каждого вида работ дана в часах для несложного приложения в 10 — 15 экранов. Естественно при увеличении количества экранов пропорционально будет увеличиваться и трудоемкость. Здесь мы не учитываем работу PM (прожект менеджера). Эти цифры средние по нескольким украинским аутсорсинговым IT компаниям. Порядок выполнения работ параллельно‑последовательный: последовательно выполняются UX дизайн, UI дизайн, программирование (все три типа параллельно с некоторым опережением бэкенда), тестирование. Таким образом, общая трудоемкость составляет 440 часов, а продолжительность разработки составляет 240 часов. Сразу отметим, что здесь не рассматриваются конструкторы основанные на шаблонах типа AppsGeyser. Они создают приложение за три шага: 1) Выбрать шаблон из 30 — 50 возможных (несколько кликов); 2) Добавить контент, например, логотип приложения, название, текст и ссылки, чтобы настроить ваше мобильное приложение (порядка 10 минут); 3) Загрузить приложение в Google Play Store. Здесь действительно практически не нужны знания, получается нативное приложение. К сожалению количество шаблонов десятки, а приложений нужно разрабатывать миллионы."
WinJS 3.0 – релиз для всех платформ,https://habr.com/ru/companies/microsoft/articles/240333/,2014,10,23518,
"Kotlin, IT в Эстонии и (внезапно) туннель между Таллином и Хельсинки: интервью с Антоном Кексом",https://habr.com/ru/companies/jugru/articles/431328/,2018,12,6291,"Недавно у нас в блоге вышел весьма специфичный пост про Котлин: не очень серьезный, довольно поверхностный и неожиданно бодрый. Но мы прекрасно понимаем, что критиковать технологию, потратив на её изучение несколько дней, — это моветон. И поэтому в этот раз мы решили поговорить о Котлине с человеком, который пишет на нем на проде с версии 1.0. Сегодня названием Kotlin уже сложно кого-то удивить, особенно в Android-разработке. То ли дело в начале 2016-го: востребованность была на порядок ниже, об официальной поддержке Google ещё и речи не шло, и писать на Kotlin было уделом смелых духом. Одним из таких смельчаков стал Антон Кекс , и впоследствии он тоже уделял Kotlin много внимания (например, дважды выступал на KotlinConf). Поэтому мы решили расспросить его о том, как жизнь Kotlin-разработчика менялась со временем. А чтобы два раза не вставать, охватили и другую тему. Антон — сооснователь эстонской компании Codeborne, практикующей extreme programming, поэтому заодно узнали, что в Эстонии с IT и каково создавать там собственную компанию."
Лучшие интересности и полезности за год,https://habr.com/ru/articles/233483/,2014,08,65094,"Доброго времени суток, уважаемые хабравчане. Сегодня я хочу поделиться с вами одним небольшим событием — ровно год назад, 15 августа 2013 года я опубликовал свой первый дайджест для веб-разработчиков . С тех пор было опубликовано 25 выпусков и мои подборки обрели некоторую «популярность», а мне приятно ощущать себя «полезным» для хабраобщества. Немного лирики: за год было пролито не мало переменных, множество потерь среди функций, классов и методов, но в конечном итоге коммиты побеждают баги, на свет появляются новые библиотеки и фреймворки, а веб становится с каждым днем лучше. Мне как человеку повернутому на страсти к таксономии, хочется выделить самые важные события, сервисы и инструменты, которые появились или обрели популярность за это время. Возникло желание наглядно посмотреть на то, как меняется мир веб-раработки. Получился дайджест с большой полезной ссылочной массой и огромным интересным опросником."
"«Мы стараемся, чтобы User Experience не отличался в разных операционках» — Интервью с разработчиками Rider из JetBrains",https://habr.com/ru/companies/jugru/articles/301754/,2016,05,11563,"В начале января JetBrains объявили о разработке Rider, кроссплатформенной IDE на основе ReSharper и платформы IntelliJ, доступной под Windows, Linux и Mac OS X, и включающей в себя все фишки ReSharper, и поддерживающей .NET Framework, Mono и CoreCLR. Предполагается, что разработка будет завершена к осени этого года, а все желающие смогут попробовать среду «на зубок» в рамках Early Access Program."
Как использовать все возможности мобильной ОС в React Native,https://habr.com/ru/companies/epam_systems/articles/347346/,2018,01,12269,"На рынке есть несколько кроссплатформенных решений: Cordova, Xamarin, React Native и другие, менее известные. Многие мобильные разработчики считают, что кроссплатформенные решения никогда не позволят делать то, что могут нативные приложения. В статье я развенчаю этот миф и расскажу о механизме в React Native, который позволяет сделать все, на что способно нативное приложение. Этот механизм – нативные модули. Под катом – подробное описание, как создавать нативные модули для Android и iOS."
"Flutter, руководство для начинающих",https://habr.com/ru/companies/oleg-bunin/articles/460743/,2019,07,35276,"На дворе середина 2019 года, кроссплатформа плотно вошла в жизнь стартапов по всему миру, но все чаще в ее сторону смотрят и команды аутсорс-разработки, и клиенты, которые делают ставку на снижение затрат. Кто-то делает ставку на React Native, кто-то исследует возможности Kotlin Multiplatform, а новый гость подкаста AppsCast Евгений Сатуров saturovv последние полгода активно разрабатывает на Flutter, следит за обновлениями фреймворка и продвигает технологию в массы. Максимум полезных ссылок и советов для начинающего Flutter-разработчика: от гайдлайнов до репозиторием с примерами реализации архитектуры — в разговоре с Евгением. AppsCast — подкаст, посвященный мобильной разработке и выходящий при поддержке конференции AppsConf . Каждые две недели новый гость, с которым мы с Даниилом Поповым ( int02h ) обсуждаем технологии, лучшие практики, жизнь разработчиков, а так же холиварим и делимся опытом."
Новости из вселенной Haxe,https://habr.com/ru/articles/530716/,2020,12,2049,"14 октября состоялась небольшая онлайн-конференция HaxeIn 2020 . Одним из докладчиков был Александр Кузьменко — разработчик компилятора Haxe. Доклад Александра — это отчет о работе, проделанной с февраля 2020 (когда состоялся HaxeUp Hamburg, организованный компанией Inno Games). Предлагаю вашему вниманию расшифровку его выступления."
Главный секрет успеха языков программирования,https://habr.com/ru/articles/896766/,2025,04,58072,"Давным-давно, мне попадалась статья, в которой автор, рассматривая и сравнивая разные языки программирования, обнаружил одну удивительную закономерность и случайно открыл главный секрет популярности любого языка. Исходную статью найти я не смог, но захотелось перепроверить факты из той статьи и я был удивлен тем, что я обнаружил! Не могу держать это в тайне, нельзя допустить, чтобы такое важное знание было утеряно!"
Hello World! в Adobe AIR,https://habr.com/ru/articles/31360/,2008,01,10322,"Adobe AIR — это средство для разработки интерактивных приложений от Adobe. К особенностям можно отнести возможность разрабатывать кроссплатформенные приложения с использованием HTML/Ajax, Flex, Flash. Для ознакомления сделаем пример «Hello World!» с использованием HTML."
"Новые бесплатные курсы виртуальной академии Microsoft Virtual Academy, декабрь 2014",https://habr.com/ru/companies/microsoft/articles/244635/,2014,12,9788,"В этом обзоре мы поговорим про бесплатные курсы виртуальной академии Microsoft MVA , которые будут полезны как профессиональным разработчикам программного обеспечения и ИТ-про, так и новичкам. Обратите внимание, что видео-плеер на сайте для ряда курсов, которые созданы на английском языке, содержит возможность включить русские субтитры. Новый! Введение в Azure API Management Данный курс знакомит слушателей с новыми возможностями облачной платформы Microsoft Azure в виде сервиса управления API Management. В рамках курса вы познакомитесь с сервисов управления API, его возможностями для разработчиков API и пользователей. Хит! Новый! Основы построения доменной сети. Часть 2 Курс «Основы построения доменной сети. Часть 2» представляет собой введение в инструменты управления пользователями в компьютерных сетей, построенных на основе операционных систем Microsoft. В рамках курса рассматриваются настройки политик паролей, настройки предоставления доступа к файлам в доменной сети и настройки сетевых принтеров. В курсе вы узнаете о том, как настроить требования к паролям для пользователей вашей доменной сети, как предоставить разным пользователям разные права на доступ к общим файлам, как создать принтер и предоставить к нему доступ. Продолжение, начало в первой части курса . Хит! Введение в сервис машинного обучения Azure Machine Learning Если вы не исследователь данных, но интересуетесь анализом данных (data mining) и прогнозным анализом (predictive analytics), а так же желаете узнать больше чем просто о построении отчетности в цифрах, то просмотрите этот курс о сервисе Azure Machine Learning (ML). ML – дешевый, легкодоступный и мощный сервис прогнозного анализа предлагаемый Microsoft. В этом курсе построенном на демонстрациях эксперты Buck Woody, Seayoung Rhee и Scott Klein покажут различные пути, которые вы можете использовать для эффективного внедрения прогнозирования в свои решения обработки больших данных, и разберут лучшие практики анализа трендов и паттернов. Узнайте как расширять Azure ML с помощью сервисов Azure ML API и познакомьтесь с методами и сценариями монетизации ваших ML-приложений c помощью Azure Marketplace."
Менеджеры паролей. Какие бывают и правда ли безопасны?,https://habr.com/ru/companies/first/articles/753162/,2023,08,49221,"В 1997 году американский криптограф и специалист по компьютерной безопасности Брюс Шнайер написал первый в мире менеджер паролей — Password Safe . Это была простая и бесплатная утилита для Windows 95 с примитивным пользовательским интерфейсом и базой данных в виде зашифрованного файла, внутри которого хранился список логинов и паролей. Однако последние 20 с лишним лет менеджеры эволюционировали. Сегодня это полноценные кроссплатформенные приложения с продвинутым интерфейсом и множеством полезных (и не очень) фич. В этой статье мы рассмотрим, какие менеджеры паролей бывают и в каких ситуациях они будут полезны."
Материалы онлайн конференции .NET разработчиков,https://habr.com/ru/articles/144630/,2012,05,2871,"4-я .NETconf прошла 28 апреля 2012 и первый раз была в онлайн формате . Это позволило принять участие разработчикам, которые не могли прилететь на 3 предыдущие встречи. За время трансляции 7-ми выступлений в конференции приняли активное участие 508 человек. Ниже выложены 6 докладов и один мастер-класс с видео, слайдами и ссылками на исходный код."
Не Unity единым…,https://habr.com/ru/articles/770244/,2023,11,44129,"Игры бывают разные, большие и маленькие, триA и супер инди, в компаниях с сотнями разработчиков и что создаются самородками-одиночками. Редко их делают с нуля и пишут код только игры, чаще пишут игровые тулы, редактор и параллельно пишут саму игру. За всей этой многомиллиардной индустрией стоит код, много кода, очень много кода. Игровые движки и фреймворки – мощные инструменты, которые помогают разработчику творить его идеи и создавать увлекательные игровые миры. Это каркас, на котором строятся все игровые вселенные, они включают в себя сотни инструментов, библиотек и ресурсов, позволяя разработчикам превратить строчки кода в театр для одного зрителя. Существует более сотни игровых движков, каждый из них содержит как минимум одну фичу которой нет ни в каком другом. Всех возможностей вместе нет ни в одном, и это прекрасно - иначе бы такой движок монополизировал рынок. Хм, Unreal5 ты ли это? Иногда полезно пробежать по release notes движка, чтобы оставаться в курсе последних новостей. Возможно вы разрабатываете свое решение и эта статья натолкнет вас на новые идеи. Готовы узнать что ваша любимая игры была сделана не на Unity, а на православном SDL?"
Devsyringe: Хватит копипастить динамические значения,https://habr.com/ru/articles/948884/,2025,09,2206,"Сегодня расскажу о Devsyringe — инструменте для автоматизации работы с динамическими значениями в статических файлах. Мы, разработчики, постоянно сталкиваемся с API-токенами, временными URL, строками подключения и флагами функций. В Node.js и других средах есть dotenv и менеджеры конфигураций, которые подставляют значения во время выполнения. Но что делать со статическими файлами — HTML, JS-конфигурациями или старыми конфигами? Обычно приходится вручную копировать значения, открывать файлы, вставлять, сохранять — скучно, долго и легко ошибиться. Devsyringe решает эту проблему, автоматизируя процесс."
Внедрение пуш-уведомлений в React Native: от Firebase до кастомных модулей,https://habr.com/ru/companies/kuper/articles/952680/,2025,10,1680,"Привет, Хабр! Меня зовут Георгий, и я тимлид команды платформы в компании Купер. Мы специализируемся на разработке IT-приложений для маркетинга и бизнеса, включая кроссплатформенные мобильные решения на базе React Native. В этой статье я хочу поделиться опытом работы с пуш-уведомлениями. Расскажу, с чего мы начинали, какие проблемы встретили и к чему пришли на текущий момент. Все примеры возьму из свежего проекта, исходники которого доступны на GitHub — ссылку оставлю в конце."
C++ Enterprise Edition. Возможно ли?,https://habr.com/ru/articles/455726/,2019,06,14956,"C++ Enterprise Edition Что такое ""enterprise edition"" Удивительно, но за все время моей работы в IT, я ни разу не слышал, чтобы кто-то говорил ""enterprise edition"" относительно языка программирования, кроме как для Java. Но ведь приложения для корпоративного сегмента люди пишут на многих языках программирования, и сущности, которыми оперируют программисты, если не идентичны, то схожи. И для c++ в частности, я бы хотел заполнить пробел enterpr'айзности, хотя бы рассказав об этом."
К 8 марта — 8 женских докладов c наших конференций,https://habr.com/ru/companies/jugru/articles/718522/,2023,03,2188,"Женщины играли заметную роль в программировании, начиная с Ады Лавлейс. Поэтому сегодня (как и всегда) в нашем блоге — никаких слов про «украшения офиса», а только программирование, только хардкор. В этой подборке — 8 докладов женщин, спикеров наших конференций . Мы разделили доклады по темам: можете переходить сразу к своему стеку или смотреть все подряд. Мы понимаем, что некоторые доклады могли частично устареть, но они нашли большой отклик у зрителей, и в них можно найти полезные идеи и трюки."
"Новые бесплатные курсы виртуальной академии Microsoft Virtual Academy, декабрь 2015",https://habr.com/ru/companies/microsoft/articles/272797/,2015,12,19028,
Неправильный путь в backend driven UI. Доклад Яндекса,https://habr.com/ru/companies/yandex/articles/569962/,2021,07,5703,"Архитектура современных приложений часто позволяет передавать логику между клиентом и бэкендом. Главное — не зайти в этих экспериментах слишком далеко. Разработчик iOS-приложения Авто.ру Сергей Сергеев объяснил, как его команда пришла к backend driven UI не самым легким способом. — Всем привет. Я iOS-разработчик, но история будет кроссплатформенная."
Тестирование со всех сторон: о чём расскажут на Heisenbug,https://habr.com/ru/companies/jugru/articles/522398/,2020,10,2692,"Программа конференции Heisenbug готова, настало время представить её Хабру. Понятно, что там расскажут о тестировании, но как именно? Среди блоков программы — инструменты тестирования, нагрузочное тестирование, тестирование веба и мобильных приложений, даже ИИ. А кроме докладов, будет ряд воркшопов — так что можно будет не только слушать, но и практиковаться. Подробно рассказали про доклады и воркшопы под катом. Главное, что их все объединяет: это практически применимые выступления от знающих людей. Почему мы так считаем? Решая, включать ли доклад в программу, программный комитет отвечает на 4 вопроса: чем интересна тема, чем ценен спикер, кому будет полезно, почему стоит слушать это здесь и сейчас."
"Бесплатная YouTube-трансляция DotNext 2017 Moscow: Перформанс .NET, AI, микросервисы и немного F#",https://habr.com/ru/companies/jugru/articles/341910/,2017,11,14247,"Говорят, бесконечно можно смотреть на три вещи: как горит огонь, как течет вода и как работают другие люди. То есть, идеальный объект для наблюдений — прямая трансляция большой конференции. И кстати, у нас есть для вас одна такая. В это воскресенье и понедельник проходит DotNext 2017 Moscow — крупнейшая в России конференция, посвященная разработке на платформе .NET. Три десятка спикеров выступят с докладами о настоящем и будущем платформы .NET, об оптимизации производительности и многопоточности, о внутреннем устройстве платформы .NET и CLR, о профилировании и отладке .NET-кода, и так далее. И у вас есть возможность поучаствовать в этом — без необходимости куда-то лететь или ехать через полгорода, на YouTube, бесплатно. Как именно — читайте дальше."
"Qt 5.2, от желания до Google Play",https://habr.com/ru/articles/220877/,2014,04,65819,"Здравствуйте, коллеги. Случилось так, что мне рассказали о Qt5.2 и его новой возможности быстро и легко создавать кроссплатформенные приложения под Android и iOS. С Qt я знаком был уже давно, но в последнее время работа была связана с другими технологиями и я немного запустил его развитие. Узнав это, я отправился на сайт Qt, посмотрел красивое видео, где за 10 минут HelloWorld приложение создается сразу под android и ios. Впечатления были очень положительные. Было принято решиение заняться мобильной разработкой. Появился план пройти путь от желания сделать приложение до его публикации в Google Play. Но на первом этапе хотелось пройти это с тем что не жалко и в чем можно делать ошибки. И все это на новом Qt5.2."
Защита HTTP траффика с помощью Citrix Netscaler,https://habr.com/ru/articles/239411/,2014,10,8461,"Сегодня любая средняя и крупная организация в своей работе опирается на ряд инфраструктурных ИТ-продуктов и набор бизнес-приложений. Безупречная работа инфраструктуры и бизнес приложений является принципиально важным условием для успешного функционирования организации. Соответственно, главной задачей ИТ-служб является обеспечение бесперебойного, безопасного и производительного доступа в режиме реального времени к данной корпоративной платформе. Решение, при этом, должно отвечать ряду высоких требований: обеспечивать непрерывность бизнес-процессов компании, соответствовать строгим нормам безопасности, поддерживать высокую производительность ИТ-инфраструктуры и быть легко масштабируемым, чтобы в дальнейшем обеспечить необходимое расширение в соответствии с ростом организации. За последние несколько лет эта самая корпоративная платформа из емких и тяжеловесных приложений, работающих исключительно на определенных типах и даже версиях операционных систем, трансформировалась в легкие, масштабируемые и кроссплатформенные web-приложения. Я не говорю только о больших веб проектах, форумах и других высокопосещаемых ресурсах. Современный бизнес переводит CRM, ERP и другие SAP и 1C подобные платформы на web. Причины, я надеюсь, всем понятны. Но остался один небольшой краеугольный камень, который современный бизнес, зачастую, игнорирует, а он, в свою очередь, напоминает о себе, когда происходит в лучшем случае остановка работы всего предприятия, в худшем — утечка или потеря конфиденциальной информации. Так и в моем случае заказчик разбудил меня в час ночи с просьбой решить проблему, так как их платформа подверглась DDoS атаке, парализовав работу как всего предприятия, так и работу клиентов. Толковых инструкций и описаний как работает Netscaler нет, что послужило главным подспорьем написать статью."
Разработка веб-сайтов для мобильных устройств,https://habr.com/ru/companies/piter/articles/170229/,2013,02,14454,
Стратегии по поиску работы и учебе,https://habr.com/ru/articles/859432/,2024,11,1141,"Список видео-уроков, лекций, лекторов, книг, статей, рекомендаций по обучению и поиску работы. Статью планирую обновлять, в комментариях или сообщениях, можете присылать ваши примеры/источники которые вы бы могли рекомендовать."
Интерфейсы для встраиваемых устройств на современных Web-технологиях,https://habr.com/ru/companies/dataart/articles/569192/,2021,07,8614,"Автор: Николай Хабаров, Principal IoT/IoMT Architect в DataArt Начнем с того, что интерфейс необходим любому устройству. Ведь пользователю придется с ним взаимодействовать — значит, нужны какие-то кнопки, рычажки, лампочки или дисплей. Некоторые устройства подключаются через USB-кабель к компьютеру, на который нужно установить драйверы и специальное ПО для управления. Некоторые устройства, построенные на обычном железе для ПК, снабжены собственными дисплеями для демонстрации данных и контрольными панелями. В обоих случаях софт для них обычно пишут на сложных языках программирования вроде C++, а создание автономных или встраеваемых приложений для них требует от разработчика специальных навыков. Программное обеспечение для них, как правило, зависимо от операционной системы, и попытка апгрейда любого компонента устройства (например, замена дисплея на более совершенную модель) часто оборачивается серьезной проблемой. В статье я постараюсь разобраться, существует ли более удобное решение для создания графических интерфейсов встраиваемых устройств. В первой части обсудим, как сделать UI для устройств с дисплеем. Затем рассмотрим разработку совместимых с ПК девайсов без собственного UI, используя те же самые технологии."
Особенности разработки и тестирования Telegram mini apps: от инициализации до запуска,https://habr.com/ru/articles/888596/,2025,03,8825,В этой статье мы поделимся своим опытом разработки приложений в Телеграм и подробно остановимся на следующих вопросах: ‭• Что представляют из себя Telegram mini apps? ‭• Чем они отличаются от других платформ? ‭• Какие перспективы развития у Telegram mini apps? ‭• Как правильно тестировать Telegram mini apps с учетом особенностей платформы ‭• Как настроить окружение для будущего приложения и инициализировать telegram-apps sdk? ‭• Какие нюансы существуют при разработке Telegram mini apps?
Каждый айтишник желает знать: корпоративное обучение в МТС Тета,https://habr.com/ru/specials/797121/,2024,03,17405,"Привет, Хабр. Меня зовут Максим Яровой, я руковожу внутренним центром развития и обучения IT-специалистов – МТС Тета. Одна из основных проблем обучения в IT-секторе в том, что учебные программы часто отстают от быстро развивающейся индустрии. МТС Тета была создана два года назад, чтобы мы могли прямо внутри компании запускать актуальные и значимые для нас и наших сотрудников курсы по всем ключевым направлениям IT. Мы разом упростили процесс обучения для всех: и для студентов, и для руководителей, которые ищут себе новые таланты. Сегодня я расскажу о нашем проекте, а четверо коллег, которые уже прошли (или разработали!) наши курсы поделятся своими мыслями. Подробнее – под катом."
Как на Хабре каждый раз хоронят Flutter,https://habr.com/ru/articles/965848/,2025,11,2903,"Представьте, что вы Flutter-разработчик. Вы заходите на Хабр. В комменты статьи про Flutter. И там опять: «Flutter уже не развивается давно, умирает, нет 3д», «Dart — зачем нужен этот новый странный язык», «Google закроет проект, там в Индии всех разрабов уволили, они уже на кладбище». И это каждый. Божий. День. Вот что интересно: пока на Хабре хоронят Flutter, 30% всех новых iOS-приложений пишутся на нём. BMW делает на Flutter приложение для своих машин. Google Pay работает на Flutter. Credit Agricole Bank переписал на него банковский апп на миллион пользователей — и поднялся с 10-го на 3-е место в рейтинге. Но на Хабре Flutter, конечно, мёртв. Как и в прошлом году. И позапрошлом. Почему так происходит? Потому что критиковать — это дофига проще, чем разобраться. Потому что мемы про «Google кладбище» работают лучше, чем скучная статистика. И потому что у каждого есть знакомый, который слышал от знакомого, что Flutter тормозит. Проверено."
Автор проекта SerenityOS представил браузер Ladybird,https://habr.com/ru/news/688140/,2022,09,4394,"Браузер Ladybird проходит тест Acid3 на 100 баллов. awesomekling.github.io Андреас Клинг представил проект веб-браузера Ladybird. В новом браузере веб-страницы рендерит не какая-то версия открытых движков Gecko или Blink, а JavaScript обрабатывает не форк свободных SpiderMonkey или V8. Клинг построил кроссплатформенный браузер на основе движков LibWeb и LibJS из другого своего проекта — операционной системы SerenityOS. Как браузер, так и его библиотеки написаны на языке C++ с участием библиотеки Qt. (Хотя у сообщества разработки SerenityOS в разработке находится язык программирования с безопасностью доступа к памяти Jakt , он ещё не готов к использованию в Ladybird.) Браузер Ladybird и компоненты его движка лицензированы под двухпунктной лицензией BSD , то есть допускается распространение, изменение и коммерческое (в том числе проприетарное) использование."
Анонс митапа Sync.NET #5 в Харькове,https://habr.com/ru/companies/nix/articles/343460/,2017,11,1529,"Приглашаем на пятую встречу Sync.NET-комьюнити! В программе крутые доклады, вкусные кофе-брейки, общение с нашими докладчиками — всё, чтобы провести первую пятницу зимы с пользой и хорошим настроением."
"Тренды, возведенные в культ",https://habr.com/ru/articles/148425/,2012,07,30189,"Несколько последних лет ознаменовались появлением большого количества новых терминов, понятий, технологий, течений. Также появилось достаточное количество базвордов, которые заполонили медийное пространство. И заполонили до такой степени, что многие айтишники начинают поддаваться на соблазны и искушения рисующихся золотых перспектив. Но не буду говорить загадками — под катом список понятий, с которыми связано большое количество надежд, холиваров и… заблуждений. Давайте немного разберемся, что к чему."
Тысяча и одна библиотека С++,https://habr.com/ru/articles/831754/,2024,07,55563,"В жизни каждого программиста С++ рано или поздно возникает задача, которую кто-либо уже решил. Однако найти это решение бывает очень непросто в силу разных причин: оно недостаточно разрекламировано, либо имеет нечеткую документацию, или возникает проблема языкового барьера, ну, или поисковики просто плохо ищут). Столкнувшись много раз подряд с тем, что найти что-то толковое довольно непросто, я решил попробовать распутать это узел и предложить для русскоязычных читателей свой справочник классных библиотек на С++. Я исходил из этого источника . Это очень многогранный и объемный список библиотек языка С++, но, скажем так, у меня были к нему вопросы. Потому я сделал перевод, затем значительно улучшил его в плане содержания (далее объясню, как, почему и зачем). На выходе получилось около 1000 библиотек. Как в сказке). Они, конечно, не покрывают все возможные задачи и предметные области, но поверьте, они затрагивают действительно многое."
"Дайджест интересных, топовых и фатальных материалов из мира Хабра за 2014 год",https://habr.com/ru/articles/247429/,2015,01,38791,"В 2014 году на Хабре начали набирать обороты дайджесты интересных материалов и событий по разным тематикам. В этом посте будут рейтинги постов Хабра за 2014 год. Вдруг кто-то пропустил или думает, что почитать на выходных. Для рейтинга был найден последний , судя по дате, пост 2013 года. Первый после него пост 2014 года был 11 января. Видимо автор начал писать его до НГ, а потом резко оказалось 11 января после праздников. А вот следующий уже ближе к началу года. В общем, возможно, есть минимальные погрешности. За 2014 год на Хабре и GT, куда переехали некоторые посты, находится 7672 опубликованные записи. Это примерно 21 пост в сутки. Из всех этих записей были выбраны 20 топовых по количеству плюсов, 10 антитоповых по количеству минусов, и по 15 интересных записей из разных хабов, где количество постов с рейтингом +20 было более 10. Интерес поста оценивался простой формулой «на глаз». Результат равен рейтингу*5 плюс количество попаданий в избранное*2 и плюс комментарии. Коэффициенты добавлены для того, чтобы минусные посты ушли дальше в минус и, если в них было много комментариев, они не вытеснили интересные посты из топа. В общем, дайджест топовых, фатальных и интересных постов Хабра за 2014 год под катом."
19 лучших инструментов для тестирования игр,https://habr.com/ru/companies/otus/articles/888102/,2025,03,4854,"Тестирование игр — сложный и многоуровневый процесс, требующий не только внимательности, но и мощных инструментов, способных выявлять баги, проверять производительность, автоматизировать рутинные задачи и гарантировать стабильность работы. От браузерных игр до масштабных AAA-проектов — в каждой категории есть решения, способные упростить работу тестировщиков и разработчиков. В этом обзоре, опираясь на свой многолетний опыт, я собрал самые надёжные инструменты для автоматизированного тестирования игр, которые будут полезны в различных ситуациях — от отладки сетевого трафика и проверки API до нагрузочного тестирования серверов и анализа производительности."
"Мир после BIM. Переход к данным и процессам и нужны ли в строительной отрасли семантика, форматы и интероперабельность",https://habr.com/ru/articles/868186/,2024,12,4799,"С появлением цифровых данных в 90-е годы строительная отрасль начала активно трансформироваться. Компьютерные технологии стали внедряться в процессы проектирования, управления и строительства, что привело к появлению таких концепций, как САПР (системы автоматизированного проектирования), PLM (управление жизненным циклом) и, позже, BIM (информационное моделирование зданий). Однако, как и любые инновации, они не являются конечной точкой развития. Концепции вроде BIM стали важным этапом в истории строительной отрасли, но рано или поздно они уступят место более совершенным инструментам и подходам, которые будут лучше отвечать вызовам будущего."
Отчёт о конференции CrossConf 2023,https://habr.com/ru/articles/789876/,2024,01,959,"Информационная служба Хабра посетила IT‑конференцию CrossConf 2023. Мероприятие проходило 15 сентября 2023 года в Москве в пространстве «Старт Хаб» на «Красном Октябре». Конференция была посвящена обмену опытом кроссплатформенной мобильной разработки и технологичного рынка. По словам организаторов, конференцию посетило 600 IT‑специалистов."
Интернет-телевизор − самый недооцененный сегмент разработки,https://habr.com/ru/articles/171107/,2013,02,104249,Disclamer
Про Flutter: как бекендер в мобильную кроссплатформу лез,https://habr.com/ru/companies/digdes/articles/588018/,2021,11,12138,"Flutter – это полноценная SDK, позволяющая писать нативные приложения на ненативном языке (dart), имеющем высокую скорость работы (выше конкурентов, но немного ниже натива), отклика/отрисовки. Этот набор средств разработки позволяет писать достаточно сложные с точки зрения интерфейса и бизнес-логики приложения и имеет, что самое главное, достаточно низкий порог вхождения при высокой скорости прототипирования."
Моделируем полёт PHP на крыльях Erlang,https://habr.com/ru/articles/119839/,2011,05,9233,
Стартап: Технология Ajax Portal — на пути к энтерпрайз порталам нового поколения,https://habr.com/ru/articles/124376/,2011,07,3030,"Как это часто случается, технология Ajax Portal появилась случайно, как синтез двух технологий Enterprise Portal и Ajax при построении «движка» для корпоративного сайта. В результате появилось нечто новое, что может дать второе дыхание энтерпрайз порталам."
Можно ли «хакнуть» ASP инфраструктуру?,https://habr.com/ru/companies/rambler_and_co/articles/413649/,2018,06,16973,
Самая нужная программа на свете,https://habr.com/ru/articles/316814/,2016,12,168836,"Какими программами постоянно пользуются люди? Если подумать над этим вопросом, то окажется, что список этот не такой уж большой. К постоянно используемым программам можно отнести: саму операционную систему, файловый менеджер, текстовый редактор, браузер, мессенджер. Это именно тот базовый набор, которым пользуется на компьютере практически каждый человек. Требования к таким программам должны быть высокими: безотказная работа, быстрое выполнение всех функций, понятный и удобный интерфейс. Можно сказать, что вышеперечисленный набор программ — это самые нужные программы, которыми пользуется человек в цифровую эпоху. Этот список покрывает все базовые потребности человека-пользователя. Или не все? Есть ли еще одна базовая потребность, которая не учтена в вышеприведенном списке самых необходимых программ? Является ли эта потребность самой важной из тех, что должен автоматизировать компьютер? Для меня такая потребность есть, но в списке самых используемых программ ей места не нашлось. Что же это за потребность?"
Криптографические решения. От облачной подписи к доверенной среде,https://habr.com/ru/companies/aktiv-company/articles/242603/,2014,12,21169,"Данная статья является продолжением статьи «Криптографические решения. От криптопровайдеров до браузерных плагинов» и охватывает криптографические решения: облачная подпись отдельные браузеры с российской криптографией отдельные почтовые клиенты с российской криптографией российская криптография в фреймворках, платформах, интерпретаторах настольные криптографические приложения средства формирования доверенной среды"
Функциональное тестирование программ на Qt,https://habr.com/ru/articles/301702/,2016,05,19283,"Предисловие Единственный способ проверить, что после вашего последнего исправления, внесенного в систему контроля версий, важные сценарии использования приложения все еще правильно работают (ну или хоть как-нибудь работают) — это, конечно же, взять и прогнать эти сценарии через систему тестов. Делать это вручную — долго, нудно и чревато ошибками. Учитывая все вышесказанное, а также тот ""незначительный"" факт, что заказчик в ТЗ прописал необходимость автоматического тестирования указанных в том же ТЗ функциональных требований, при старте очередного проекта стал актуальным вопрос выбора инструмента для автоматизации тестирования GUI. Проект был на Qt, и требовалась кроссплатформенность (Windows, Linux). Какой в итоге opensource инструмент появился, смотрите по катом."
Обзор программы конференции DotNext 2018 Piter,https://habr.com/ru/companies/jugru/articles/353844/,2018,04,4677,"Конференция : DotNext 2018 Piter Дата : 22-23 апреля 2018 года Место : Санкт-Петербург, Гостиница «Park Inn by Radisson Пулковская» Всего пара дней осталась до следующего DotNext. Над программой и докладами была проведена колоссальная работа — ранее мы уже писали об этом в анонсе конференции и отдельной статье . В этом хабрапосте мы свели воедино всю-всю программу в виде одного большого списка, с описаниями докладов и докладчиков. Можно уже сейчас начинать думать, на какие доклады стоит пойти — ведь придется выбирать между тремя параллельными треками. Кроме того, все еще остается возможность приобрести билеты . Подробное описание программы — под катом."
Охотимся за утечками памяти в Node.js (1-я из 12 статей о Node.js от команды Mozilla Identity),https://habr.com/ru/companies/nordavind/articles/195494/,2013,09,26718,
Криптографические решения. От криптопровайдеров до браузерных плагинов,https://habr.com/ru/companies/aktiv-company/articles/241221/,2014,10,57428,"Производители средств криптографической защиты информации (СКЗИ) предлагают различные механизмы для интеграции криптосредств в информационные системы. Существуют решения, ориентированные на поддержку систем с Web-интерфейсом, мобильных и десктопных приложений, серверных компонентов. СКЗИ интегрируются в приложения Microsoft и в продукты Open Source, обеспечивают поддержку различных прикладных протоколов и форматов электронной подписи. С учетом растущего количества проектов с применением ЭЦП и появления массовых проектов для физических лиц, разработчикам подобных проектов требуется хорошо ориентироваться в предлагаемых производителями решениях по ЭЦП для того, чтобы сделать систему удобной в эксплуатации и недорогой в плане техподдержки. Таким образом, если еще лет 5 назад главным фактором выбора криптосредства являлось его полное соответствие требованиям регуляторов, то при сегодняшнем разнообразии важными критериями могут выступать охват поддерживаемых платформ, возможность интеграции с браузером, поддержка мобильных пользователей, возможность установки без прав системного администратора и т.п. В данном материале сделана попытка классифицировать средства криптографической защиты информации. Рассмотрены в основном СКЗИ, использующиеся на клиентских местах для защиты клиент-серверных соединений по протоколу TLS, для организации ЭЦП, шифрования передаваемых данных; Не рассматриваются СКЗИ, применяемые для создания VPN и шифрования файловой системы, хранимых данных, а так же УЦ; Отдельно выделены аппаратные криптографические устройства. Классификация построена на основе: технологий интеграции (CryptoAPI, Active-X, NPAPI и др.), которые поддерживают СКЗИ для встраивания в приложения и прикладные системы; интерфейсов, которые предоставляют СКЗИ для встраивания в приложения и прикладные системы. Кроме того, показаны способы интеграции СКЗИ с Web-приложениями и возможность его использования на мобильных платформах Общая схема классификации приведена в таблице: Криптопровайдеры Нативные библиотеки (openssl-style, PKCS#11, NSS, собственные интерфейсы) Локальные прокси Браузерные плагины Облачная подпись Браузеры с российской криптографией Почтовые клиенты с российской криптографией Российская криптография в фреймворках, платформах, интерпретаторах Настольные криптографические приложения Криптография в BIOS UEFI Сервис-провайдеры ЭЦП Эмуляторы доверенной среды Аппаратные средства В первой статье рассмотрим решения, начиная с криптопровайдеров по браузерные плагины включительно. В последующих статьях будут рассмотрены остальные средства."
Готовимся к собеседованию: 82 вопроса по MongoDB,https://habr.com/ru/companies/otus/articles/768342/,2023,10,21217,"С момента своего появления MongoDB успела завоевать огромную популярность благодаря своей способности обрабатывать большие объемы данных. Ее принятие только растет, впрочем, как и сам рынок, на котором она востребована. Если вы нацелены связать свою карьеру с MongoDB, то сейчас самое время. Чтобы помочь вам на этом пути, мы подготовили список часто задаваемых вопросов по MongoDB с собеседований и ответов на них."
ZennoPoster или Browser Automation Studio (Зенка или БАС): Что выбрать и почему?,https://habr.com/ru/articles/946662/,2025,09,7148,"ZennoPoster и Browser Automation Studio (BAS) - два популярных инструмента для автоматизации веб-браузера. Оба используются для создания ботов, парсеров, спам-скриптов и других утилит, снимающих рутину с пользователя. Но если бы все было так просто и если бы выбор был очевиден - не было бы вокруг сторонников обоих инструментов столько споров. Порой кажется, что это как фанаты Зенита и Спартака. Оба говорят об одном - футбол (в нашем случае автоматизация) - но одни имеют дорогого спонсора, кучу дорогостоящих легионеров, а другой народную любовь москвичей, ну вы поняли кто из инструментов кого представляет."
"Как я решил выяснить, какие технологии сегодня популярны, а получился GitHub Trend Analyzer",https://habr.com/ru/articles/895804/,2025,04,1870,"Как определить, какие технологии действительно востребованы, а какие существуют лишь по инерции? Стандартные метрики популярности часто показывают противоречивые результаты. Пытаясь сравнить популярность нескольких технологий разработки ПО, я столкнулся с парадоксом: данные Google Trends и количество GitHub-репозиториев показывали высокую популярность технологий, которые в реальной разработке давно не используются. Разобравшись в причинах этого несоответствия, я создал инструмент для анализа GitHub-метрик, который позволяет отфильтровать ""шум"" и увидеть реальную картину технологических трендов. В статье я расскажу о методологии, неожиданных находках и о том, как этот инструмент может помочь вам принимать более обоснованные технические решения."
Opera Unite для разработчиков,https://habr.com/ru/articles/66869/,2009,08,917,
IDE и редакторы кода для разработчиков. Подборка,https://habr.com/ru/companies/serverspace/articles/693374/,2022,10,92425,"Разбираем интегрированные среды для разработки и редакторы кода. Что нужно знать о них, чем они отличаются, какие инструменты сегодня недоступны, и, что выбирают специалисты Serverspace. От автора: в статье представлены популярные IDE и редакторы кода. Скорее всего, многие из них вы уже знаете, но мы решили собрать их в единую подборку. Подробнее со стоимостью и характеристиками IDE можно ознакомиться на официальных сайтах. Статья носит рекомендательный характер."
Part 1. Инструменты автоматизации тестирования,https://habr.com/ru/articles/768154/,2023,10,9045,"Привет! Я Вадим Лунин, QA Manager в Альфа Банке в Беларуси . Это продолжение цикла статей по инструментам, которые мы используем для тестирования наших продуктов в Альфа Банке. В настоящей статье я хочу рассказать вам, какие инструменты мы используем для автоматизации тестирования и почему мы сделали такой выбор."
Наш опыт Android- и iOS-разработки в проекте,https://habr.com/ru/companies/nfckey/articles/797683/,2024,03,2713,"Посмотрим на текущую ситуацию с разработчиками Android и iOS‑приложений. Обсудим варианты разработки мобильных приложений. Разберемся, как мы в стартапе NFCKEY работаем в этом направлении. Затронем особенности, которые возникают в связи с условиями стартапа и IoT‑тематикой проекта. Ответим на вопрос: «Сложно ли переучиться и пойти в сферу мобильной разработки?». Статья специально написана простым языком , где многие вещи объясняются на пальцах, чтобы материал был понятен для всех и давал представление о сфере в целом, а не только о тонкостях разработки. Главная задача статьи — объяснить для начинающих ключевые особенности мобильной разработки, а для людей, имеющих опыт — поделиться сложностями перехода в сферу мобильных устройств и возможными направлениями в ней. На примере функций нашего приложения продемонстрируем, какие задачи решаются в мобильной разработке."
"Программирование для детей 13 лет: особенности, видеоуроки и полезные ресурсы",https://habr.com/ru/companies/pixel_study/articles/846904/,2024,09,3190,"13 лет – возраст, наиболее удачный для старта в программировании с использованием текстовых языков. Lua, Python, C#, JavaScript – не играет роли. А еще подростки 13 лет могут освоить веб-разработку с применением HTML и CSS. Чем это полезно и почему, как начать учиться – рассказываем в статье. Написание кода и веб-разработка – темы, которые давно у всех на слуху. Кто-то считает их заезженными и выступает резко против обучения современных детей и подростков программированию, другие же люди видят в нем большие перспективы и вторую грамотность, необходимую для личности XXI века. Даже простая программа – это в первую очередь логическая последовательность команд, отвечающих за выполнение обособленных задач, осознание чего учит мыслить. А еще понимание структуры, четкости и других принципов безупречного кода постепенно активизирует:"
Стать программистом: не с нуля не до профи (Flutter и не только),https://habr.com/ru/articles/831876/,2024,07,6776,Как найти первую работу в IT? Что нужно знать для этого? На сколько это вообще сложно? Обо всём по-подробнее здесь.
Зачем выбирать F#?,https://habr.com/ru/articles/897504/,2025,04,9148,"Если бы кто-нибудь сказал мне несколько месяцев назад, что я буду снова экспериментировать с .NET после более чем пятнадцатилетней паузы, то я бы, наверно, рассмеялся1. В начале своей карьеры я пробовал работать с .NET и Java, и хотя некоторые вещи .NET делал лучше, чем Java (у него была возможность научиться на ошибках ранней Java), я быстро остановился на Java, потому что это была по-настоящему портируемая среда. Наверно, читающие мой блог знают, что последние несколько лет я время от времени экспериментировал с OCaml, и я могу с уверенностью сказать, что он стал одним из моих любимых языков программирования наряду с Ruby и Clojure. Недавно работа с OCaml привлекла моё внимание к F# — это разработанный компанией Microsoft ML (Meta Language) для .NET , функциональная копия объектно-ориентированного (по большей мере) C#. Самый новый ML-язык…"
Фронтенд-разработка: ключевые технологии и понятия,https://habr.com/ru/companies/otus/articles/674748/,2022,07,84204,"Когда вы гуляете по городу, что вы видите? Взгляд часто останавливается на стильных витринах, созданных с целью привлечь внимание. Вы выбираете самую красивую из них и заходите внутрь. То же самое происходит и в интернете. Блуждая по интернету в поисках необходимого, вы натыкаетесь на самый подходящий на первый взгляд сайт и заходите на него. Но если витрины прозрачны и показывают, что находится внутри, приглашают рассмотреть товары поближе, то для сайтов все немного иначе. Что скрывается под видимыми элементами сайта, как они взаимодействуют с пользователем, друг с другом и с системой, стоящей за всем этим? Давайте выясним."
Основы рендеринга с wgpu на Rust,https://habr.com/ru/companies/otus/articles/658859/,2022,04,12251,"В данной статье мы рассмотрим базовую теорию и практику рендеринга с помощью кроссплатформенного графического API wgpu . Данный API основан на стандарте WebGPU и предоставляет удобные, унифицированные и безопасные абстракции для взаимодействия с GPU. Используя wgpu мы инициализируем графическое устройство, создадим графический конвейер и нарисуем треугольник."
Самая нужная программа на свете,https://habr.com/ru/articles/316814/,2016,12,168836,"Какими программами постоянно пользуются люди? Если подумать над этим вопросом, то окажется, что список этот не такой уж большой. К постоянно используемым программам можно отнести: саму операционную систему, файловый менеджер, текстовый редактор, браузер, мессенджер. Это именно тот базовый набор, которым пользуется на компьютере практически каждый человек. Требования к таким программам должны быть высокими: безотказная работа, быстрое выполнение всех функций, понятный и удобный интерфейс. Можно сказать, что вышеперечисленный набор программ — это самые нужные программы, которыми пользуется человек в цифровую эпоху. Этот список покрывает все базовые потребности человека-пользователя. Или не все? Есть ли еще одна базовая потребность, которая не учтена в вышеприведенном списке самых необходимых программ? Является ли эта потребность самой важной из тех, что должен автоматизировать компьютер? Для меня такая потребность есть, но в списке самых используемых программ ей места не нашлось. Что же это за потребность?"
Будущее WebAssembly в виде «дерева навыков»,https://habr.com/ru/companies/infopulse/articles/428347/,2018,10,15758,"Некоторые люди как-то неправильно поняли WebAssembly. Есть те, кто считает, что раз браузеры уже поддерживают выполнение WebAssembly (ещё с 2017 года), значит всё уже готово. Даже и близко ещё нет, готов лишь MVP (минимально жизнеспособный продукт). Я могу предположить откуда произрастает корень этого заблуждения: после релиза MVP его разработчики пообещали поддерживать обратную совместимость на уровне «любой написанный сейчас код будет работать и в будущем». Но это ведь не значит, что разработка WebAssembly закончена, совсем нет! Множество фич разрабатывается прямо сейчас и планируется к разработке в ближайшем будущем. И когда они будут реализованы — всё очень сильно изменится. Все эти фичи можно попробовать представить себе в виде дерева навыков в какой-нибудь игре. У нас есть пару «базовых» (уже реализованные фичи) и целое дерево со множеством веток и листьев, которые будут со временем открываться, давая нам всё больше и больше могущества. Давайте посмотрим на то, что у нас уже есть сейчас и что нам ещё предстоит открыть. ( Под катом много картинок, трафик )"
"Мы нашли опасную уязвимость в Microsoft Teams, но компания устранила её только спустя два месяца",https://habr.com/ru/companies/vdsina/articles/532210/,2020,12,7542,"TL;DR : 31 августа 2020 года мы сообщили о критически опасных багах исполнения удалённого кода в Microsoft Teams. 30 сентября 2020 года Microsoft присвоила им рейтинг «Important, Spoofing» («Важно, спуфинг») — один из наиболее низких. В нашей команде мгновенно родилась новая шутка. Microsoft отказалась подробно обсуждать воздействие этих багов, окончательное решение принято 19 ноября 2020 года «Что касается CVE, в настоящее время политика Microsoft заключается в том, чтобы не публиковать CVE продуктов, автоматически обновляемых без действий пользователя», — 30 ноября 2020 года Баги устранены к концу октября 2020 года Рейтинг Microsoft Security Response Center — «Important, Spoofing» Microsoft приняла эту цепочку багов в баунти-программу облачных багов O365 как «Important» (уровень серьёзности), «Spoofing» (воздействие). Это один из самых низких рейтингов. По крайней мере, теперь в нашем коллективе появилась новая шутка — когда мы находим баг исполнения удалённого кода (remote code execution, RCE), мы называем его «Important, Spoofing». Спасибо, Microsoft! Если быть полностью честными, то для десктопного приложения был присвоен отдельный рейтинг «Critical, Remote Code Execution», но только за «очки Microsoft»! Очки Microsoft позволяют вам попасть в таблицу лидеров MSRC . В этой статье мы расскажем об одном из пяти переданных в MSRC цепочек багов исполнения удалённого кода Microsoft Teams, требующих одного нажатия или не требующих нажатий вообще («Important, Spoofing»)."
14 конференций осени и 14 видеозаписей докладов,https://habr.com/ru/companies/jugru/articles/830768/,2024,07,1669,"Вот уже много лет мы каждую осень проводим серию конференций. Но в этот раз их впервые будет целых 14. Так что найти подходящее мероприятие смогут самые разные люди — от тех, кто пишет на Go, до тех, кто работает с машинным обучением. Некоторые конференции пройдут полностью в онлайне, но у большинства будет возможность и лично прийти на площадку. Кратко описали их все для Хабра, и каждой добавили по видеозаписи доклада — чтобы можно было не просто читать красивые слова, а сразу увидеть конкретику и заодно узнать что-то полезное. Вот общий список, а дальше в посте — отдельно про каждую. — SmartData (инженерия данных) — DotNext (.NET) — Flow (системный и бизнес-анализ) — PiterPy (Python) — VideoTech (видеотехнологии) — GoFunc (Go) — КаргоКульт (HR-практики) — Joker (Java) — Heisenbug (тестирование) — Mobius (мобильная разработка) — SafeCode (безопасность приложений) — DevOops (девопс) — HolyJS (JavaScript) — I'ML (использование ML)"
Обзор программы конференции DotNext 2018 Piter,https://habr.com/ru/companies/jugru/articles/353844/,2018,04,4677,"Конференция : DotNext 2018 Piter Дата : 22-23 апреля 2018 года Место : Санкт-Петербург, Гостиница «Park Inn by Radisson Пулковская» Всего пара дней осталась до следующего DotNext. Над программой и докладами была проведена колоссальная работа — ранее мы уже писали об этом в анонсе конференции и отдельной статье . В этом хабрапосте мы свели воедино всю-всю программу в виде одного большого списка, с описаниями докладов и докладчиков. Можно уже сейчас начинать думать, на какие доклады стоит пойти — ведь придется выбирать между тремя параллельными треками. Кроме того, все еще остается возможность приобрести билеты . Подробное описание программы — под катом."
Telegram как игровая платформа,https://habr.com/ru/articles/922510/,2025,06,3140,"Привет, Хабр! Сегодня поговорим про мессенджер Telegram как игровую площадку, займемся бета-тестированием отечественной TG-игры и разберемся, почему всё больше разработчиков выбирают «Телегу» в качестве стартового инструмента для запуска видеоигровых направлений."
Четыре платформы — один код. Что такое Compose Multiplatform?,https://habr.com/ru/companies/timeweb/articles/734818/,2023,05,22616,"Разработчики давно грезили о возможности писать кроссплатформенный код — такой, который запускался и работал бы одинаково в любой операционной системе любой архитектуры. Сегодня принципом «Write once, run anywhere», когда-то прогремевшим в связи с появлением языка Java, трудно кого-либо удивить. И все же есть ниша, в которой не так много кроссплатформенных технологий: это UI-разработка. Не будет преувеличением сказать, что на сегодняшний день есть только два UI-фреймворка, которые позволяют запускать один и тот же UI на разных платформах и широко представлены на рынке: React Native и Flutter. Казалось бы, чего еще желать? Сразу две технологии предоставляют возможность шарить UI-фичи между платформами и прекрасно с этим справляются. Но эта статья — не о них, а об их младшем собрате, удобном и мощном инструменте мобильной и десктопной разработки — Compose Multiplatform."
Opera Unite для разработчиков,https://habr.com/ru/articles/66869/,2009,08,917,
Среды разработки С++ для Ubuntu,https://habr.com/ru/articles/161217/,2012,12,278813,"Среды разработки С++ для Ubuntu При переходе на Ubuntu первой задачей был поиск удобной среды разработки. Перед выбором выступили такие кандидаты: Code::Blocks, Netbeans, Eclipse, Anjuta. Продолжение под катом."
WebAssembly в продакшне и «минное поле» Smart TV: интервью с Андреем Нагих,https://habr.com/ru/companies/jugru/articles/435976/,2019,01,5313,"Интерес к WebAssembly велик, но пока что нечасто встретишь людей, использующих эту технологию в рабочем проекте. Разработка приложений под Smart TV — тоже «нетипичный JavaScript», когда все слышали о чём-то, но немногие лично пробовали. А у Андрея andreynagih Нагих есть опыт в обеих сферах: ранее он занимался Smart TV-приложениями проекта Peers.TV, а в последние месяцы так плотно знакомился с WebAssembly, что в итоге сделал доклад об этом на нашей конференции HolyJS. И в онлайн-трансляции HolyJS мы поспрашивали его и о том, и о другом. А теперь решили, что читателям Хабра это тоже может быть интересно, и сделали отредактированную текстовую версию интервью."
Тест на стрессоустойчивость: как мы переписывали более 200 автотестов после переезда на новый Angular,https://habr.com/ru/companies/selectel/articles/692688/,2022,10,3357,"Всем привет! Меня зовут Ульяна, я тестирую сервисы Selectel. На Хабре уже не одна компания рассказывала о том, как у них устроена система тестирования новых продуктов и фич. Интересно, что, несмотря на некоторые общие тенденции, это всегда разные истории. Кто-то автоматизирует все, что видит. Кто-то плотно сидит на ручных тестах. Каждая компания самостоятельно определяет объемы и используемые виды тестирования в зависимости от множества факторов. Основные из них — квалификация работников, размеры, тип и сложность разрабатываемого функционала, а также доступное время. Под катом я расскажу, как устроено тестирование в Selectel: какие инструменты мы используем и почему нам пришлось полностью сносить и переписывать все существующие автотесты."
"С++ на службе ортодонтии: интервью с Михаилом Матросовым, разработчиком CAD из Align Technology",https://habr.com/ru/companies/jugru/articles/473628/,2019,10,4052,"Михаил Матросов ( mmatrosov ) — ведущий инженер по разработке в московском R&D-офисе Align Technology. Его специализация весьма необычна — он разрабатывает специализированную CAD-систему для дизайна ортодонтических приспособлений. Михаил участвует в C++ Russia с самой первой конференции. В этом году на С++ Russia 2019 Piter он выступит с докладом «Спецификаторы, квалификаторы и шаблоны» . Вы также можете его знать по курсам от Яндекса «Основы разработки на С++: коричневый пояс» и «Основы разработки на С++: чёрный пояс» на Coursera, в создании которых Михаил выступил соавтором. Конференция уже на носу, а пока ловите интервью с Михаилом, где мы обсудили его работу в Align Technology, миграцию легаси-кода, подготовку онлайн-курсов и докладов, а также особенности C++. Вопросы задавали Павел Филонов (программный комитет C++ Russia) и Олег Чирухин (журналист JUG Ru Group)."
Охотимся за утечками памяти в Node.js (1-я из 12 статей о Node.js от команды Mozilla Identity),https://habr.com/ru/companies/nordavind/articles/195494/,2013,09,26718,
[По докам] Flutter. Часть 3. Для разработчиков React Native,https://habr.com/ru/companies/funcorp/articles/484284/,2020,01,7674,"Продолжаем лаконичную интерпретацию официальной документации Flutter в формате «вопрос-ответ». Вот уже 3-я часть, и она в большей степени будет полезна React Native-разработчикам. В данной интерпретации вы можете найти ответы на частые вопросы, а также определить для себя, сколько усилий нужно приложить, чтобы перейти с одного кроссплатформенного фреймворка на другой."
React Native полностью переделан,https://habr.com/ru/articles/854348/,2024,10,15004,"После 6 лет разработки команда React Native представила полностью переписанную архитектуру фреймворка (0.76) – самое значительное обновление с момента создания React Native. Это результат масштабной работы над улучшением производительности, стабильности и возможностей платформы."
Мониторинг данных АСУ ТП и не только,https://habr.com/ru/articles/522388/,2020,10,8637,"Здравствуйте, пользователи сообщества Хабр. Цель статьи: Демонстрация реализации дешевого решения для визуализации данных, которое можно применять в системах диспетчеризации."
"Мы нашли опасную уязвимость в Microsoft Teams, но компания устранила её только спустя два месяца",https://habr.com/ru/companies/vdsina/articles/532210/,2020,12,7542,"TL;DR : 31 августа 2020 года мы сообщили о критически опасных багах исполнения удалённого кода в Microsoft Teams. 30 сентября 2020 года Microsoft присвоила им рейтинг «Important, Spoofing» («Важно, спуфинг») — один из наиболее низких. В нашей команде мгновенно родилась новая шутка. Microsoft отказалась подробно обсуждать воздействие этих багов, окончательное решение принято 19 ноября 2020 года «Что касается CVE, в настоящее время политика Microsoft заключается в том, чтобы не публиковать CVE продуктов, автоматически обновляемых без действий пользователя», — 30 ноября 2020 года Баги устранены к концу октября 2020 года Рейтинг Microsoft Security Response Center — «Important, Spoofing» Microsoft приняла эту цепочку багов в баунти-программу облачных багов O365 как «Important» (уровень серьёзности), «Spoofing» (воздействие). Это один из самых низких рейтингов. По крайней мере, теперь в нашем коллективе появилась новая шутка — когда мы находим баг исполнения удалённого кода (remote code execution, RCE), мы называем его «Important, Spoofing». Спасибо, Microsoft! Если быть полностью честными, то для десктопного приложения был присвоен отдельный рейтинг «Critical, Remote Code Execution», но только за «очки Microsoft»! Очки Microsoft позволяют вам попасть в таблицу лидеров MSRC . В этой статье мы расскажем об одном из пяти переданных в MSRC цепочек багов исполнения удалённого кода Microsoft Teams, требующих одного нажатия или не требующих нажатий вообще («Important, Spoofing»)."
"«Меня разрывает, когда я не могу писать код» — интервью с Максимом Шафировым, CEO JetBrains",https://habr.com/ru/companies/jugru/articles/318842/,2016,12,40276,
"Здравствуй, Хабр",https://habr.com/ru/companies/tensor/articles/326804/,2017,04,24585,
Flutter вот-вот завоюет Web,https://habr.com/ru/companies/rshb/articles/547192/,2021,03,50180,"Современные Web-сайты пишутся на HTML, JavaScript и CSS (и этот сайт в том числе). Наверно, вы сейчас прочитали это и подумали «да это же очевидно». А если я вам скажу, что можно написать сайт без использования этих трех технологий, у вас наверняка возникнут вопросы…"
Каковы перспективы у «немодной» платформы .NET — мнения экспертов,https://habr.com/ru/articles/313202/,2016,10,46621,
Как вырасти из Manual QA в Automation: пошаговый план,https://habr.com/ru/articles/932374/,2025,08,17879,"Пошаговое руководство для Manual QA, которые хотят перейти в автоматизацию. Как выбрать направление, язык и инструменты, какие шаги пройти и что добавить в портфолио, чтобы уверенно расти в Automation QA."
Любителям Ruby и Coffeescript — очередной велосипед?,https://habr.com/ru/articles/248601/,2015,01,15135,
"Как хранить данные в iOS: UserDefaults, Keychain и сэндвичи",https://habr.com/ru/companies/redmadrobot/articles/730316/,2023,04,19080,"Хранение данных — одна из самых ведущих тем в разработке. Очень важно уметь выбирать подходящий инструмент для разных ситуаций и знать, как хранить данные безопасно и максимально эффективно, не замедляя приложение. Старший iOS-разработчик red_mad_robot Аня Кочешкова рассказывает о механизмах хранения, способах работы с ними, а также плюсах и минусах каждого подхода."
[По докам] Flutter. Часть 3. Для разработчиков React Native,https://habr.com/ru/companies/funcorp/articles/484284/,2020,01,7674,"Продолжаем лаконичную интерпретацию официальной документации Flutter в формате «вопрос-ответ». Вот уже 3-я часть, и она в большей степени будет полезна React Native-разработчикам. В данной интерпретации вы можете найти ответы на частые вопросы, а также определить для себя, сколько усилий нужно приложить, чтобы перейти с одного кроссплатформенного фреймворка на другой."
"С++ на службе ортодонтии: интервью с Михаилом Матросовым, разработчиком CAD из Align Technology",https://habr.com/ru/companies/jugru/articles/473628/,2019,10,4052,"Михаил Матросов ( mmatrosov ) — ведущий инженер по разработке в московском R&D-офисе Align Technology. Его специализация весьма необычна — он разрабатывает специализированную CAD-систему для дизайна ортодонтических приспособлений. Михаил участвует в C++ Russia с самой первой конференции. В этом году на С++ Russia 2019 Piter он выступит с докладом «Спецификаторы, квалификаторы и шаблоны» . Вы также можете его знать по курсам от Яндекса «Основы разработки на С++: коричневый пояс» и «Основы разработки на С++: чёрный пояс» на Coursera, в создании которых Михаил выступил соавтором. Конференция уже на носу, а пока ловите интервью с Михаилом, где мы обсудили его работу в Align Technology, миграцию легаси-кода, подготовку онлайн-курсов и докладов, а также особенности C++. Вопросы задавали Павел Филонов (программный комитет C++ Russia) и Олег Чирухин (журналист JUG Ru Group)."
GoSh! для путешественников — история одного домашнего проекта,https://habr.com/ru/articles/458272/,2019,07,4421,"— Скажите, вы любите путешествия? Уверен, что вы ответите ""да"", вряд ли в другом случае вы бы обратили внимание на эту статью :) — Интересна ли вам тема мобильной разработки? Тут я уже не так уверен, и надеюсь, этой статьей я не отобью вам интерес. В любом случае, тут будет некоторое количество технических подробностей, которые могут быть вам немного полезными, но не обязательно. — А как насчет кроссплатформенной мобильной разработки? Знаю, знаю, холивар, но, что поделать — будем спорить и рождать истины. Так или иначе, в этой душераздирающей истории данные темы будут затронуты, так что — самое время закрыть статью, если вы ожидаете чего-то другого ;) Хотя, я постараюсь написать так, чтобы тут были не только технические детали."
"Создание блога на FastAPI с нуля: JWT, Markdown и современный веб-дизайн",https://habr.com/ru/companies/amvera/articles/863130/,2024,12,21461,"В этой статье мы создадим полноценный мини-блог на FastAPI с нуля, используя современные технологии веб-разработки. Вы узнаете, как реализовать JWT-аутентификацию, работать с Markdown и создать привлекательный пользовательский интерфейс. Мы рассмотрим асинхронную работу с SQLAlchemy 2, включая сложные запросы и связи ManyToMany, а также интеграцию фронтенда с использованием Jinja2. Этот проект демонстрирует, как создать функциональный блог, подобный Telegraf, преодолевая его ограничения и расширяя возможности."
Мониторинг данных АСУ ТП и не только,https://habr.com/ru/articles/522388/,2020,10,8637,"Здравствуйте, пользователи сообщества Хабр. Цель статьи: Демонстрация реализации дешевого решения для визуализации данных, которое можно применять в системах диспетчеризации."
SAP UI5 вопросы без ответов,https://habr.com/ru/articles/925400/,2025,10,2086,"Привет, Хабр! Меня зовут Евгений, я — ведущий разработчик отдела SAP разработки. Цель этой статьи — «подумать письмом» о том, что такое SAP UI5, каковы его особенности, преимущества и недостатки. Так же, рамках статьи попытаемся ответить на вопрос, стоит ли его использовать, а если стоит то, когда и зачем. Точнее такой она была изначально. А на самом деле, преследуя исключительно личные корыстные интересы, я решил провести небольшое исследование, на обширную и трудно формулируемую тему «а не посмотреть ли мне в сторону web разработки на SAP UI5». Основная целевая аудитория — это в первую очередь SAP ABAP разработчики и сочувствующие, которых интересуют похожие вопросы, а во вторую и последнюю — все остальные любопытствующие ИТ‑шники:) Интересно? Читайте статью под катом."
"Будущее программирования: языки, зарплата и перспективы в 2024 году",https://habr.com/ru/companies/lanit/articles/774334/,2023,11,79417,"Почему программисты не боятся искусственного интеллекта? Потому что им достаточно сказать заказчику: «Объясните компьютеру, что именно вы хотите». Так шутили еще недавно, но теперь такие шутки становятся не такими веселыми, как раньше. Искусственный интеллект, воплощенный в ChatGPT, продолжает совершенствоваться, в то время как IT-сообщество делится на скептиков и энтузиастов. Одни верят, что программистам не нужно меняться, другие думают, что новые языки и подходы в разработке окончательно похоронят ручной кодинг. На недавней дискуссии Artezio мы собрали влиятельных разработчиков и попросили предсказать, как будет меняться программирование в будущем, какие языки обещают быть на волне успеха и как оставаться в тренде."
Kotlin теряет популярность!? – рейтинг TIOBE,https://habr.com/ru/companies/spring_aio/news/900616/,2025,04,7998,"Согласно свежему рейтингу TIOBE за апрель 2025 года, языки Kotlin, Swift и Ruby опустились ниже 20-ой позиции по популярности. В апреле Ruby, Kotlin и Swift заняли 24-е, 25-е и 26-е места соответственно. Вот как выглядит первая десятка популярных языков:"
Обзор кросс-платформенных фреймворков мобильной разработки,https://habr.com/ru/articles/421227/,2018,08,17359,"Введение По работе мне неоднократно приходилось сталкиваться с выбором подходящей технологии для мобильной разработки. Ниже я попробовал собрать и классифицировать основные фреймворки по используемым подходам, достоинствам и недостаткам."
Установка библиотеки WinJS 3.0,https://habr.com/ru/companies/microsoft/articles/241863/,2014,11,9626,Всем добрый день!
Среды разработки С++ для Ubuntu,https://habr.com/ru/articles/161217/,2012,12,278813,"Среды разработки С++ для Ubuntu При переходе на Ubuntu первой задачей был поиск удобной среды разработки. Перед выбором выступили такие кандидаты: Code::Blocks, Netbeans, Eclipse, Anjuta. Продолжение под катом."
"Детальный разбор того, что Google показал на конференции FlutterLive (и что это значит для Dart и мира)",https://habr.com/ru/companies/wrike/articles/432206/,2018,12,10586,"Буквально накануне ( UPD пока я писал статью, прошло двое суток 0_0 ), 4 декабря в Лондоне прошла конференция FlutterLive , посвящённая в основном мобильному фреймворку Flutter , но не ограничиваясь им. Какие новости нам рассказали, и что теперь является основным вектором развития для команды Google, включая некоторые размышления на этот счёт, вы можете прочесть ниже. Так как мы в Wrike сейчас одни из самых больших потребителей Dart (но, как показала конференция DartUP далеко не единственные), то мы постарались сделать для вас детальный разбор, что этот анонс значит для всего IT мира. Спойлер для затравки: скоро всё будет Flutter"
Большое руководство по сетям и шифрованию трафика в Linux (часть 2),https://habr.com/ru/companies/timeweb/articles/836062/,2024,08,18240,"Приветствую вас, читатели Хабра! В этой статье я бы хотел уделить внимание такой вещи как шифрование трафика на Linux системах. Наверное, каждый из нас прекрасно понимает, насколько важна защита нашей приватности. Ведь в эпоху, когда многие компании собирают данные, а иногда хакеры могут перехватить наш трафик, это становится особенно важно. Просто необходимо позаботиться о безопасности своих данных. Например, быть уверенным, что какая-либо корпоративная сеть не прослушивается злоумышленниками. Информационная безопасность сегодня — это не просто мода, а насущная необходимость. Постоянно растет киберпреступность, и защита трафика от перехвата — это основной аспект цифровой жизни человека или бизнеса. Эта часть — вторая, первую вы можете прочитать по ссылке . А в этой части мы рассмотрим что такое прокси и какие типы бывают, что такое VPN, как устроено сквозное шифрование. И соответственно, в этой статье не будет упоминаться то, про что я уже писал в первой. Начнем, господа присяжные заседатели!"
Теория и практика стандартизации Docker-сервисов,https://habr.com/ru/companies/antiplagiat/articles/468683/,2019,09,6864,"Информации на тему микросервисной архитектуры приложений, успевшей уже набить оскомину, сегодня вполне достаточно для того, чтобы определиться, подходит она вашему продукту или нет. И совершенно не секрет, что компаниям, решившим выбрать этот путь, предстоит принять множество инженерных и культурных вызовов. Одним из источников проблем является множащийся всюду оверхед, и это в равной степени касается и рутины, связанной с производственными процессами. Источник изображения: Как можно догадаться, Антиплагиат – как раз такая компания, где постепенно пришло понимание, что нам с микросервисами по пути. Но прежде чем начать есть кактус, мы решили его почистить и приготовить. А так как все единственно верные и правильные решения для каждого уникальны, то вместо универсальных DevOps-слайдов с красивыми стрелками мы решили просто поделиться собственным опытом и рассказать, как мы уже прошли немалую часть нашего особого пути к, я надеюсь, успеху."
Обзор фреймворка cdk8s для «программирования» Kubernetes-манифестов,https://habr.com/ru/companies/flant/articles/577624/,2021,09,7017,"Kubernetes стал стандартом для запуска микросервисных (и не только) приложений. Компании разных размеров — от стартапов до enterprise — стараются проектировать свои приложения готовыми для запуска в Kubernetes-кластере. А для запуска приложения в K8s обычно используют Helm-шаблоны с описанием манифестов. Хотя формат шаблонов легко читается и прост в изучении, он может вызвать определенные сложности, когда логика деплоя приложения разрастается, когда создаются дополнительные тестовые контуры (с деплоем только отдельных частей приложения) и т.д. При активном использовании Go-шаблонов рефакторинг манифестов может превратиться в нетривиальную задачу*. Что делать, если у разработчиков нет времени разбираться со всеми тонкостями Helm-шаблонов, синтаксисом YAML и Go templates, но нужно запустить приложение в Kubernetes? Ответом на этот вопрос может стать использование cdk8s."
Main Loop (Главный цикл) в Android Часть 3. Другие главные циклы,https://habr.com/ru/companies/cian/articles/591877/,2021,11,9159,"Основой любого приложения является его главный поток. На нем происходят все самые важные вещи: создаются другие потоки, меняется UI. Важнейшей его частью является цикл. Так как поток главный, то и его цикл тоже главный - в простонародье Main Loop. Тонкости работы главного цикла уже описаны в Android SDK, а разработчики лишь взаимодействуют с ним. Поэтому, хотелось бы разобраться подробней, как работает главный цикл, для чего нужен, какие проблемы решает и какие у него есть особенности. Это третья и финальная часть разбора главного цикла в Android. В первой части мы разобрались с тем, что такое главный цикл и как он работает. Во второй , как это работает в Android SDK в Java слое. В этой части мы посмотрим на особенности Looper в C++, поверхностно пробежимся по Flutter, Chrome и React Native. А еще есть игры — в них вообще все с ног на голову."
Исследуй это: как и зачем мы изучаем low-code платформу Pega,https://habr.com/ru/companies/lanit/articles/578388/,2021,09,18389,"Мы в ЛАНИТ – Би Пи Эм уже больше 10 лет используем low-code платформу Pega для автоматизации сложных сквозных бизнес-процессов в российских банках. За это время мы пережили всё, с чем только можно столкнуться на проектах с Pega, и как можно догадаться, раз нас это не убило, то, значит, сделало сильнее. В этой статье поговорим про развитие платформы Pega и о том, как мы пришли к регулярным исследованиям её обновлений."
"История Java: развитие, изучение Марса, битва с Microsoft, Spring, Gradle и Maven, IntelliJ IDEA и Eclipse",https://habr.com/ru/companies/pvs-studio/articles/920360/,2025,06,4167,"От появления до покорения Красной планеты. В этой статье — история языка Java: от первых шагов и битвы с Microsoft до инструментов, без которых не обходится ни один Java разработчик. И да, вы узнаете, при чём здесь дуб, кофе и остров."
"15 лучших библиотек для визуализации данных, о которых должен знать каждый разработчик",https://habr.com/ru/companies/otus/articles/929938/,2025,07,14594,"Визуализация данных — это не просто способ представить информацию, а настоящий инструмент для открытия новых инсайтов и улучшения принятия решений. В этой статье мы собрали 15 библиотек для визуализации данных, которые стали стандартом в своих областях. Здесь вы найдете как решения для быстрых графиков, так и мощные фреймворки, подходящие для сложных и масштабных задач. Каждая библиотека имеет свои особенности, и в статье мы подробно рассмотрим, какие из них лучше всего подойдут для вашего следующего проекта. Если вы хотите поднять свои визуализации на новый уровень — читайте, разберемся, какие инструменты действительно заслуживают внимания."
100 cамых ценных репозиториев GitHub [по версии алгоритма UOS],https://habr.com/ru/articles/453444/,2019,05,46628,"Привет, Хабр! Представляю вашему вниманию подборку — перевод статьи из Hackernoon «GitHub’s Top 100 Most Valuable Repositories Out of 96 Million» . А саму статью написали ребята, которые использовали алгоритм U°OS Network, чтобы выявить самые ценные оупесорсные проекты на Github."
Почему язык Go популярен,https://habr.com/ru/companies/yandex_praktikum/articles/754682/,2023,08,71823,"Go, также известный как Golang, — это язык программирования с открытым исходным кодом. Представленный публике в 2009 году, Go был разработан для упрощения задач программирования и повышения эффективности. Он родился из потребности в языке, который был бы прост для понимания, эффективен для выполнения и прежде всего способен справиться с масштабами, в которых работает Google. Его отличают простота, эффективность, многопоточное программирование, кроссплатформенность и высокая скорость компиляции. Меня зовут Рафаэль Мустафин, я ментор на курсе « Go-разработчик » в Яндекс Практикуме. Я написал эту статью для новичков и тех, кто рассматривает Go в качестве первого языка программирования. В ней я приведу практические примеры того, что понимаю под преимуществами Go."
Лучшие инструменты для тестирования API в 2023 году,https://habr.com/ru/companies/otus/articles/760432/,2023,09,20721,"Тестирование API — это тестирование ПО, при котором API тестируются на уровне сообщений, например, веб-сервисы SOAP , REST API и т.д. API не получится тестировать вручную. Их функциональность нельзя протестировать с помощью фронтенда, поскольку в интерфейсе нет взаимодействия с пользователем. Поэтому для тестирования API необходимы инструменты. Тестирование API особенно полезно при agile с ее короткими циклами разработки, что повышает необходимость автоматизировать тестирование."
WinJS на Windows Phone 8.1,https://habr.com/ru/companies/microsoft/articles/229811/,2014,07,8589,"В этом году на //build2014 были представлены два больших анонса, относящихся к библиотеке Windows для JavaScript (“WinJS”). Первый обозначил работу MS Open Technology над тем, чтобы сделать библиотеку WinJS кроссплатформенной и с доступным открытым кодом. Теперь у разработчиков есть возможность привнести персональность Windows-приложений на другие устройства и браузеры. Больше информации об этом нововведении можно найти в статье Марии Канг."
WebAssembly — это возвращение апплетов Java и Flash?,https://habr.com/ru/articles/418653/,2018,07,14059,"В последней статье по WebAssembly я сделал следующее утверждение: Некоторые сравнивают WebAssembly с Java-апплетами. В определённом смысле они правы, но с другой стороны сильно ошибаются. Как-нибудь я напишу статью о различиях, но пока поговорим о сходстве. В некотором смысле WebAssembly — иной способ выполнения того, для чего предназначалась JVM: это обычная виртуальная машина для кроссплатформенного ПО. Многие люди выразили заинтересованность в этой теме, так что давайте рассмотрим её подробнее! В этой статье сравним WebAssembly с тремя технологиями: Flash, Java-апплеты и немножко с PNaCL. Кроме того, статья сосредоточиться на использовании в вебе , хотя раньше мы рассматривали варианты использования WebAssembly в офлайне. Но о таком сравнении поговорим позже. Наконец, эта статья похожа на поедание тапаса [испанская закуска из множества разных компонентов — прим. пер.], здесь куча маленьких разделов. Мне кажется, она слегка коротковата, но в то же время я пытаюсь вести блог, а если продолжать её расширять, то это займёт вечность, так что извините."
MongoDB vs Cassandra,https://habr.com/ru/companies/otus/articles/690924/,2022,09,9551,"В этой статье сравним MongoDB и Cassandra — две самые популярные NoSQL базы данных. На выбор подходящей СУБД для проекта может уйти довольно много времени. Требования к базе данных могут включать упрощенную модель данных, гарантию транзакций, производительность чтения/записи, горизонтальное масштабирование и отказоустойчивость. Для начала нужно определиться с типом СУБД: SQL или NoSQL. Если вы выберите NoSQL, то дальше появляется вопрос: MongoDB или Cassandra . Да, на рынке существует множество NoSQL-баз данных, но среди них лидируют MongoDB и Apache Cassandra. Оба продукта похожи, но все-таки разные. Давайте сравним эти две СУБД, чтобы сделать правильный выбор."
Как тестировать PWA?,https://habr.com/ru/articles/824106/,2024,06,8440,"Про тестирование PWA есть много разрозненных мнений, подходов и обособленных принципов, иногда противоречащих друг другу. Мы в Red Collar решили испытать на себе несколько вариаций подхода к тестированию таких приложений."
Самые популярные языки программирования бэкенда: для чего они подходят лучше всего и какие компании их используют,https://habr.com/ru/companies/skillbox/articles/534684/,2020,12,97169,"Что такое бэкенд, на Хабре рассказывать не нужно, поэтому сразу переходим к сути статьи. В ней рассказывается о наиболее подходящих для бэкенда языках программирования. Кроме того, автор рассказывает о задачах, для решения которых эти языки идеально подходят и компаниях, которые используют их у себя."
Аутентификация на Asp.net сайтах с помощью Rutoken WEB,https://habr.com/ru/companies/aktiv-company/articles/140572/,2012,04,11651,
Верю – не верю в инди-разработку. Часть 1,https://habr.com/ru/articles/272215/,2015,12,19218,"Наверное, в работе каждого программиста наступает критический момент, когда творческая любимая работа перерастает в рутину. Все справляются с этим моментом по своему. Кто-то меняет язык программирования, кто-то меняет работу, а кто-то пытается сделать самостоятельный продукт."
За что я люблю ассемблер?,https://habr.com/ru/articles/569204/,2021,07,64599,"Этой статье уже почти 3 года . Однако сегодня я решил подредактировать её, дополнить и выложить, наконец, на Хабр."
Какие языки программирования учить?,https://habr.com/ru/articles/571832/,2021,08,37318,"Чем больше освоишь, тем круче будешь Довольно популярное мнение среди разработчиков, что уровень квалификации и зарплата зависят от количества языков программирования, которыми разработчик владеет. Я сам в свое время ходил и думал, что бы такого изучить, чтобы потом писать в резюме много умных слов. Затем однажды на работе познакомился с коллегой, С++ разработчиком, который за всю жизнь освоил только один этот язык и все. А зарплата у него была, как у меня, может даже больше. Помню, как он ходил и с интересом спрашивал, как такие же вещи можно делать на С #. Это меня очень удивило, потому что я увидел, что человек достаточно успешен в IT-карьере, хотя он хорошо выучил всего один язык, а за его пределами почти ничего не знает. Конечно, это не значит, что надо ограничивать свой кругозор единственным языком. На мой взгляд, секрет успеха в том, чтобы стать профи в чем-то одном, а затем осваивать смежные области , которые будут дополнять друг друга и двигать в направлении одной цели. Например, если вы занимаетесь Web-разработкой, будет плюсом знать какой-то язык для бэкэнда и JavaScript для фронтэнда. Но если я буду учить С++ для бэкэнда, то знания JavaScript для фронтэнда мне ничего не даст, потому что я никогда не буду использовать их вместе. Обычно, с одного языка пересесть на другой не так сложно из-за схожего синтаксиса и общих принципов. Например, с C # на Java. При этом вокруг каждого языка есть своя большая экосистема : библиотеки, фреймворки, либы. А вот на это уже нужно много времени, и быть достаточно высококвалифицированным специалистом в двух-трех разных областях в программировании очень сложно."
"Разработка интернет-магазина с точки зрения SEO и UX. Полная структура, которую мы используем в проектах",https://habr.com/ru/articles/892042/,2025,03,3390,"Я очень не люблю делать одну и туже работу при создании проектов. На протяжении 9 лет к нам периодически обращаются за разработкой e-commerce проектов. Как правило это крупные проекты, которым не подходит CMS система, а требуется больше с точки зрения нагрузки и возможностей. По этому каждый раз мы бесконечно проходим одни и те же этапы согласования, что мы будем включать в проект. И, как правило, клиенту надо показать все возможности, чтобы они из всего выбрал то, что ему надо и на что есть бюджет. В итоге я решил собрать для себя, команды и клиентов такой материал, где описал по максимум, что должно быть и что может быть в e-commerce. И вот делюсь им со всеми и надеюсь можем даже доработать его вместе, чтобы все компании и студии могли пользоваться на этапе брифинга с клиентом, или отдавать UX дизайнеру структуру или сразу рисовать дизайн."
Мысленный эксперимент: Flutter на Go,https://habr.com/ru/articles/435960/,2019,01,22214,"Совсем недавно я открыл для себя Flutter – новый фреймворк от Google для разработки кроссплатформенных мобильных приложений – и даже имел возможность показать основы Flutter человеку, который никогда не программировал до этого. Сам Flutter написан на Dart – языке, родившимся в браузере Chrome и сбежавшим в мир консоли –  и это навело меня на мысль ""хм, а ведь Flutter мог вполне бы быть написан на Go!"". Ведь почему нет? И Go и Dart созданы Google, оба типизированные компилируемые языки – повернись некоторые события чуть иначе, Go был бы отличным кандидатом для реализации такого масштабного проекта, как Flutter. Кто-то скажет – в Go нет классов, дженериков и исключений, поэтому он не подходит. Так давайте представим, что Flutter уже написан на Go. Как будет выглядеть код и вообще, получится ли это?"
MongoDB vs Cassandra,https://habr.com/ru/companies/otus/articles/690924/,2022,09,9551,"В этой статье сравним MongoDB и Cassandra — две самые популярные NoSQL базы данных. На выбор подходящей СУБД для проекта может уйти довольно много времени. Требования к базе данных могут включать упрощенную модель данных, гарантию транзакций, производительность чтения/записи, горизонтальное масштабирование и отказоустойчивость. Для начала нужно определиться с типом СУБД: SQL или NoSQL. Если вы выберите NoSQL, то дальше появляется вопрос: MongoDB или Cassandra . Да, на рынке существует множество NoSQL-баз данных, но среди них лидируют MongoDB и Apache Cassandra. Оба продукта похожи, но все-таки разные. Давайте сравним эти две СУБД, чтобы сделать правильный выбор."
Персональное облако,https://habr.com/ru/articles/430970/,2019,01,168022,"Облачное хранилище позволяет не только хранить данные, но и обеспечивать совместную работу с ними в NAS ."
Как проапгрейдить существующий проект с ASP.NET MVC на ASP.NET Core. Практическое руководство,https://habr.com/ru/articles/472738/,2019,10,15333,"Этот пост родился из нашего опыта переноса существующего проекта с ASP.NET MVC на ASP.NET Core. Мы постарались собрать в одно целое весь процесс миграции в структурированном виде и описать различные узкие места, чтобы разработчики в дальнейшем могли опираться на этот материал и следовать дорожной карте при решении подобных задач. Пара слов о нашем проекте. Мы open-source eCommerce платформа на ASP.NET, которая к моменту переноса успешно существовала уже 9 лет. Мы делали миграцию 2 года назад — но руки дошли написать об этом только сейчас. На тот момент мы были одним из первых крупных проектов, кто решился на подобный шаг. Почему стоит перейти на ASP.NET Core Прежде чем приступить к разбору шагов по переходу с ASP.NET MVC на ASP.NET Core, несколько слов о преимуществах этой платформы."
Веб-разработка с .NET: Представляем Blazor WebAssembly 3.2.0,https://habr.com/ru/companies/microsoft/articles/503596/,2020,05,13757,"Привет, Хабр! Я рад сообщить, что Blazor WebAssembly теперь официально выпущена и доступна для всех. Это полнофункциональный и поддерживаемый выпуск Blazor WebAssembly, готовый к использованию в продакшене. Фулл-стак веб-разработка с .NET! Подробности под катом."
Технотекст 7: шорт-листы для 499 отборных статей,https://habr.com/ru/companies/habr/articles/906136/,2025,04,7481,"Технотекст 7 получился необычным: мы провели всего одну рассылку, остальные статьи собирали органически — анонсами, упоминаниями и даже личным общением с авторами (как в личке, так и в оффлайн формате). Для такой активности результат превзошёл все ожидания: мы получили 833 заявки, приняли 763, в шорт-листы попали 499 заявок, из них 132 от частных пользователей, 367 — от компаний. Почти все статьи оказались качественными — поэтому при скоринге материалов для шорт-листов оставались в первом туре статьи с рейтингом выше +50 и даже выше +100. Из неприятного — две «нейроночные» статьи, они были сняты с конкурса, искренне надеемся, что это был эксперимент и кто-то пробовал нас на прочность. Увы, думаю, что этот год стал последним спокойным с позиций ИИ-шного контента — в новом сезоне проверяться будет каждая статья."
Любителям Ruby и Coffeescript — очередной велосипед?,https://habr.com/ru/articles/248601/,2015,01,15135,
Сравнение RPA от UiPath и ROBIN 2.0 как способ полюбить российское ПО,https://habr.com/ru/articles/585842/,2021,10,7377,"Принято считать, что российское ПО традиционно уступает западным программам. Для многих это если не аксиома, то достаточно давно доказанная теорема. В особенности, когда речь идёт о корпоративных продуктах. Я был также уверен в этом и считал, что в большинстве случаев российские продукты корпоративного уровня делают для госсектора. Т.е. для того, чтобы выполнить требования по импортозамещению. Так было до недавнего времени, когда в моей компании не понадобилось автоматизировать рутинные процессы и я не озадачился выбором RPA. Под катом хочу поделиться результатами анализа, который мы провели с коллегами. Статья не претендует на детальный сравнительный обзор, скорее кейс по выбору RPA под конкретные требования, который познакомит с некоторыми востребованными сегодня функциями таких платформ."
SAP UI5 вопросы без ответов,https://habr.com/ru/articles/925400/,2025,10,2086,"Привет, Хабр! Меня зовут Евгений, я — ведущий разработчик отдела SAP разработки. Цель этой статьи — «подумать письмом» о том, что такое SAP UI5, каковы его особенности, преимущества и недостатки. Так же, рамках статьи попытаемся ответить на вопрос, стоит ли его использовать, а если стоит то, когда и зачем. Точнее такой она была изначально. А на самом деле, преследуя исключительно личные корыстные интересы, я решил провести небольшое исследование, на обширную и трудно формулируемую тему «а не посмотреть ли мне в сторону web разработки на SAP UI5». Основная целевая аудитория — это в первую очередь SAP ABAP разработчики и сочувствующие, которых интересуют похожие вопросы, а во вторую и последнюю — все остальные любопытствующие ИТ‑шники:) Интересно? Читайте статью под катом."
"15 лучших библиотек для визуализации данных, о которых должен знать каждый разработчик",https://habr.com/ru/companies/otus/articles/929938/,2025,07,14594,"Визуализация данных — это не просто способ представить информацию, а настоящий инструмент для открытия новых инсайтов и улучшения принятия решений. В этой статье мы собрали 15 библиотек для визуализации данных, которые стали стандартом в своих областях. Здесь вы найдете как решения для быстрых графиков, так и мощные фреймворки, подходящие для сложных и масштабных задач. Каждая библиотека имеет свои особенности, и в статье мы подробно рассмотрим, какие из них лучше всего подойдут для вашего следующего проекта. Если вы хотите поднять свои визуализации на новый уровень — читайте, разберемся, какие инструменты действительно заслуживают внимания."
Какой Identity-провайдер выбрать для реализации технологии Single Sign On,https://habr.com/ru/companies/nix/articles/595997/,2021,12,16691,"Всем привет! Меня зовут Екатерина Срибна, я Full Stack Developer в NIX. В этой статье я решила сравнить популярные инструменты аутентификации и авторизации, которые упростят работу с технологией единого входа — Single Sign On. Собранный мною материал будет полезен для новичков и специалистов с опытом. Статья ориентирована в основном на .NET-разработчиков, но есть здесь инсайты и для работающих с Java и JavaScript."
Unity3d script basics,https://habr.com/ru/articles/113859/,2011,02,110998,"Предисловие Эта статья будет посвящена новичкам в скриптовании Unity, но не совсем новичкам в синтаксисе JavaScript’а или любого другого подобного языка программирования. Тут надо маленько уточнить что JavaScript который использует Unity немного отличается от оригинального в пользу улучшенной поддержки ООП и называется соответственно Unity JavaScript. В нем например появились классы и их наследование, о чем не знают начинающие разработчики на Unity знакомые с объектно ориентированными возможностями оригинального JavaScript, поэтому отвергают его используя C# или Boo."
Гайд по айтишному движу Петербурга,https://habr.com/ru/articles/433576/,2018,12,23190,"Иногда у меня спрашивают разработчики из других городов и студенты, куда сходить айтишнику в культурной столице. За время организации митапов для питонистов, я коллекционировала IT-ивенты, чтобы перенимать лучшие фишки и адаптировать их под нашу целевую аудиторию. В этом обзоре систематизированы впечатления от регулярных митапов наиболее крупных IT-сообществ Петербурга: Golang Piter, Fprog, C++ User Group, SpbDotNet, PiterPy Meetup, PyLadies, Django Girls, Spb Python, Frontend Spb, PiterJS, ODS, SpBDSM, семинары в JetBrains Research, ИТМО и его НИИ, CSC, РАН. Рассмотренные мероприятия бесплатны и открыты для всех, но почти везде требуется предварительная регистрация (для учета количества участников при бронировании помещения, организации кофе-брейка и закупки мерча). Почти у всех есть youtube-канал, где можно посмотреть записи с прошлых митапов, и телеграм-чаты, где удобно отслеживать анонсы. Возможно, не менее интересно на митапах, до которых я пока не дошла. Может, кто-то захочет продолжить обзор и заполнит лакуны."
"Python для Веба: что нужно знать джуниору, чтобы работать и развиваться",https://habr.com/ru/articles/446668/,2019,04,157794,"Мы сделали сокращенную расшифровку с главными мыслями из Python Junior Podcast: в нем мы обсудили, с чего начинать и куда податься начинающему разработчику на Python. В последнее время у нас много контента для миддлов и сеньоров, но этот выпуск — точно для джунов."
Микротаски для программистов и альтернативный криптовалютный способ их оплаты,https://habr.com/ru/companies/oleg-bunin/articles/418371/,2018,07,12090,"Гость второго выпуска Run Loop — подкаста о тех, кто делает продукты своими собственными руками — Егор Бугаенко. Расспросим его о цели создания своей криптовалюты Zold. Узнаем, почему для ее написания используется Ruby. Поговорим сразу о многом, начиная от распорядка дня и книг, заканчивая провокационными вопросами о качестве работы программистов. И напоследок обсудим, что разработчики, не умеющие участвовать в Open Source проектах, скоро станут никому не нужны. Ведущие: Илья Царев, Алексей Милеев, Роман Бусыгин. Илья Царев занимается iOS разработкой в Альфа-банке, выступает на различных митапах и конференциях. Алексей Милеев разрабатывает Android версию App in the Air, ведет Telegram-канал по Android разработке, и курирует доклады на AppsConf. Роман Бусыгин — ведущий разработчик Яндекс.музыки для iOS, часто выступает на конференциях и участвует в подкастах. В гостях: Егор Бугаенко — основатель и CEO компании Zerocracy, разрабатывающей AI-роботов для управления программистами; ООП-фундаменталист; автор «Elegant Objects» — серии книг об объектно-ориентированном программировании; создатель Cactoos, Takes Framework, JCabi и Rultor, а еще блогер и филантроп."
38 лучших CI/CD-инструментов в 2022 году,https://habr.com/ru/companies/slurm/articles/706646/,2022,12,52988,"Непрерывная интеграция (CI) и непрерывная доставка (CD) или CI/CD стали неотъемлемой частью подхода к разработке программного обеспечения и тестирования DevOps. Этот подход дает разработчикам возможность непрерывного развертывания кода. Кроме того, ошибки выявляются на ранней стадии, что позволяет избежать проблем с интеграцией из-за частой фиксации исходного кода. При таком количестве предлагаемых CI/CD-инструментов важно выбрать лучшие, соответствующие бюджету и требованиям проекта. Мы создали этот список, чтобы облегчить вам задачу, и надеемся, что он поможет вам выбрать лучший CI/CD-инструмент. В этой статье мы рассмотрим 38 лучших CI/CD-инструментов из представленных на рынке и выделим их основные особенности."
Ansible для управления конфигурацией Windows. История успеха,https://habr.com/ru/companies/veeam/articles/455604/,2019,06,62930,"На одной из встреч питерского сообщества .Net разработчиков SpbDotNet Community мы пошли на эксперимент и решили рассказать о том, как можно применять подходы, давно ставшие стандартом в мире Linux, для автоматизации Windows-инфраструктур. Но дабы не доводить всё до голословного размахивания флагом Ansible, было принято решение показать это на примере развёртывания ASP.Net приложения. Быть спикером вызвался Алексей Чернов, Senior Developer команды, разрабатывающей библиотеки UI-компонентов для наших проектов. И да, вам не показалось: выступать перед .Net аудиторией пошёл JavaScript разработчик. Кто заинтересовался итогом такого эксперимента, милости просим под кат за расшифровкой."
Программирование для детей 12 лет: какое направление выбрать,https://habr.com/ru/companies/pixel_study/articles/841222/,2024,09,3271,"Программирование кажется сложной темой, но научиться писать код может даже начинающий подросток без опыта. Как это сделать и какое направление выбрать детям 12 лет и старше? Предлагаем разобраться. Сегодня школьники уже почти не интересуются традиционными секциями и кружками, часто предпочитают более современные занятия: они с охотой проходят курсы IT, увлеченно учатся программировать, создавать 3D-модели, игры и не только. Мы с коллегами считаем, что это стремление нужно поддерживать, а соответствующий интерес и потенциал — развивать, ведь даже маленький программист без опыта по мере обучения становится все ближе к информационным технологиям и одной из востребованных профессий будущего."
Что айтишнику делать в 2020?,https://habr.com/ru/companies/ruvds/articles/481860/,2019,12,79594,"Приобрести VDS со скидкой 30% , да ещё и до повышения цен. Шутка :) Но в каждой шутке есть доля правды. До нового года осталась ровно неделя и мы знаем, что почти никто из нас с вами не начнёт новую жизнь с 1 января или с понедельника. Но также мы знаем, что никто не остановится в развитии — такова уж наша айтишная судьба: ушёл на три недели на больничный, вернулся и выпал из реальности. Ну почти. Казалось бы, сложившиеся технологии вполне достаточны для реализации большинства текущих проектов и даже самых смелых фантазий, но тем не менее в привычный стек то и дело врывается что-то новое. А стоит ли в это новое вникать? Что изучать дальше? Или наконец выйти из айти? Мы набросали небольшой план на год. После Cybertruck мы решили не включать дизайн в список перспективных направлений для айтишников в 2020 году. Что есть внешность вещей? Ничто рядом с их сутью"
Пробуем Flutter в Telegram Mini Apps: Насколько хорошее решение для разработки?,https://habr.com/ru/articles/854406/,2024,10,8386,"Привет, Хабр! Меня зовут Богдан, и я Flutter-разработчик, работающий в аутсорсе. В этой статье на моем примере я расскажу о создании веб-приложения на Flutter для Telegram Mini Apps . Хотите узнать, насколько применим Flutter в вебе, как разработать и запустить свое приложение в Telegram? Тогда нажимай ""Читать далее""!"
Исследование рынка .NET разработки: Анализ текущих тенденций и прогнозы,https://habr.com/ru/articles/857042/,2024,11,10099,".NET остается одной из ведущих платформ для разработки корпоративных приложений, особенно в России, где она используется как в крупных корпорациях, так и в малом бизнесе. Но как на самом деле чувствует себя сообщество разработчиков? Для того чтобы понять это, мы решили опросить 300 российских .NET разработчиков и руководителей разработки. И вот что из этого получилось."
Верю – не верю в инди-разработку. Часть 1,https://habr.com/ru/articles/272215/,2015,12,19218,"Наверное, в работе каждого программиста наступает критический момент, когда творческая любимая работа перерастает в рутину. Все справляются с этим моментом по своему. Кто-то меняет язык программирования, кто-то меняет работу, а кто-то пытается сделать самостоятельный продукт."
Площадки по пентесту в 2024 году. Самый полный guide,https://habr.com/ru/articles/538766/,2021,01,78007,Давно хотели что-то хакнуть? Да не было возможности? Представляю вашему вниманию крайне полный список площадок для пентеста и самостоятельного обучения.
Браузерные войны 2021,https://habr.com/ru/articles/541180/,2021,02,23796,"Дисклеймер: речь в данной статье не идёт о браузерных войнах как таковых. Скорее, автор пытается объяснить устройство и механизм работы браузеров простым языком (прим. переводчика). Наблюдая за тем, как Google Chrome планомерно подавляет конкуренцию на рынке браузеров, Нил Мор пытается проанализировать причины его популярности, а также объясняет, почему не стоит им пользоваться."
Flutter: слоёный пирог с интересной начинкой. Графика,https://habr.com/ru/companies/ligastavok/articles/548662/,2021,03,12547,"Write once, run anywhere Предлагаю заглянуть под капот, и погрузиться в детали реализации движка Flutter, чтобы понять, как он решает вопрос кроссплатформы с точки зрения отрисовки UI"
Руководство для начинающих VR-разработчиков,https://habr.com/ru/companies/vk/articles/316024/,2016,11,167240,"В этом руководстве собраны базовые ссылки и рекомендации, которые могут послужить вам точкой отсчёта в освоении VR-разработки. 1. Изучаем оборудование Спросите себя: меня интересует разработка для десктопных устройств, наподобие HTC Vive, или меня больше привлекают мобильные устройства вроде Samsung Gear VR или Google Cardboard? Если вы пока не определились, то почитайте обзоры и подумайте о том, что лучше выбрать для вашего рынка. Если для ваших идей требуются контроллеры движения или качественная графика, то ориентируйтесь на подключаемые к компьютеру очки VR. Модели, которые сегодня поддерживаются движками Unity, Unreal и веб-реaлизациями:"
Как математическая библиотека КОМПАС-3D превратилась в C3D Toolkit для разработчиков САПР → часть 2,https://habr.com/ru/companies/ascon/articles/335110/,2017,09,8400,"В первой части статьи мы рассказали о геометрических ядрах в общем и объяснили, в чём их отличие от игровых графических движков. Далее представляем наше собственное 3D-ядро для работы с точной геометрией и тот программный продукт, который в итоге получился. История российского геометрического ядра C3D Началом работ над геометрическим моделированием в КОМПАС-3D официально считается 1995 год, именно тогда Николай Николаевич Голованов с группой коллег из коломенского офиса АСКОН заложили первые математические основы будущего ядра. Потребовалось четыре года, чтобы превратить математические алгоритмы в первый жизнеспособный продукт. С тех пор геометрическое ядро постоянно эволюционирует, обеспечивая функциональное развитие КОМПАС-3D и целого ряда других программных решений в России и за рубежом. Велосипед Scott Voltage FR20, спроектированный в КОМПАС-3D с использованием геометрии C3D (автор модели: Алексей Богданов, г. Полтава)"
"История Java: развитие, изучение Марса, битва с Microsoft, Spring, Gradle и Maven, IntelliJ IDEA и Eclipse",https://habr.com/ru/companies/pvs-studio/articles/920360/,2025,06,4167,"От появления до покорения Красной планеты. В этой статье — история языка Java: от первых шагов и битвы с Microsoft до инструментов, без которых не обходится ни один Java разработчик. И да, вы узнаете, при чём здесь дуб, кофе и остров."
Беда “войти в айти” или курсы тестировщика отзывы: Глава 3: QA-эксперт и 12 разгневанных студентов разбирают 9 курсов,https://habr.com/ru/articles/651359/,2022,02,33628,"QA-эксперт с опытом под 20 лет анализирует наполненность программ девяти QA-курсов, их сроки и еженедельное число часов загрузки. Она поможет абитуриентам выявить как не слишком амбициозные курсы, пропускающие важные части теории, так и наоборот - курсы, где в относительно небольшое число часов впихнуто невпихуемое. И обучение из-за этого стремительно несется мимо мозгов. 12 студентов с этих же курсов дают обратную связь о том, как это все происходит внутри на самом деле."
Опыт создания онлайн-настолки: от идеи до реализации,https://habr.com/ru/articles/925236/,2025,07,2133,"Пару лет назад единственной настольной игрой, в которую я играл онлайн с друзьями, была «Монополия». Со временем она начала надоедать, и мне захотелось чего‑то нового. Моим открытием стала Machi Koro — экономическая карточная игра, где победа зависит не столько от случайности, сколько от выбранной стратегии, что выгодно отличает её от «Монополии». На тот момент я не нашёл достойных онлайн‑аналогов Machi Koro, что и подтолкнуло меня к созданию собственной реализации. В этой статье я подробно расскажу о технической стороне проекта: от составления требований до выбора стека технологий."
Генератор конфигураций для сетевого оборудования и не только,https://habr.com/ru/articles/307054/,2016,08,14946,
React & БЭМ – официальная коллаборация. Часть историческая,https://habr.com/ru/companies/yandex/articles/438598/,2019,02,30280,"Перед вами история интегрирования БЭМ-методологии в React-вселенную. Материал, который вы прочитаете, построен на опыте разработчиков Яндекса, развивающих самый масштабный и нагруженный сервис в России — Яндекс.Поиск. Мы никогда раньше не рассказывали настолько подробно и глубоко о том, почему делали так, а не иначе, что нами двигало и чего мы действительно хотели. Внешнему человеку доставались сухие релизы и обзоры на конференциях. Лишь в кулуарах можно было услышать нечто подобное. Я как соавтор негодовал из-за скудности информации снаружи каждый раз, когда рассказывал о новых версиях библиотек. Но в этот раз мы поделимся всеми подробностями."
На парусах HTML5. Как новые технологии меняют современный веб,https://habr.com/ru/companies/microsoft/articles/130741/,2011,10,37163,Статья по следам моего доклада на концеренции User Experience`11 . Что такое HTML5?
Доклады с весенней конференции С++ Russia 2018,https://habr.com/ru/companies/pvs-studio/articles/418645/,2018,07,14442,"С 19 по 21 апреля в Санкт-Петербурге прошла конференция С++ Russia 2018. Из года в год организация и проведение становится на уровень выше, что не может не радовать. Спасибо бессменному организатору С++ Russia Сергею Платонову за его вклад в развитие этого направления."
Playwright и Puppeteer в 2023 году: что выбрать,https://habr.com/ru/companies/otus/articles/721740/,2023,03,10419,"Дебаты по поводу выбора между Playwright и Puppeteer — это большая дискуссия, поскольку они обе являются фантастическими библиотеками Node.js для автоматизации браузера. Хотя эти библиотеки делают практически одно и то же, между Puppeteer и Playwright есть несколько заметных различий."
Аутентификация на Asp.net сайтах с помощью Rutoken WEB,https://habr.com/ru/companies/aktiv-company/articles/140572/,2012,04,11651,
"Haxe и PHP: статическая типизация, стрелочные функции, метапрограммирование и многое другое",https://habr.com/ru/articles/458184/,2019,06,8396,"Привет, Хабр! Предлагаю вашему вниманию перевод доклада Александра Кузьменко с прошедшей недавно (14-15 июня) конференции Hong Kong Open Source Conference 2019. До того, как присоединиться к Haxe Foundation в качестве разработчика компилятора Haxe, Александр около 10 лет профессионально занимался программированием на PHP, так что он знает предмет доклада."
Движки браузеров и их влияние на проведение тестирования,https://habr.com/ru/articles/853680/,2024,10,10896,"Привет, Хабр! Меня зовут Харитон. Я специализируюсь на функциональном и нефункциональном мануальном тестировании. За время работы над проектами я заметил, что часто при локализации бага начинающие тестировщики игнорируют необходимость проверок на браузерах с разными движками. Хочу обратить внимание стажёров и джунов на эту ошибку и рассказать, почему знать про движки браузеров обязательно. Моя статья будет полезна и, надеюсь, интересна начинающим специалистам. Но, возможно, и более опытные коллеги что-то почерпнут для себя или дополнят в комментариях своими наблюдениями и примерами."
DevCon 2015: анонс докладчиков – представителей сообщества,https://habr.com/ru/companies/microsoft/articles/255027/,2015,04,4642,"Дорогие друзья! Мы рады представить вам результаты отбора докладчиков на основе заявок, которые принимались в течение нескольких месяцев от сообщества разработчиков для выступления на конференции DevCon 2015 . За несколько месяцев мы получили десятки заявок от разработчиков не только России. но и других стран, которые проявили большой интерес к участию в нашей конференции. Ниже вы найдете список докладчиков и предложенные ими доклады, которые были отобраны организационным комитетом конференции (конкретные темы докладов с докладчиками еще будут оговариваться). При отборе мы руководствовались не только предложенными темами, опытом и известностью докладчика, но и учитывали результаты голосования на сайте DevCon."
"Разработка 2D игр на Windows, Mac OS, Linux и Android без программирования. Часть 2",https://habr.com/ru/articles/270855/,2015,11,42553,
Крупнейшие мероприятия 2018 года: дизайн и фронтенд,https://habr.com/ru/companies/productivity_inside/articles/346484/,2018,01,18292,"В начале прошлого года мы составляли подборку занимательных событий , которые дизайнерам стоит пометить у себя на календаре, и сегодня пришло время продолжить это начинание. На этот раз мы решили сосредоточиться на самых значимых мероприятиях мира для специалистов разных профилей. Материал под катом охватывает направления дизайн и фронтенд; вторая часть статьи посвящена разработке и тестированию. В подборку вошли в основном крупные конференции, к которым имеет смысл подготовиться, настроиться и поднакопить заранее, а также некоторые интересные образовательные мероприятия. В конце статьи вы найдете ссылки на ресурсы, где удобно отслеживать полный спектр сходок, курсов и локальных инициатив. Дополнения и предложения, как всегда, приветствуются."
Flutter: слоёный пирог с интересной начинкой. Графика,https://habr.com/ru/companies/ligastavok/articles/548662/,2021,03,12547,"Write once, run anywhere Предлагаю заглянуть под капот, и погрузиться в детали реализации движка Flutter, чтобы понять, как он решает вопрос кроссплатформы с точки зрения отрисовки UI"
"Python для Веба: что нужно знать джуниору, чтобы работать и развиваться",https://habr.com/ru/articles/446668/,2019,04,157794,"Мы сделали сокращенную расшифровку с главными мыслями из Python Junior Podcast: в нем мы обсудили, с чего начинать и куда податься начинающему разработчику на Python. В последнее время у нас много контента для миддлов и сеньоров, но этот выпуск — точно для джунов."
"Особенности разработки автотестов различными инструментами, а также статистика по использованию",https://habr.com/ru/articles/749322/,2023,07,8234,"Попробуем разобраться в автоматизации тестирования ПО, сделаем обзор сервисов для автоматического тестирования, выясним, какой язык программирования лучше подходит для QA Automation. Вся информация основана в том числе на реальных событиях и моём реальном опыте."
О ненависти к С++,https://habr.com/ru/articles/111199/,2011,01,62915,"С++ or not C++ , C++ или Java/Python/Ruby? Как часто вы задаёте или слышите подобные вопросы? Не хотелось бы поднимать очередной холивар — по моему мнению, умные люди давно должны были бы прийти к выводу, что при выборе языка нет той серебряной пули, которая бы поставила окончательную точку, — у каждого языка есть свои плюсы и минусы и чаще всего проблемы в прокладке между клавиатурой и стулом."
Микротаски для программистов и альтернативный криптовалютный способ их оплаты,https://habr.com/ru/companies/oleg-bunin/articles/418371/,2018,07,12090,"Гость второго выпуска Run Loop — подкаста о тех, кто делает продукты своими собственными руками — Егор Бугаенко. Расспросим его о цели создания своей криптовалюты Zold. Узнаем, почему для ее написания используется Ruby. Поговорим сразу о многом, начиная от распорядка дня и книг, заканчивая провокационными вопросами о качестве работы программистов. И напоследок обсудим, что разработчики, не умеющие участвовать в Open Source проектах, скоро станут никому не нужны. Ведущие: Илья Царев, Алексей Милеев, Роман Бусыгин. Илья Царев занимается iOS разработкой в Альфа-банке, выступает на различных митапах и конференциях. Алексей Милеев разрабатывает Android версию App in the Air, ведет Telegram-канал по Android разработке, и курирует доклады на AppsConf. Роман Бусыгин — ведущий разработчик Яндекс.музыки для iOS, часто выступает на конференциях и участвует в подкастах. В гостях: Егор Бугаенко — основатель и CEO компании Zerocracy, разрабатывающей AI-роботов для управления программистами; ООП-фундаменталист; автор «Elegant Objects» — серии книг об объектно-ориентированном программировании; создатель Cactoos, Takes Framework, JCabi и Rultor, а еще блогер и филантроп."
"«Эволюция разработки» // Доклады с Форума технологий Mail.Ru 2011: текст доклада, видео, презентации",https://habr.com/ru/companies/vk/articles/133193/,2011,11,6349,"Докладом «Эволюция разработки» открываю серию расшифровок с Форума Технологий Mail.Ru 2011 . Данная расшифровка была получена в день мероприятия, 16 ноября 2011 года. Подробности о том, как работает система расшифровки докладов — см. в статье «Изнанка» Форума технологий Mail.Ru: Хай-тек в event-management http://video.mail.ru/corp/glavred/ftmailru/48.html ( Скачать видеоверсию для мобильных устройств – iOS/Android H.264 480x368, размер 204 Mb, видеобитрейт 500 кбит/с, аудио — 64 кбит/с ) ( Скачать видеоверсию большего разрешения H.264 624x480, размер 610 Mb, видеобитрейт 1500 кбит/с, аудио — 128 кбит) ( Скачать слайды презентации, 2Mb) Вступление вице-президента Mail.Ru Group, технического директора Габриеляна Владимира — Коллеги, я надеюсь, что вам понравился обед. Сытые, добрые, довольные. Напишите в «Твиттер». На самом деле я хочу представить нашего следующего докладчика. Знаете, в каждой компании есть человек, которого можно назвать «Мистер «Я знаю как», человек, который находится в курсе всех технологий, человек, который имеет очень правильное визионерское мышление, и он во многом определяет нашу технологическую политику в «Mail.ru Group». Это Игорь Ермаков , заместитель технического директора, то есть меня. Игорь сегодня расскажет нам о том, как мы эволюционировали в наших технологиях на протяжении 13 лет, и, если вы внимательно будете слушать этот доклад, он на самом деле поможет вам перескочить те этапы развития, которые мы уже прошли, и сразу перейти к тем технологиям, которые мы используем в Mail.Ru. Игорь!"
О новой угрозе для Python разработчиков в 2023 году или ещё один вирус в пакете PyPi,https://habr.com/ru/companies/first/articles/723946/,2023,03,8503,"Приветствую, читатели. Думаю, что для каждого, кто хоть раз в жизни интересовался темой программирования, знаком такой язык, как Python. Все-таки он самый популярный в мире на данный момент. И это неспроста, способствовали его популяризации универсальность и относительная простота в изучении. А изучить базовый курс и получить звание младшего разработчика так и вовсе можно за несколько месяцев. Также будет правильно подметить, что использование именно этого языка достаточно популярно в кругах злоумышленников и львиная доля вредоносных программ написаны именно на Python. Но на этот раз злодеи зашли куда дальше, нацелившись на самих Python разработчиков. Ещё в ноябре 2022 года многие исследователи обнаружили более 400 вредоносных пакетов, загруженных в официальный репозиторий Python Package Index (PyPI)..."
"Build 2015: Visual Studio для OS X и Linux, Windows 10, облачные сервисы и другие новинки от Microsoft",https://habr.com/ru/companies/microsoft/articles/257029/,2015,04,95136,
Как выбрать эмулятор терминала: обзор на Tabby,https://habr.com/ru/companies/custis/articles/817943/,2024,05,13687,"Прикладные задачи часто выпадают из фокуса внимания, но они тоже требуют вдумчивого подхода в решении. Например, нужен эмулятор терминала, какой выбрать? Недавно наш коллега, Андрей Кисин, руководитель команды DevOps, столкнулся с таким выбором. Попросили Андрея рассказать, почему не подходил прежний эмулятор, по каким критериями он выбирал новый и чем пользуется в итоге."
Программирование для детей онлайн: ТОП-7 направлений,https://habr.com/ru/companies/pixel_study/articles/844726/,2024,09,3422,"Программирование — это отличный инструмент для развития современных детей и подростков: он прокачивает логику и мышление, учит думать и решать сложные задачи. А еще написание кода — популярное и востребованное направление в целом: рынок IT‑специальностей будет стремительно расширяться, а программисты — становиться все более востребованными. Научиться писать код получится даже у новичка: сделать это можно на онлайн‑курсах программирования для детей. Преимущество формата — удобство: выходить из дома не нужно, носить с собой портфель и сменку — тоже. Достаточно включить ПК и подключиться к обучающей платформе для взаимодействия с преподавателем. Все просто, но для начала необходимо определить, какую программу обучения выбрать. Также учиться можно по бесплатным видеоурокам, приложениям и играм. Некоторые примеры мы приведем в статье."
"Haxe и PHP: статическая типизация, стрелочные функции, метапрограммирование и многое другое",https://habr.com/ru/articles/458184/,2019,06,8396,"Привет, Хабр! Предлагаю вашему вниманию перевод доклада Александра Кузьменко с прошедшей недавно (14-15 июня) конференции Hong Kong Open Source Conference 2019. До того, как присоединиться к Haxe Foundation в качестве разработчика компилятора Haxe, Александр около 10 лет профессионально занимался программированием на PHP, так что он знает предмет доклада."
"Динамическая инструментация — не просто, а тривиально*: пишем yet another инструментацию для American Fuzzy Lop",https://habr.com/ru/articles/332076/,2017,07,13718,"(*) На самом деле, не совсем. Наверное, многие слышали про Valgrind — отладчик, который может сказать, где в вашей нативной программе утечка памяти, где ветвление зависит от неинициализированной переменной и многое другое (а ведь кроме memcheck, у него есть и другие режимы работы). Внутри себя эта чудо-программа перемалывает нативный код в некий промежуточный байткод, инструментирует его и генерирует новый машинный код — уже с run-time проверками. Но есть проблема: Valgrind не умеет работать под Windows. Когда мне это понадобилось, поиски привели меня к аналогичной утилите под названием DrMemory , также с ней в комплекте был аналог strace . Но речь не столько о них, сколько о библиотеке динамической инструментации, на базе которой они построены, DynamoRIO . В какой-то момент я заинтересовался этой библиотекой с точки зрения написания собственной инструментации, начал искать документацию, набрёл на большое количество примеров и был поражён тем, что простенькую, но законченную инструментацию вроде подсчёта инструкций вызова можно написать буквально в 237 строк сишного кода, 32 из которых — лицензия, а 8 — описание. Нет, это, конечно не ""пишем убийцу Valgrind в 30 строк кода на JavaScript"", но сильно проще, чем то, что можно представить для подобной задачи. В качестве примера давайте напишем уже четвёртую реализацию инструментации для фаззера American Fuzzy Lop, о котором недавно уже писали на Хабре ."
Dagaz: эволюция вместо революции,https://habr.com/ru/articles/320474/,2017,02,5402,
Дайджест IT событий на октябрь,https://habr.com/ru/companies/productivity_inside/articles/338730/,2017,09,4497,"Снова приближается конец месяца и приходит пора заполнять ежедневник и договариваться о командировочных. Посмотрим же, какая образовательно-развлекательная программа ожидает программистов из столицы и регионов в ближайшие несколько недель. Повышенная активность в сферах IoT и блокчейна, постепенно возвращающиеся с каникул хакатоны и некоторый спад в курсах и тренингах после сентябрьской лихорадки — такой прогноз вырисовывается у нас на октябрь."
Как мы встроили 32-битный Internet Explorer в 64-битный Яндекс Браузер для организаций,https://habr.com/ru/companies/yandex/articles/911866/,2025,06,13242,"Многие организации с богатой историей всё ещё завязаны на устаревшие внутренние системы Internet Explorer, включая ActiveX‑модули, работающие только в его окружении. Такие решения сложно и дорого переписать, особенно в финансовом секторе, поэтому компании вынуждены поддерживать несколько браузеров одновременно — для новых сервисов и старых критически важных систем. В статье расскажем, как Яндекс Браузер для организаций позволяет запускать и современные веб‑приложения, и наследие эпохи IE в одном окне, помогает справляться с legacy‑наследием и облегчает переход к актуальным технологиям."
Flutter для автомобиля. А почему бы и нет?,https://habr.com/ru/companies/otus/articles/674622/,2022,07,7539,"Одной из проблем развития бортовых систем для автомобиля является создание качественного переносимого программного обеспечения, которое бы работало на бортовых системах разных автопроизводителей и могло быть скомпилировано под разные аппаратные и программные архитектуры. Несмотря на очевидную актуальность, задача осложнялась прежде всего тем, что большинство автопроизводителей предпочитало создавать собственные проприетарные операционные системы, что затрудняло создание переносимого программного обеспечения. Ситуация изменилась со стартом проекта Automotive Grade Linux (AGL), поддерживаемыми крупными компаниями такими как Toyota, Mazda, Suzuki, Ford и Mercedes Benz и производителями медиасистем (например, Panasonic). И в планах развития проекта Flutter на 2022 год обозначено развитие поддержки AGL как целевой платформы для приложений. В этой статье мы рассмотрим основные идеи создания переносимых приложений для AGL на Flutter."
Паттерны проектирования в Dart,https://habr.com/ru/companies/otus/articles/678714/,2022,07,24155,"В последние годы растет популярность фреймворка для кроссплатформенной разработки приложений Flutter, а вместе с ним вторую жизнь получил и язык программирования Dart. Dart создавался как потенциальная замена JavaScript и мог бы занять нишу, которая сейчас принадлежит TypeScript, но по ряду причин он так и оставался длительное время ""одним из проектов Google"", который не был оценен ни для использования в web (после транспиляции в JavaScript), ни для создания серверных или десктопных приложений. При этом компилятор Dart создает оптимизированный высокопроизводительный код для основных операционных систем и может также использоваться для компиляции в другие аппаратные архитектуры (например, для микроконтроллеров) и, в целом, Dart может использоваться как язык общего назначения для создания серверных приложений (Shelf, Aqueduct), устройств умного дома (с целевой платформой ARM и пакетом dart_periphery) и, конечно, десктопных, мобильных и веб-приложений (Flutter). И все же язык обладает определенным набором особенностей, которые надо учитывать при реализации кода и использованию типовых паттернов проектирования. В этой статье мы рассмотрим примеры реализации самых часто используемых основных и порождающих шаблонов на языке Dart (будем использовать возможности наиболее актуальной версии Dart 2.17), а во второй части статьи будут рассмотрены более сложные структурные и поведенческие паттерны."
"Сам написал, сам поиграл: как работали трёхмерные игры на кнопочных телефонах нулевых? Пишем 3D-шутер с нуля",https://habr.com/ru/companies/timeweb/articles/787548/,2024,01,15568,"Думаю, большинство моих читателей успела застать эру кнопочных телефонов с поддержкой Java-приложений. Помните ли вы, как мониторили разделы с загрузками на WAP-сайтах и ждали выхода новых игр, которые подойдут под ваш телефон и разрешение экрана? А какой восторг вызывали свежие 3D-игры, где графика с каждым релизом становилась всё лучше и была вполне на уровне PlayStation 1? V-Rally, Galaxy On Fire, Asphalt Urban GT, Deep3D, Sony Ericsson Tennis, Left 2 Die, Counter Terrorism 3D — думаю, хотя бы один из этих тайтлов вам знаком. Но задумывались ли вы, как работали эти игры «под капотом»? Каким образом разработчикам удавалось адаптировать полноценные 3D-шутеры и гонки под железо, где не было 3D-ускорителей (видеокарт), сопроцессора для чисел с плавающей точкой (FPU), а одноядерный процессор, работающий на частоте 100-200МГц, помимо игры обрабатывал ещё и звук, ввод, а также радиомодуль? Сегодня мы узнаем: как разрабатывали игры под J2ME, какие графические API существовали и на каких телефонах поддерживались, почему игры на Sony Ericsson шли лучше, чем на Nokia, а на «закуску» сами с нуля напишем 3D-бродилку в практической части! Интересно? Тогда добро пожаловать под кат!"
Серьезный разговор о VLC,https://habr.com/ru/articles/73944/,2009,10,129244,Под катом: 1 . Небольшое введение в медиаплеер/сервер VLC. 2 . Удаленное управление VLC. 2.1 . VLC в качестве Пульта ДУ (iPhone/iPod Touch\КПК) 3 . Одиночное/пакетное конвертирование/кодирование видео в VLC (на примере кодирования видео для iPod/iPhone)
Как мы потратили 1 год и 3 месяца на разработку браузерной игры,https://habr.com/ru/articles/253268/,2015,03,50119,"В этой статье расскажу о том, как начинал разработку собственной игры. Вы узнаете, сколько ушло на это времени и стоило ли вообще за это браться. На игру мы потратили 1 год и 3 месяца, ниже я подробно распишу, куда ушло это время. Предыстория Все началось с того, что мы с друзьями решили сделать совместный проект (конечно, с друзьями, типичная ситуация). Нас было 4 человека, все «айтишники», ни один из нас никогда не имел дело с разработкой игр, это был для нас темный лес, очень темный. Диалог был примерно такой: — Может, игру начнем делать? — Давайте, почему бы не попробовать? — А о чем игра то будет? Дальше пошли рассуждения о том, какой жанр игры выбрать. Начали думать, каких игр нет в индустрии: — Шутеров — куча, танки — есть, самолеты — есть, гонки — есть, что же тогда делать? — Лодок нет. А ведь и правда, никто на тот момент не мог назвать ни одной игры с использованием водного вида транспорта. «Окей, сделаем простенькую игру, чтобы научиться. Вода и лодочки, что может быть проще?» — подумали мы, и собрались искать движок, на основе которого могли бы сделать игру. Никто из нас даже не думал о 2D игре, сразу все представляли 3D — «инновации» ведь."
2GIS for %browser% или как мы делали расширение,https://habr.com/ru/companies/2gis/articles/225807/,2014,06,12612,"Однажды мы задали себе вопрос: как мы можем помочь пользователю выбрать компанию за пределами 2gis.ru ? Вариант реализации идеи в виде браузерного расширения был предложен практически сразу, и после этапов исследования и планирования мы приступили к разработке 2GIS for browsers . В качестве основного варианта реализации мы остановились на кнопке сбоку адресной строки, при нажатии на которую открывается информационное окно. Дополнительно — подсвечивать номера телефонов внутри содержимого сайтов."
Доклады с весенней конференции С++ Russia 2018,https://habr.com/ru/companies/pvs-studio/articles/418645/,2018,07,14442,"С 19 по 21 апреля в Санкт-Петербурге прошла конференция С++ Russia 2018. Из года в год организация и проведение становится на уровень выше, что не может не радовать. Спасибо бессменному организатору С++ Russia Сергею Платонову за его вклад в развитие этого направления."
Обзор лучших постов по итогам года,https://habr.com/ru/companies/vk/articles/247159/,2014,12,23127,"Новый год всё ближе. Многие уже подвели итоги, наметили новые цели, сделали далеко идущие выводы и построили планы. Под конец декабря также принято вспоминать всё самое лучшее, что случилось за прошедший год. В нашем блоге было опубликовано много интересных материалов; сегодня мы вспоминаем наши самые лучшие посты 2014 года, набравшие 50 плюсов и более."
Как войны браузеров изменили ландшафт Интернета,https://habr.com/ru/companies/ispsystem/articles/712370/,2023,01,10283,"Google Chrome уверенно доминирует над остальными браузерами, занимая более 60% мирового рынка. Но так было далеко не всегда. Более 10 лет Internet Explorer, установленный почти на каждом компьютере, сохранял статус самого главного браузера. А потом наступила жесткая конкурентная борьба, которую иногда называют «браузерными войнами». В наши дни Internet Explorer живет в нашей памяти преимущественно благодаря мемам — он проиграл в борьбе с младшими соперниками. В начале марта 2021 года Microsoft прекратила поддержку классической версии браузера Edge, преемника Internet Explorer. Компания сосредоточилась на разработке обновленного Edge на основе движка Chromium, что еще раз подтверждает тотальное господство Google."
Образовательные стриминговые каналы программистов,https://habr.com/ru/companies/vk/articles/409379/,2018,01,51140,"Удивительно, но люди действительно хотят смотреть на то, как вы пишите код. В 2014 году появился даже специальный сайт Livecoding.tv (сейчас он называется LiveEdu), на котором каждый желающий разработчик может всему миру показать процесс работы в режиме реального времени. Идея устраивать трансляции с новорожденным кодом появилась гораздо раньше – стримеры занимались этим на Twitch, YouTube и standalone-площадках. В подборке представлены активные (за редким исключением) стримеры-кодеры, а также методы поиска интересных лично для вас трансляций."
Пишем простой калькулятор используя фреймворк eframe (egui),https://habr.com/ru/articles/722438/,2023,03,15066,"Всем здравствуйте. Ниже будет приведен пример написания PWA приложения готового для использования как в браузере, так и на компьютере с ОС Windows. Используется язык программирования Rust и фреймворк eframe ( egui ). В результате получим исполняемый файл для ОС Windows, и файл Webassembly. В процессе работы будет использоваться GitHub Action для отслеживания корректности написания нашего кода и сборки исполняемых файлов программы, а также для развертывания (версию программы с использованием Webassembly) как страницы в интернете (GitHub Pages)."
Автоматизируй это немедленно или как бизнесу сегодня работать в интернете,https://habr.com/ru/companies/lodoss/articles/414087/,2018,06,6410,"Владельцам бизнеса стратегически важно использовать интернет-технологии с максимальной выгодой. Если вы сделали сайт или приложение, то сегодня сами по себе они уже не будут конкурентным преимуществом. Бизнес должен быть знаком с последними технологическими трендами и уметь использовать их для своего развития, только тогда можно быть на шаг впереди конкурентов. Одним из таких трендов является автоматизация бизнес-процессов с помощью облачных веб- и мобильных приложений."
Вышел новый отчет Developer Economics,https://habr.com/ru/companies/apps4all/articles/187020/,2013,07,8848,"Вчера вышел очередной отчет Developer Economics — за третий квартал 2013 года. Исследование основано на опросе более чем 6000 разработчиков. Это самое масштабное исследование рынка и экономики мобильной разработки в мире и мы еще раз хотим поблагодарить всех, кто принял в нем участие."
Не одними Unity и Unreal Engine. Альтернативные игровые движки,https://habr.com/ru/companies/timeweb/articles/876900/,2025,03,12978,"Одним из основных инструментов, необходимых разработчикам игр, являются игровые движки. Каждая видеоигра, так или иначе, работает на каком-то движке, который помогает создавать персонажей, устанавливать игровую атмосферу и развёртывать различные задачи для поддержания постоянного взаимодействия между игроками. Благодаря своей способности управлять всем, от физики до графики, игровые движки определили и трансформировали эволюцию игр, от первых дней пиксельных аркад до умопомрачительного реализма современных AAA-игр. Если вы увлекаетесь видеоиграми, вы, вероятно, часто слышали о Unity и Unreal Engine . А если также интересуетесь разработкой игр, то, скорее всего, слышали ещё и Godot , как об альтернативе этим двоим. В любом случае, приняв решение податься в гейм девелоперы, изучение одного из этих трёх движков даст вам наибольшую отдачу за ваше время и усилия с точки зрения трудоустройства в игровой индустрии. Но одной из проблем, возникших из-за того, что почти каждая игра использует один из этих популярных движков, стало то, что все игры теперь выглядят и ощущаются одинаково. Однако этот факт ни в коем случае не означает, что это — единственные движки, которые вы можете изучить. Возможно, вам нужно что-то более простое или, наоборот, более узкоспециализированное. Есть много инди-игр с очень оригинальной эстетикой и механикой, которых недостаёт мейнстримным проектам, работающие на необычных и заслуживающих внимания движках. Каждый из них предлагает свои собственные инструменты, сообщества, поддержку, философию и менталитет, окружающие создание игры. Разнообразие возможностей, которые они могут дать для создания вашей игры не может не воодушевлять."
STM32F4 USB RNDIS драйвер (управление устройством через Web-интерфейс),https://habr.com/ru/articles/274663/,2016,01,54007,"Доброе время суток, дорогие друзья! Первым делом хотелось бы с лучшими пожеланиями поздравить всех с минувшими новогодними праздниками. Ранее в статье была анонсирована разработка RNDIS USB драйвера для контроллеров серии STM32F4. С тех пор библиотека постепенно развивалась и нынче доросла до первой release-версии. Библиотека под названием LRNDIS (LWIP + RNDIS) позволяет нам создавать на базе контроллера STM32F4 как устройства класса USB «модем», так и любые другие устройства с управлением через web-интерфейс. Пример управления платой stm32f4-discovery из web-браузера на Android-планшете представлен на видео: На странице видеоролика представлена ссылка на исходные коды и HEX-файл прошивки для платы discovery, с которым вы сможете повторить данный эксперимент. В статье рассказано о том, как и когда технология доступа через WEB-интерфейс полезна, а также — как работает библиотека LRNDIS для контроллеров STM32F4. Также присутствует обучающий материал о работе USB и устройстве Ethernet-сетей."
Запуск продукта в мессенджере: возможности Telegram Web App для бизнеса,https://habr.com/ru/articles/863406/,2024,12,2692,"Как веб-приложения в мессенджерах помогают бизнесу собирать контакты лидов, продвигать продукты и услуги, тестировать новые функции и сервисы. Рассказываем про преимущества технологии на примере Telegram Web App."
Использование TeamCity внутри компании JetBrains. Евгений Кошкин (2016г),https://habr.com/ru/articles/510838/,2020,07,11568,"Этот доклад 2016 года, но он все равно полезен для тех кто хочет разобраться как работает TeamCity."
Как внедрить безопасность в процесс разработки. Опыт нашей команды,https://habr.com/ru/companies/nix/articles/575774/,2021,09,3906,"Привет! Я — Виктория Граненко, Security Automation Engineer в NIX. Свой путь в мир IT я начинала, как General QA, распараллеливая мануальные и автоматизированные задачи тестирования. Мне всегда нравилась автоматизация процессов. В мои обязанности не входили задачи по безопасности. Во время тестирования приложения на прошлом проекте я обратила внимание на некоторые случаи, которые мы никогда не фиксили. Это была не наша зона ответственности. Да и специалистов, которые смогли бы оценить критичность этих находок, среди нас тоже не было. Часть не найденных уязвимостей дожидалась прихода пентестера."
Генератор конфигураций для сетевого оборудования и не только,https://habr.com/ru/articles/307054/,2016,08,14946,
Десктопизация по-питоновски. Инструменты для создания автотестов,https://habr.com/ru/companies/simbirsoft/articles/566862/,2021,07,18914,"Автоматизация тестирования – неотъемлемая часть процесса обеспечения качества. Мы в нашей практике чаще всего разрабатываем тесты для веб-, мобильных приложений и API, но сегодня хотим рассказать о более редком направлении – тестировании десктоп-приложений. Кратко рассмотрим подходы, инструменты, технологии и «грабли», на которые можно наступить при выполнении этой задачи. Статья будет полезна специалистам, которые хотят попробовать автоматизировать ежедневную монотонную работу, а также коллегам по цеху в сфере автоматизации gui-тестирования – как начинающим, так и разработчикам с опытом."
Отделяем мух от Kotlett. Динамические обновления без релизов и BDUI,https://habr.com/ru/companies/vktech/articles/950588/,2025,10,3463,"Привет, Хабр! Меня зовут Александр Наумов, я руковожу разработкой мобильной платформы в VK Tech и Mail. В VK занимаюсь мобилками уже более десяти лет, и в этой статье я поделюсь с вами нашей внутренней кухней: как мы ищем инженерные решения, какого класса задачи мы решаем. Хочу поделиться нашей новой разработкой, которая, как мне кажется, может быть полезна сообществу."
Дайджест интересных материалов для мобильного разработчика #416 (18 — 24 октября),https://habr.com/ru/companies/productivity_inside/articles/585208/,2021,10,2510,"В нашем новом дайджесте последствия App Tracking Transparency и борьба с зависимостями, новые MacBook Pro и летающая пицца, идеальный код, оффбординг, траты жителей разных стран на приложения и многое другое!"
Dive into Ethereum,https://habr.com/ru/articles/327236/,2017,04,117029,"Сегодня платформа Ethereum стала одним из самых узнаваемых брендов блокчейн сферы, вплотную приблизившись по популярности (и капитализации) к Bitcoin. Но из-за отсутствия ""полноценного"" рускоязычного гайда, отечественные разработчики все еще не очень понимают, что это за зверь и как с ним работать. Поэтому в данной статье я попытался максимально подробно охватить все аспекты разработки умных контрактов под Ethereum. Я расскажу про инструменты разработки, сам ЯП, процесс добавления UI и еще много интересного. В конечном итоге мы получим обычный сайт-визитку, но ""под капотом"" он будет работать на умных контрактах Ethereum. Кого заинтересовало — прошу под кат."
Пишем чат на Rust,https://habr.com/ru/articles/945042/,2025,10,4699,"Очередной чат, и к тому же на rust?! Да, yet another. И да, в этой статье не будет каких-то новых откровений системного программирования с написанием своего фреймворка для работы со сетью на уровне драйверов или других испытаний. Этот альманах про мой первый опыт в веб-разработке, который может быть полезен для других новичков, ведь тут мы затронем помимо злосчастного rust такие вещи, как devcontainer, REST API, идентификацию-аутентификацию-авторизацию, WebSockets, SSE, юнит и интеграционные тесты, некоторые паттерны, логирование и прочее."
Решаем головоломки и настраиваем среды Kubernetes: подборка новых языков программирования,https://habr.com/ru/companies/beeline_cloud/articles/785686/,2024,01,3092,"В блоге beeline cloud мы уже делились дайджестом свежих DIY-материалов о контейнерах, DevOps и архитектуре. Сегодня расскажем, кто и зачем разрабатывает новые языки программирования — выбрали те, что появились на свет за последние три года. Некоторые из них написаны энтузиастами для решения головоломок на конкурсах, а другие — разработчиками крупных организаций для боевых задач."
Переводчик текста для терминала,https://habr.com/ru/articles/842288/,2024,11,3150,"Большое количество специалистов в области IT используют переводчики текста в своей работе, и я тому не исключение. Достаточно часто в вакансиях Системного администратора можно встретить требуемый навык - ""чтение технической документации на английском языке"" , но, не всегда такая документация может быть очевидной в полной мере, даже имея базовый уровень английского языка, и как мне кажется, тут нечему стесняется. Для перевода текста чаще всего используется браузер, а также десктопные приложения, я же расскажу про альтернативу таким решениям, для перевода текста прямо в консоли Linux или Windows."
Не одними Unity и Unreal Engine. Альтернативные игровые движки,https://habr.com/ru/companies/timeweb/articles/876900/,2025,03,12978,"Одним из основных инструментов, необходимых разработчикам игр, являются игровые движки. Каждая видеоигра, так или иначе, работает на каком-то движке, который помогает создавать персонажей, устанавливать игровую атмосферу и развёртывать различные задачи для поддержания постоянного взаимодействия между игроками. Благодаря своей способности управлять всем, от физики до графики, игровые движки определили и трансформировали эволюцию игр, от первых дней пиксельных аркад до умопомрачительного реализма современных AAA-игр. Если вы увлекаетесь видеоиграми, вы, вероятно, часто слышали о Unity и Unreal Engine . А если также интересуетесь разработкой игр, то, скорее всего, слышали ещё и Godot , как об альтернативе этим двоим. В любом случае, приняв решение податься в гейм девелоперы, изучение одного из этих трёх движков даст вам наибольшую отдачу за ваше время и усилия с точки зрения трудоустройства в игровой индустрии. Но одной из проблем, возникших из-за того, что почти каждая игра использует один из этих популярных движков, стало то, что все игры теперь выглядят и ощущаются одинаково. Однако этот факт ни в коем случае не означает, что это — единственные движки, которые вы можете изучить. Возможно, вам нужно что-то более простое или, наоборот, более узкоспециализированное. Есть много инди-игр с очень оригинальной эстетикой и механикой, которых недостаёт мейнстримным проектам, работающие на необычных и заслуживающих внимания движках. Каждый из них предлагает свои собственные инструменты, сообщества, поддержку, философию и менталитет, окружающие создание игры. Разнообразие возможностей, которые они могут дать для создания вашей игры не может не воодушевлять."
Распределенная трассировка запросов в .NET,https://habr.com/ru/companies/jugru/articles/505890/,2020,06,20198,
Запуск продукта в мессенджере: возможности Telegram Web App для бизнеса,https://habr.com/ru/articles/863406/,2024,12,2692,"Как веб-приложения в мессенджерах помогают бизнесу собирать контакты лидов, продвигать продукты и услуги, тестировать новые функции и сервисы. Рассказываем про преимущества технологии на примере Telegram Web App."
"Build 2015: Visual Studio для OS X и Linux, Windows 10, облачные сервисы и другие новинки от Microsoft",https://habr.com/ru/companies/microsoft/articles/257029/,2015,04,95136,
Умные кассы для «ВкусВилла»,https://habr.com/ru/companies/automacon/articles/526634/,2020,11,12229,"С точки зрения пользователя процесс онлайн-покупки продуктов у «ВкусВилла» выглядит просто — открыл приложение (самого «ВкусВилла» или партнеров доставки и агрегаторов), выбрал нужные товары, оплатил, дождался, получил. В этом посте мы немного расскажем о том, как работают кассы «ВкусВилла» изнутри, как они участвуют в процессе онлайн-заказа и как они связаны со всей остальной экосистемой магазина. Изначально у нас было довольно классическое софтовое решение для продаж в магазине с помощью различных кассовых устройств, которые есть у «ВкусВилла», включая особенности продуктовой сети, в частности, системы лояльности. Но из-за пандемии коронавируса магазинам пришлось довольно оперативно добавить в работу онлайн-заказы и доставку товаров. Соответственно, обработку и оформление этих заказов нужно было как-то интегрировать в существующую экосистему. Мы доработали кассу таким образом, что помимо выполнения своих основных функций, она стала еще и самостоятельным терминалом по сборке (ну, разве что сама пока не собирает товары в пакет) и смогла получать заказы, регистрировать товары для сборки, подтверждать завершение заказа и выдавать все нужные чеки."
"Markdown презентации по-новому: контроллер Nintendo, интерактивный блокнот и немного магии",https://habr.com/ru/articles/904196/,2025,04,3011,"Как превратить скучные слайды в интерактивную демонстрацию, где код можно запускать прямо на месте? В этой статье попробуем перенести презентацию в браузер, а затем — в «блокнот». Интерактивные среды, такие как Jupyter Notebook, Observable, Mathematica, WLJS Notebook, позволяют создавать живые презентации, лекции и наглядные материалы для коллег или студентов. Они незаменимы и для визуализации моделей, симуляций и любых данных. Под катом — примеры, пошаговый разбор и демо вживую."
Что интересного было на стендах WBCE 2025: решения от партнеров,https://habr.com/ru/companies/wirenboard/articles/903208/,2025,04,4447,"17–18 апреля в Москве прошла выставка и конференция WBCE 2025 , ставшая крупнейшей за все время проведения. За два дня мероприятие посетили более 1200 человек — интеграторы, разработчики, производители оборудования и энтузиасты автоматизации. В этом году участие приняли 42 компании, представившие на стендах свои разработки в области умного дома, диспетчеризации, микроклимата, SCADA, IoT и цифровизации жилых и коммерческих объектов. В репортаже мы собрали обзор всех стендов WBCE 2025: рассказываем о компаниях, их решениях, новых продуктах и ключевых анонсах. Вы увидите, как меняется ландшафт автоматизации в России — от модульных контроллеров и BLE-сенсоров до платформ для управления целыми жилыми кварталами."
История Nokia MeeGo,https://habr.com/ru/articles/536292/,2021,01,22580,"11 февраля 2011 года Nokia опубликовала новую стратегию и заключила  соглашение о сотрудничестве с Microsoft. Операционная система Windows  Phone была выбрана в качестве новой платформы для смартфонов Nokia.  MeeGo стал проектом мобильной операционной системы с открытым исходным  кодом, который в долгосрочной перспективе будет использоваться для  исследования рынка устройств, платформ следующего поколения и  взаимодействия с пользователем."
Лучшие open source альтернативы MS Project с диаграммами Ганта,https://habr.com/ru/companies/macloud/articles/548940/,2021,03,93064,"Если вы управляете большими и сложными проектами, попробуйте сначала решения на базе open source. Если не понравится — вернётесь к Microsoft Project. Проектирование и конструирование спутников, создание роботов, запуск любого серьёзного продукта — всё это сложные большие проекты. Разработка ИТ-продуктов во многом относится к той же категории. Нам приходится привлекать, распределять и вкладывать большие суммы, взаимодействовать с поставщиками и подрядчиками (нередко это команды на аутсорсе). В результате формируются сложные зависимости, которые нужно отслеживать и корректировать."
Как внедрить безопасность в процесс разработки. Опыт нашей команды,https://habr.com/ru/companies/nix/articles/575774/,2021,09,3906,"Привет! Я — Виктория Граненко, Security Automation Engineer в NIX. Свой путь в мир IT я начинала, как General QA, распараллеливая мануальные и автоматизированные задачи тестирования. Мне всегда нравилась автоматизация процессов. В мои обязанности не входили задачи по безопасности. Во время тестирования приложения на прошлом проекте я обратила внимание на некоторые случаи, которые мы никогда не фиксили. Это была не наша зона ответственности. Да и специалистов, которые смогли бы оценить критичность этих находок, среди нас тоже не было. Часть не найденных уязвимостей дожидалась прихода пентестера."
Дайджест интересных материалов для мобильного разработчика #416 (18 — 24 октября),https://habr.com/ru/companies/productivity_inside/articles/585208/,2021,10,2510,"В нашем новом дайджесте последствия App Tracking Transparency и борьба с зависимостями, новые MacBook Pro и летающая пицца, идеальный код, оффбординг, траты жителей разных стран на приложения и многое другое!"
"Динамическая инструментация — не просто, а тривиально*: пишем yet another инструментацию для American Fuzzy Lop",https://habr.com/ru/articles/332076/,2017,07,13718,"(*) На самом деле, не совсем. Наверное, многие слышали про Valgrind — отладчик, который может сказать, где в вашей нативной программе утечка памяти, где ветвление зависит от неинициализированной переменной и многое другое (а ведь кроме memcheck, у него есть и другие режимы работы). Внутри себя эта чудо-программа перемалывает нативный код в некий промежуточный байткод, инструментирует его и генерирует новый машинный код — уже с run-time проверками. Но есть проблема: Valgrind не умеет работать под Windows. Когда мне это понадобилось, поиски привели меня к аналогичной утилите под названием DrMemory , также с ней в комплекте был аналог strace . Но речь не столько о них, сколько о библиотеке динамической инструментации, на базе которой они построены, DynamoRIO . В какой-то момент я заинтересовался этой библиотекой с точки зрения написания собственной инструментации, начал искать документацию, набрёл на большое количество примеров и был поражён тем, что простенькую, но законченную инструментацию вроде подсчёта инструкций вызова можно написать буквально в 237 строк сишного кода, 32 из которых — лицензия, а 8 — описание. Нет, это, конечно не ""пишем убийцу Valgrind в 30 строк кода на JavaScript"", но сильно проще, чем то, что можно представить для подобной задачи. В качестве примера давайте напишем уже четвёртую реализацию инструментации для фаззера American Fuzzy Lop, о котором недавно уже писали на Хабре ."
Дайджест IT событий на октябрь,https://habr.com/ru/companies/productivity_inside/articles/338730/,2017,09,4497,"Снова приближается конец месяца и приходит пора заполнять ежедневник и договариваться о командировочных. Посмотрим же, какая образовательно-развлекательная программа ожидает программистов из столицы и регионов в ближайшие несколько недель. Повышенная активность в сферах IoT и блокчейна, постепенно возвращающиеся с каникул хакатоны и некоторый спад в курсах и тренингах после сентябрьской лихорадки — такой прогноз вырисовывается у нас на октябрь."
"Чат-боты — это больше, чем вы думали, и вот почему",https://habr.com/ru/articles/649361/,2022,02,17766,"В этой статье хочу поделиться некоторыми тезисами на тему создания чат-ботов и разработки подобных решений. Я работаю Python Software Engineer в Grid Dynamics. На статью меня, в том числе, натолкнуло участие во внутреннем проекте, который за полгода вырос, по сути, до мини-отдела по разработке ботов. Цель данного материала — посмотреть на чат-боты под другим углом: не как на разработку, которую может реализовать даже новичок в программировании, а как на функциональное и коммерчески выгодное решение."
Лучшие практики для оптимизации тестов в Appium,https://habr.com/ru/companies/otus/articles/751116/,2023,07,2757,"Appium — это инструмент с открытым исходным кодом для автоматизации, способный взаимодействовать с тестовым скриптом, сервером Appium и эмулятором или реальным устройством, на котором выполняется скрипт. Чтобы использовать весь потенциал Appium, важно знать об основных «подводных камнях», с которыми придется столкнуться в начале работы с фреймворком, а также внутренние возможности Appium. В данном руководстве мы рассмотрим несколько лучших практик, которые помогут QA-специалистам оптимизировать тесты в Appium."
Отделяем мух от Kotlett. Динамические обновления без релизов и BDUI,https://habr.com/ru/companies/vktech/articles/950588/,2025,10,3463,"Привет, Хабр! Меня зовут Александр Наумов, я руковожу разработкой мобильной платформы в VK Tech и Mail. В VK занимаюсь мобилками уже более десяти лет, и в этой статье я поделюсь с вами нашей внутренней кухней: как мы ищем инженерные решения, какого класса задачи мы решаем. Хочу поделиться нашей новой разработкой, которая, как мне кажется, может быть полезна сообществу."
".NET, что с тобой происходило в 2021?",https://habr.com/ru/companies/dododev/articles/598465/,2021,12,17312,"Конец декабря, многие подводят свои итоги, а мы решили оглянуться и посмотреть, что хорошего (и не очень) случилось в мире .NET-разработки за этот год, и спросили об этом наших разработчиков. Из хорошего называли появление рекордов в С# 9 , и выход С# 10, а в топе, конечно же, релиз .NET 6 с долгосрочной поддержкой. До выхода шестой версии у нас уже много веб-сервисов работало на .NET 5, в том числе и в монолите. Теперь ко всем «фишкам» пятой версии добавляются преимущества новой. Платформа становится всё кросплатформеннее и кросплатформеннее (возможно, благодаря этому в последнее время наблюдается рост интереса к C# ). В .NET 6 сильно улучшилась производительность , появилась поддержка Apple Silicon (мы недавно писали, почему так рады этому ), новые API и много других полезностей."
Серьезный разговор о VLC,https://habr.com/ru/articles/73944/,2009,10,129244,Под катом: 1 . Небольшое введение в медиаплеер/сервер VLC. 2 . Удаленное управление VLC. 2.1 . VLC в качестве Пульта ДУ (iPhone/iPod Touch\КПК) 3 . Одиночное/пакетное конвертирование/кодирование видео в VLC (на примере кодирования видео для iPod/iPhone)
"Чат-боты — это больше, чем вы думали, и вот почему",https://habr.com/ru/articles/649361/,2022,02,17766,"В этой статье хочу поделиться некоторыми тезисами на тему создания чат-ботов и разработки подобных решений. Я работаю Python Software Engineer в Grid Dynamics. На статью меня, в том числе, натолкнуло участие во внутреннем проекте, который за полгода вырос, по сути, до мини-отдела по разработке ботов. Цель данного материала — посмотреть на чат-боты под другим углом: не как на разработку, которую может реализовать даже новичок в программировании, а как на функциональное и коммерчески выгодное решение."
Дайджест IT событий ноября (часть вторая),https://habr.com/ru/companies/productivity_inside/articles/428588/,2018,11,2018,"Прогноз на конец ноября в IT сообществе мало отличается от прогноза на его начало: устойчивый блокчейн, локальные хакатоны и приятное изобилие камерных и масштабных инициатив в регионах. Однако наблюдается чуть повышенная концентрация распределенных систем и веб-разработки."
Cerebro – бесплатная альтернатива Alfred и Spotlight,https://habr.com/ru/articles/320434/,2017,01,16711,
Как выбрать инструмент для тестирования API,https://habr.com/ru/companies/simbirsoft/articles/675878/,2022,07,30351,"В список требований, предъявляемых к QA-специалистам, включают умение тестировать API приложений. Обращения к API помогают оптимизировать процесс тестирования: сократить время на проведение, расширить покрытие кейсами, минимизировать зависимость от внешних систем, например, клиентской части приложения. Кроме того, обращения к эндпойнтам позволяют проверить тестовые случаи, которые невозможно воспроизвести,  используя только графический интерфейс. Чтобы выбрать инструмент для тестирования API на своем проекте, вам нужно четко представлять свои цели, объект и результат, который хотите получить. Неправильно выбранный инструмент может привести к увеличению трудоемкости и затягиванию процесса тестирования, а также к пропуску багов. В этом материале мы рассмотрим наиболее распространенные виды API, выделим их характерные особенности, а также разберем популярные инструменты для тестирования API и опишем применение на практике. Изучив этот материал, вы сможете выбрать наиболее подходящий инструмент и использовать его на своем проекте."
WebGL: перевод игры с мобильной платформы на десктопную,https://habr.com/ru/companies/plarium/articles/343084/,2017,11,8208,"Создание десктопной версии мобильной игры стало настоящей исследовательской миссией для краснодарской студии Plarium. В этой статье мы расскажем, как перешли на технологию WebGL при переносе проекта Vikings: War of Clans на новую платформу."
Flutter для автомобиля. А почему бы и нет?,https://habr.com/ru/companies/otus/articles/674622/,2022,07,7539,"Одной из проблем развития бортовых систем для автомобиля является создание качественного переносимого программного обеспечения, которое бы работало на бортовых системах разных автопроизводителей и могло быть скомпилировано под разные аппаратные и программные архитектуры. Несмотря на очевидную актуальность, задача осложнялась прежде всего тем, что большинство автопроизводителей предпочитало создавать собственные проприетарные операционные системы, что затрудняло создание переносимого программного обеспечения. Ситуация изменилась со стартом проекта Automotive Grade Linux (AGL), поддерживаемыми крупными компаниями такими как Toyota, Mazda, Suzuki, Ford и Mercedes Benz и производителями медиасистем (например, Panasonic). И в планах развития проекта Flutter на 2022 год обозначено развитие поддержки AGL как целевой платформы для приложений. В этой статье мы рассмотрим основные идеи создания переносимых приложений для AGL на Flutter."
Начало работы с бесcерверными функциями Azure. Часть 1,https://habr.com/ru/companies/otus/articles/692622/,2022,10,4041,"“Serverless” — это популярный в наши дни технический термин, который означает не совсем то, что мы думаем, когда его слышим. Это потому, что сервер все таки есть — на нем размещены эти самые бессерверные приложения и функции. Но дело в том, что у нас действительно создается впечатление, что никакого сервера нет, потому что нам не нужно работать с ним, заниматься его управлением или беспокоиться о таких вещах, как масштабирование, потому что все это делается за нас. Serverless functions — это не просто веб-сервисы, которые размещаются в облаке. Эти функции имеют событийно-ориентированную архитектуру и предоставляют прекрасный способ оркестровки различных служб с помощью настраиваемых триггеров и привязок, что сокращает объем кода, который нам нужно писать самим. Мы можем просто сосредоточиться на логике, которую мы хотим реализовать, не растрачивая усилия на возню с оркестровками."
Особенности разработки TWA в 2022 году,https://habr.com/ru/articles/693090/,2022,10,8587,Настоящая статья поможет сэкономить время разработчиков и выбрать правильные инструменты для разработки TWA в 2022 году.
Как внедрить безопасность в процесс разработки. Опыт нашей команды,https://habr.com/ru/companies/nix/articles/575774/,2021,09,3906,"Привет! Я — Виктория Граненко, Security Automation Engineer в NIX. Свой путь в мир IT я начинала, как General QA, распараллеливая мануальные и автоматизированные задачи тестирования. Мне всегда нравилась автоматизация процессов. В мои обязанности не входили задачи по безопасности. Во время тестирования приложения на прошлом проекте я обратила внимание на некоторые случаи, которые мы никогда не фиксили. Это была не наша зона ответственности. Да и специалистов, которые смогли бы оценить критичность этих находок, среди нас тоже не было. Часть не найденных уязвимостей дожидалась прихода пентестера."
MMORPG для Telegram — Первый большой проект — Часть 0,https://habr.com/ru/articles/501360/,2020,05,50881,"Рождение идеи Все мы помним такие легендарные MMORPG нулевых, как Lineage 2, World of Warcraft, Aion, Perfect World. Мы растем, жизненные приоритеты меняются — работа, семья, друзья. И уже не можем уделять столько времени играм. Но желание играть никуда не пропадает! Хочется вечером зайти на своего персонажа, собрать лут, сходить на осаду, почеленджить корейский рандом своим везением и заточить оружие еще на один уровень. Однако, ради этого загружать компьютер, выбирать игру и изучать ее заново совершенно не хочется."
Как мне захотелось систематизировать виды тестирования,https://habr.com/ru/articles/770600/,2023,10,43886,"В этой статье я попытался придать систематический вид основным видам тестирования, которые я нашел в различных источниках. Идея для этой статьи зародилась у меня, когда я обнаружил, что в интернете существует множество разнообразных классификаций, и многие отличаются друг от друга. Вначале я начал это исследование для себя, но затем решил поделиться результатами со всеми, надеясь, что оно пригодится другим, как и мне."
Wrike уходит от использования языка Dart. Часть 1,https://habr.com/ru/companies/wrike/articles/551962/,2021,04,28967,"Данной статьёй мы хотим пролить свет на технический стек Wrike: каким он был раньше и каким мы видим его в будущем. Мы расскажем о том, почему пять лет назад мы выбрали язык Dart основным для frontend-разработки нашего продукта и почему сейчас мы решили посмотреть в сторону других языков и фреймворков."
Решаем головоломки и настраиваем среды Kubernetes: подборка новых языков программирования,https://habr.com/ru/companies/beeline_cloud/articles/785686/,2024,01,3092,"В блоге beeline cloud мы уже делились дайджестом свежих DIY-материалов о контейнерах, DevOps и архитектуре. Сегодня расскажем, кто и зачем разрабатывает новые языки программирования — выбрали те, что появились на свет за последние три года. Некоторые из них написаны энтузиастами для решения головоломок на конкурсах, а другие — разработчиками крупных организаций для боевых задач."
Лучшие IDE для Raspberry Pi,https://habr.com/ru/companies/ruvds/articles/521596/,2020,10,51570,"Raspberry Pi — это, может, и не единственный одноплатный компьютер (single-board computer, SBC) на рынке, но он, определённо, является самым популярным. Raspberry Pi пользуется огромное количество людей, он является центром экосистемы, в которую входит множество официальных и неофициальных ресурсов и изделий — от книг и дополнительного оборудования до форумов и учебных курсов. Raspberry Pi снабжён отличной, поддерживаемой в актуальном состоянии документацией. Благодаря Raspberry Pi Foundation регулярно выходят новые модели SBC, появляются и усовершенствования моделей предыдущих поколений. Raspberry Pi, учитывая его серьёзную вычислительную мощность, отлично показывает себя в роли настольного компьютера. Он подходит и тем, кто занимается программированием. Raspberry Pi Из этого материала вы узнаете о том, почему Raspberry Pi имеет смысл рассматривать как компьютер, подходящий для разработчика ПО. Здесь же мы поговорим о выборе интегрированной среды разработки (integrated development environment, IDE). Среди рассмотренных IDE можно найти инструменты для программирования практически на любом языке."
Мобильные танки и тесты: интервью о тестировании World of Tanks Blitz,https://habr.com/ru/companies/jugru/articles/522690/,2020,10,12465,"У всех есть какое-то представление о франшизе World of Tanks. Но, как правило, оно «снаружи» (пользовательское) и общее. А что, если посмотреть изнутри, и рассмотреть какие-то очень конкретные вопросы? Скажем, на каком языке пишут тесты для мобильной World of Tanks Blitz , и по каким причинам выбрали его? Студия разработки мобильных «танков» MS-1 компании Wargaming присутствовала на нашей конференции Heisenbug, и там мы позадавали такие вопросы Дмитрию Сычеву — Lead QA Automation в World of Tanks Blitz. А теперь решили для Хабра сделать и текстовую версию этого небольшого разговора."
"Обзор программы Joker 2019: парад планет, или Что нас ожидает",https://habr.com/ru/companies/jugru/articles/470555/,2019,10,5035,"Любое событие, особенно если оно завершилось, можно сравнить с чем-то необычным. Например, был на митапе, и он оказался слетом ведьм для обмена премудростями, или, допустим, забежал на вечеринку — как будто попал под ливень с грозой. И вот уже в конце месяца 25-26 октября в Санкт-Петербурге пройдет Joker 2019 , еще ничего не произошло, но я для себя сравниваю эту конференцию с парадом планет. Парад планет — не такое частое астрономическое явление, чтобы можно было себе позволить его пропустить. Дальше я попытаюсь рассказать, какие планеты нас ожидают и почему нужно спешить попасть в этот мчащийся поезд. Под катом много ссылок на предыдущие доклады и поблочный обзор программы."
Developer Blog #1 – Android 2D Game,https://habr.com/ru/articles/579990/,2021,09,5559,С результатами первого месяца разработки Android 2D игры можно ознакомиться в Developer Blog #1.
FOSS News №92 — дайджест материалов о свободном и открытом ПО за 4—17 октября 2021 года,https://habr.com/ru/articles/583954/,2021,10,3407,"Всем привет! Продолжаем дайджесты новостей и других материалов о свободном и открытом ПО и немного о железе. Всё самое главное про пингвинов и не только, в России и мире. Поскольку мы уходили в отпуск и прошлый выпуск был две недели назад, этот дайджест получился весьма объёмным, но он стоит того! Главные темы нового выпуска: Google выделил миллион долларов на работу по повышению безопасности открытого ПО. В России планируют создать свой Фонд открытого ПО. Выпуск мобильной платформы Android 12. Фонд повышения безопасности открытого ПО получил финансирование, размером 10 млн долларов. Линус Торвальдс о 30 годах Linux, Rust и Open Source сообществе. Python вышел на первое место рейтинга TIOBE, и Гвидо высказался на эту тему. Вышел язык программирования Python 3.10.0. Microsoft обеспечил поддержку открытого формата ODF 1.3 в MS Office 2021. Canonical представила оболочку Ubuntu Frame для встроенных дисплеев. GitLab подняла оценку для IPO до $ 10 млрд. Исследование показало, что смартфоны на Android постоянно следят за своими владельцами, Google отрицает. Релиз Plasma 5.23, приуроченный к 25-летию KDE. Выпуск дистрибутива Ubuntu 21.10. Компания Apple вошла в число ключевых спонсоров проекта Blender. Опубликовано исследование о влиянии СПО на технологическую независимость, конкурентоспособность и инновации в экономике ЕС. Linux на Apple M1 наконец-то готов к использованию. От разработки СПО до обучения: опыт «Базальт СПО» высоко оценили участники Russia Open Source Summit 2021. Минцифры РФ разработало открытую лицензию. Школа Open Source-разработчика COMMoN от Samsung: видео, итоги. И многое другое… В составлении дайджеста мне помогали qark , invasy и 4 пользователя нашего бота [→]"
Упрощаем автоматизацию API-тестов с помощью Cucumber и Spock,https://habr.com/ru/companies/nix/articles/588400/,2021,11,7210,"Привет! Я Владимир Пасюга, QA Engineer в NIX. Общий опыт в IT у меня составляет 7 лет, из них 2,5 года я был мануальным тестировщиком в биомедицинском проекте, который включал и UI, и API-часть. Сейчас занимаюсь автоматизированными тестами API в приложении для медицинской сферы. В этой статье я хочу поделиться своим опытом тестирования API с помощью фреймворков Cucumber и Spock. Я расскажу, что представляет собой API и как проходит мануальное и автоматизированное тестирование этого интерфейса в нашей команде, опишу действенные инструменты и технологии и уделю особое внимание Cucumber и Spock."
Революция или эволюция Page Object Model?,https://habr.com/ru/companies/jugru/articles/474408/,2019,11,25867,"Всем привет! Меня зовут Артём Соковец . Хочу поделиться переводом своей статьи об Atlas: реинкарнации фреймворка HTML Elements, где представлен совершенно иной подход работы с Page Object. Перед тем, как перейти к деталям, хочу спросить: сколько обёрток для Page Object вы знаете? Page Element, ScreenPlay, Loadable Component, Chain of invocations… А что будет, если взять Page Object с реализацией на интерфейсе, прикрутить Proxy Pattern и добавить немного функциональности Java 8? Если интересно, предлагаю перейти под кат."
Обзор стремительно развивающейся среды разработки microStudio,https://habr.com/ru/articles/595213/,2021,12,22260,"Здравствуйте дорогие читатели сайта! На написание этой статьи меня подтолкнул тот факт, что я не смог найти на необъятных просторах русскоязычного интернета, какой-либо подробной информации о microStudio. Можно найти небольшие заметки, на нескольких сайтах. Где совсем скромно написано про проект и о том, что он был залит на репозиторий GitHub. Даже фамилия разработчика не указана. Кроме того 19.11.2021 и 12.02.2021 вышли довольно большие обновления о которых я расскажу далее в этой статье. Я горю желанием сформировать русскоязычное сообщество вокруг проекта (хотя бы и не большое, но дружное). Привлечь внимание к проекту. Найти людей намного умнее меня, которые помогут мне добрым советом. А так же привлечь новичков, которым могу помочь я, уже имеющий опыт работы в microStudio. Тут я сразу оговорюсь, статья рассчитана в первую очередь на новичков в программировании и геймдеве. Поэтому я не буду использовать слишком заумные термины. Постараюсь рассказать простым и понятным языком. Возможно и остальным, более опытным, будет интересно прочитать, ну хотя бы в плане ""узнать что-то новое"" о новом интересном проекте. Если вы уже пробуете себя в геймдеве, но пока не можете определиться с языком, движком или средой для создание ваших шедевров, то вам так же будет интересна эта статья."
KMP vs Flutter vs React Native,https://habr.com/ru/articles/645611/,2022,01,15912,"Сейчас существует широкий спектр кроссплатформенных технологий, среди которых Flutter, React Native и, конечно же, Kotlin Multiplatform Mobile (KMP). Какую технологию стоит выбрать и почему именно ее? Давайте попробуем разобраться!"
А давайте убьем все фреймворки?,https://habr.com/ru/articles/757150/,2023,08,51254,"Общая тенденция развития технологий характеризуется рывками и спадами. Рассмотрим, например, массовое перемещение человеческих тел. Изначально применялись лошади и повозки, которые постепенно стали сложными, и эта технология превратилась в отдельную индустрию. Затем внезапно появились поезда. Про лошадей быстро забыли, и фокус сместился на новое направление. Пар стал объектом исследований и превратился в сложную науку . Параллельно развивались дизель и электричество. В определенный момент паровые двигатели ушли в прошлое, и все перешли на дизель и электричество. Аналогично сейчас происходит переход на электромашины, требующие значительно меньшего количества жидкостей. Технологии эволюционируют и функционируют, а новые технологии их полностью заменяют. Считаю, что сейчас наступает эпоха, когда технологии фреймворков и Электрона могут быть вытеснены генеративными AI. Рассмотрим несколько примеров."
Как мы делали редизайн сайта МКБ,https://habr.com/ru/companies/mkb/articles/778554/,2024,01,3445,"Привет! Сегодня расскажем вам, как мы делали редизайн сайта МКБ. Пост разбит на две части — продуктовая (о смысле редизайна и методах выявления основных проблем) и техническая."
"Что, если «Оскары» вручались бы сайтам?",https://habr.com/ru/articles/91132/,2010,04,3055,"Многие из нас пользуются глобальной сетью для покупки билетов или поиска информации о фильмах. Сайты, продавая билеты и развлекая посетителей, помогают сбору кассы и формированию общественного мнения. Тем не менее, разработчики сайтов не получают никакого признания. Не является ли это немного несправедливо в эпоху Интернета — не получать ни бита славы за онлайн-презентации фильмов?"
Стив Джобс о флеш-технологии. Прикладная риторика,https://habr.com/ru/articles/93026/,2010,05,6149,
Обзор движков для десктоп-виджетов,https://habr.com/ru/articles/30886/,2007,02,1385,"Во-первых, нужно четко различать веб-виджеты и десктоп-виджеты. Первые представляют собой контент-модули, которые внедряются на веб-страницу. Этот тип виджетов полностью основан на веб-технологиях, которые работают через браузер: HTML, Flash и т.д. Такие модули существовали в интернете довольно давно, а виджетами их стали называть относительно недавно. Изначально же слово «виджет» обозначало именно мини-приложение для десктопа."
Форум Технологий Mail.Ru Group: v5.0,https://habr.com/ru/companies/vk/articles/171515/,2013,03,11208,"Весенний Форум Технологий: что, где, когда 9 апреля 2013 года Mail.Ru Group приглашает программистов, системных администраторов и разработчиков мобильных приложений на пятый Форум Технологий. Специалисты Mail.Ru Group и других технологических компаний расскажут о последних тенденциях и трендах, а также о решении сложных задач в рамках разработки проектов. Кстати, в этом году впервые на Форуме Технологий будет организован отдельный поток, посвященный теме мобильной разработки. Кратко — о том, почему на ТехФорум нужно идти: • Мы собрали IT-спецов, которые поделятся настолько ценными знаниями, что посещение их докладов может быть приравнено к промышленному шпионажу • Один день на Форуме Технологий по заработанным очкам экспы равноценен трём месяцам работы над высоконагруженным проектом… • …или шести месяцам чтения Stack Overflow"
Печать из браузера,https://habr.com/ru/articles/18580/,2008,01,8960,"Web наступает. Все больше и больше обычных настольных приложений переезжает в Internet. Уже никого не удивить онлайновым текстовым или графическим редактором. А уж различные многопользовательские комплексы, базы данных, системы отчетности — тут раздолье для веб-технологий. Например, еще несколько лет назад было бы вполне нормально сделать систему регистрации и учета клиентов скажем стоматологической поликлиники или библиотеки в Delphi, добавить базу данных и сетевую часть. Но сейчас такое решение окажется неразумным: гораздо проще, удобнее, а значит и эффективнее использовать все то, что предоставляет нам Web, даже если приложением будут пользоваться только внутри локальной сети. Кроме того, такое решение кроссплатформенное, что актуально в связи с наметившейся тенденцией перехода к свободным ОС. Все что нужно на клиентских компьютерах — наличие браузера, никаких установок, настроек и прочего. Но у решения все делать в web есть недостаток (даже не один, но я сейчас не буду перечислять все): неудобство при печати отчетов, бланков документов и прочих печатных страниц. Это связано с тем, что веб-страницы рассчитываются прежде всего для отображения на экране монитора и не подтачиваются для печати, что нередко ведет к расползанию печатной страницы. К счастью это все временные трудности и их можно обойти. Можно, например, генерировать отчеты в pdf или doc. Но я считаю это не слишком удобным: пользователю надо устанавливать программы, работающие с этими форматами, каждый раз выкачивать с сервера сгенерированный файл, печатать из сторонней программы, а не браузера. Поэтому стоит приложить усилия к созданию страниц, правильно выводящихся на печать прямо из браузера."
Microsoft на КРИ 2014 и Games Jam 2014,https://habr.com/ru/companies/microsoft/articles/238681/,2014,09,3697,
Работа с SharePoint Foundation REST Interface с помощью OData и jQuery,https://habr.com/ru/companies/infopulse/articles/133117/,2011,11,11104,
PHDays III CTF: взгляд изнутри (часть 2),https://habr.com/ru/companies/pt/articles/186800/,2013,07,6627,"Мы продолжаем свой рассказ о подготовке соревнований CTF, которые состоялись в рамках форума Positive Hack Days. Сегодня мы поговорим о создании интерфейса, удобстве его использования (юзабилити), а также разработке визуализации хода состязаний. Первая часть Пользовательский интерфейс Очень важной частью разработки CTF являлось создание пользовательского интерфейса для команд (UI). С его помощью игроки должны осуществлять все действия, связанные с игровыми механиками. По личному опыту мы знали, что общее впечатление о CTF во многом зависит от качества UI, поэтому мы очень серьезно отнеслись к проработке дизайна и юзабилити."
Дайджест IT событий ноября (часть вторая),https://habr.com/ru/companies/productivity_inside/articles/428588/,2018,11,2018,"Прогноз на конец ноября в IT сообществе мало отличается от прогноза на его начало: устойчивый блокчейн, локальные хакатоны и приятное изобилие камерных и масштабных инициатив в регионах. Однако наблюдается чуть повышенная концентрация распределенных систем и веб-разработки."
"Интересные трюки HTML, CSS и JS",https://habr.com/ru/companies/ruvds/articles/731960/,2023,05,22858,"Здесь вы найдёте небольшую подборку нестандартных вариантов использования HTML/CSS/JS. Если информация окажется полезной, будем собирать эти хаки на постоянной основе и публиковать по мере накопления. Примечание . Некоторые трюки основаны на открытых уязвимостях браузеров и поисковой системы Google и др. Поэтому могут перестать работать в ближайшее время (или продолжат, если разработчики не признают баги и не захотят их исправлять). Другие функции работают только начиная с конкретных версий Chrome, Firefox и т. д."
"Андреас Клинг, его операционная система SerenityOS и браузер Ladybird",https://habr.com/ru/companies/ruvds/articles/823778/,2024,07,14388,"Говорят, что в спортзале сильнее всех выкладываются бывшие алкоголики и наркоманы, они работают из последних сил. И это наблюдение не только из спорта, но и из других сфер жизни. Если люди склонны к зависимости, это может проявиться в разных увлечениях, куда они погружаются с головой: трудоголизм, женщины, хобби, гурманство, коллекционирование и т. д. Каждому делу они словно отдаются целиком. Взять к примеру шведского программиста Андреаса Клинга (Andreas Kling). В 2018 году он вышел из государственной клиники реабилитации наркоманов после трёхмесячного курса — и в качестве хобби начал разработку операционной системы SerenityOS . Нужно было чем-то занять свободное время и избавиться от посторонних мыслей. Создание новой ОС вполне подходит для такой задачи. За несколько лет SerenityOS стала одним из крупнейших опенсорсных проектов в мире с тысячами контрибуторов . Приятный интерфейс в стиле 90-х, Unix-подобное ядро и лучшие идеи из других ОС — вот рецепт успеха."
"Обзор программы Joker 2019: парад планет, или Что нас ожидает",https://habr.com/ru/companies/jugru/articles/470555/,2019,10,5035,"Любое событие, особенно если оно завершилось, можно сравнить с чем-то необычным. Например, был на митапе, и он оказался слетом ведьм для обмена премудростями, или, допустим, забежал на вечеринку — как будто попал под ливень с грозой. И вот уже в конце месяца 25-26 октября в Санкт-Петербурге пройдет Joker 2019 , еще ничего не произошло, но я для себя сравниваю эту конференцию с парадом планет. Парад планет — не такое частое астрономическое явление, чтобы можно было себе позволить его пропустить. Дальше я попытаюсь рассказать, какие планеты нас ожидают и почему нужно спешить попасть в этот мчащийся поезд. Под катом много ссылок на предыдущие доклады и поблочный обзор программы."
Революция или эволюция Page Object Model?,https://habr.com/ru/companies/jugru/articles/474408/,2019,11,25867,"Всем привет! Меня зовут Артём Соковец . Хочу поделиться переводом своей статьи об Atlas: реинкарнации фреймворка HTML Elements, где представлен совершенно иной подход работы с Page Object. Перед тем, как перейти к деталям, хочу спросить: сколько обёрток для Page Object вы знаете? Page Element, ScreenPlay, Loadable Component, Chain of invocations… А что будет, если взять Page Object с реализацией на интерфейсе, прикрутить Proxy Pattern и добавить немного функциональности Java 8? Если интересно, предлагаю перейти под кат."
ASP.NET Core сегодня: за и против,https://habr.com/ru/companies/jugru/articles/301512/,2016,05,46128,"ASP.NET Core имеет все шансы заменить ASP.NET в его текущем виде. Стоит ли переходить на ASP.NET Core уже сейчас? Поговорим об этом с экспертами: Дино Эспозито (Dino Esposito) – писатель, консультант, тренер и технический евангелист, признанный эксперт и популяризатор концепций DDD и CQRS Морис де Бейер (Maurice de Beijer) – независимый консультант, MVP и автор онлайн-курса The React Tutorial Андрей Терехов – full-stack разработчик EPAM, специалист по серверному пререндерингу. Все трое выступят через неделю в Питере на конференции DotNext с докладами про ASP.NET Core. Дино и Морис отвечали на английском языке, ниже мы публикуем перевод их ответов."
"Нужно ль развивать прототипирование софта в медицине, психологии и биологии?",https://habr.com/ru/articles/560700/,2021,06,1753,"Пришло время сказать правду, зачем я начал писать на Хабр. Хотя я занимаюсь mHealh , digital health и прототипированием софта всего 9 лет официально, цифровизация алгоритмов науки и информатизация практики меня интересуют более 20 лет. Недавно мои коллеги (или соавторы), которым я помогал в работе последние 4 года, в том числе и как сисадмин, попросили меня найти им программистов для улучшения evolutionary prototyping и допиливания мобильных приложений. На Хабре таких статей десятки вроде . Если вы считаете, что рыночно стоит доделать нижеперечисленные прототипы , то пишите, я им передам контакты и «прибыль пополам» (примерно) с ними. Сразу скажу, мне ничего от этого финансово не перепадёт, будет только удовлетворение, что две стороны нашли друг друга, как происходит в журнале «Врач и ИТ» , например)) Номер один. Персональная программа здорового образа жизни «Баланс» Обеспечивает индивидуальный подбор натурального и лечебного питания - фактических рационов с одновременным набором физической активности и других способов воздействия на поведенческие и иные факторы, относящиеся к персональной профилактике и коррекции образа жизни. Программа предназначена для медицинских работников и специалистов, изучающих комплексные технологии нормализации веса россиян и разработку рекомендаций по улучшению структуры питания, используя концепцию и масштабируемые методические материалы «школ здоровья для людей с избыточным весом». 2. Дифференциальная диагностика, терапия и профилактика головной боли"
MMORPG для Telegram — Первый большой проект — Часть 0,https://habr.com/ru/articles/501360/,2020,05,50881,"Рождение идеи Все мы помним такие легендарные MMORPG нулевых, как Lineage 2, World of Warcraft, Aion, Perfect World. Мы растем, жизненные приоритеты меняются — работа, семья, друзья. И уже не можем уделять столько времени играм. Но желание играть никуда не пропадает! Хочется вечером зайти на своего персонажа, собрать лут, сходить на осаду, почеленджить корейский рандом своим везением и заточить оружие еще на один уровень. Однако, ради этого загружать компьютер, выбирать игру и изучать ее заново совершенно не хочется."
Офлайновый мир: обзор инструментов цифровых «выживальщиков» на 2022 год,https://habr.com/ru/companies/sberbank/articles/706782/,2022,12,15277,"Многие из нас слышали о «выживальщиках». Так называют тех людей, кто заранее готовится к различным кризисным сценариям. Если привычная инфраструктура вдруг перестанет существовать, то у них есть «план Б». «Выживальщики» приобретают соответствующие навыки выживания в лесу, обзаводятся всем необходимым для автономного существования. Но человеку требуются не только инструменты для строительства и припасы. Нужна также информация. Сегодня мы затронем тему сохранения и систематизации полезных данных для дальнейшего использования в автономном режиме."
Конференция по тестированию Гейзенбаг: Видеозаписи докладов-2016 и работа над ошибками в 2017-м,https://habr.com/ru/companies/jugru/articles/323628/,2017,03,6653,"Посмотрев на то, как выглядят конференции для тестировщиков, мы были удивлены: на каждой из них технологические вопросы отходили на второй план, а основной акцент делался на управление тестированием и качеством ПО. Эти конференции решали задачи PM'ов и CTO, а не разработчиков и тестировщиков-автоматизаторов. Плохо ли это? Конечно, нет. Suum cuique, как говорится. Однако, делая первый Гейзенбаг в Москве в прошлом году, мы решили исправить ситуацию и сделать из него первую чисто техническую конференцию для всех тех, кто на практике занимается тестированием: ведь это не только тестеры, это и большинство разработчиков (которым не все равно, что будет с их кодом). Набив некоторые шишки на первой попытке , мы учли полученный опыт, и 4 июня готовы сделать deep dive в технологии тестирования на Гейзенбаг 2017 Piter . А пока что мы делимся всеми видеозаписями докладов прошедшей конференции и рассказываем подробно, чего ждать от следующей."
FOSS News №71 – дайджест материалов о свободном и открытом ПО за 17–23 мая 2021 года,https://habr.com/ru/articles/558868/,2021,05,4052,"Всем привет! Продолжаем дайджесты новостей и других материалов о свободном и открытом ПО и немного о железе. Всё самое главное про пингвинов и не только, в России и мире. Главные темы нового выпуска: Бета Android 12: что нового. Сотрудники платформы Freenode покинули проект и запустили альтернативу Libera.Chat. Обзор Fedora 34 (Что нового?). Новый владелец Audacity отказался от использования телеметрии после возмущений пользователей. Как Unix-way убивает десктопный Linux. Gentoo/Arch/LFS как путь в мир Linux. Первый выпуск Lima, окружения для запуска Linux-приложений в macOS. Публичное бета-тестирование Matrix Spaces. И многое другое…"
Как мы делали редизайн сайта МКБ,https://habr.com/ru/companies/mkb/articles/778554/,2024,01,3445,"Привет! Сегодня расскажем вам, как мы делали редизайн сайта МКБ. Пост разбит на две части — продуктовая (о смысле редизайна и методах выявления основных проблем) и техническая."
10 самых популярных видео докладов с 404fest 2018,https://habr.com/ru/companies/404fest/articles/465973/,2019,09,4649,
Автоматизация тестирования с использованием Selenide через Selenoid в Docker контейнере,https://habr.com/ru/articles/473454/,2019,10,56917,"Данная статья будет полезна начинающим QA специалистам, а также тем, кто интересуется особенностями и возможностями таких популярных фреймворков тестирования, как Selenide и Selenoid. Здесь мы рассмотрим некий базовый проект на Selenium. Увидим, как подключить Selenium и TestNG к проекту, пример Page Object с описанием элементов страницы и используемых методов. Далее, знакомство с Selenide : рассмотрим сам фреймворк, его основные возможности и преимущества, добавление Selenide в тестовый проект. Рассмотрим работу с элементами, проверки и ожидания, доступные в Selenide. И наконец, подключим к своему проекту фреймворк Selenoid для запуска тестов в Docker контейнере и вне его."
FOSS News №95 — дайджест материалов о свободном и открытом ПО за 1—7 ноября 2021 года,https://habr.com/ru/articles/587698/,2021,11,2774,"Всем привет! Продолжаем дайджесты новостей и других материалов о свободном и открытом ПО и немного о железе. Всё самое главное про пингвинов и не только, в России и мире. Главные темы нового выпуска: Новый мультфильм от Blender Studio. LTS релиз ядра Linux 5.15. Linux Foundation объявляет о новых инициативах в области искусственного интеллекта, Интернета вещей и облачных вычислений. GitHub назначает руководителя продукта Томаса Домке генеральным директором. Председатель совета директоров «Базальт СПО» Алексей Смирнов вошёл в состав правления РУССОФТ. Незаметная революция. И многое другое… В составлении дайджеста мне помогали qark , invasy и 6 пользователей через нашего Telegram бота [→] Ещё — мы не только составляем FOSS дайджесты, но и автоматизируем процесс, все 3 проекта автоматизации тоже являются FOSS, их можно посмотреть на GitHub [→] . На очереди ML и мы собираем средства на хакатоны [→] , будем рады если читатели помогут, всё ведь для вас."
"ИТ-шники: разновидности, отличительные черты",https://habr.com/ru/articles/860386/,2024,11,20335,"Множество вакансий, разные вывески, а внутри почти никакой разницы. Почему так? Правда ли нет разницы, или она размыта? Попробуем разобраться вместе. Допускаю, что подобных статей было, есть и будет много, но все же постараюсь сделать ее достаточно уникальной, может даже полезной:)"
Какой фреймворк выбрать для MVP стартапа: опыт разработчика и фаундера,https://habr.com/ru/articles/902336/,2025,04,6962,"Автор: разработчик и фаундер с опытом запуска стартапов в сферах туризма , HR tech , а сейчас — в музыкальной индустрии . По образованию — Data Scientist , по призванию — Android-разработчик и продукт-менеджер . Работал в крупных продуктах вроде X5 и Uzum , где впервые познакомился с Kotlin Multiplatform Mobile (KMM) . Когда настал момент создавать прототип для своего музыкального стартапа, выбор был очевиден: я уже знал Kotlin , имел боевой опыт с KMM — и хотел быстро двигаться без лишних компромиссов. Но KMM — не единственный путь. На столе были и Flutter , и React Native , и даже классическая нативка . В этой статье я расскажу:"
Что интересного было на стендах WBCE 2025: решения от партнеров,https://habr.com/ru/companies/wirenboard/articles/903208/,2025,04,4447,"17–18 апреля в Москве прошла выставка и конференция WBCE 2025 , ставшая крупнейшей за все время проведения. За два дня мероприятие посетили более 1200 человек — интеграторы, разработчики, производители оборудования и энтузиасты автоматизации. В этом году участие приняли 42 компании, представившие на стендах свои разработки в области умного дома, диспетчеризации, микроклимата, SCADA, IoT и цифровизации жилых и коммерческих объектов. В репортаже мы собрали обзор всех стендов WBCE 2025: рассказываем о компаниях, их решениях, новых продуктах и ключевых анонсах. Вы увидите, как меняется ландшафт автоматизации в России — от модульных контроллеров и BLE-сенсоров до платформ для управления целыми жилыми кварталами."
".NET, что с тобой происходило в 2021?",https://habr.com/ru/companies/dododev/articles/598465/,2021,12,17312,"Конец декабря, многие подводят свои итоги, а мы решили оглянуться и посмотреть, что хорошего (и не очень) случилось в мире .NET-разработки за этот год, и спросили об этом наших разработчиков. Из хорошего называли появление рекордов в С# 9 , и выход С# 10, а в топе, конечно же, релиз .NET 6 с долгосрочной поддержкой. До выхода шестой версии у нас уже много веб-сервисов работало на .NET 5, в том числе и в монолите. Теперь ко всем «фишкам» пятой версии добавляются преимущества новой. Платформа становится всё кросплатформеннее и кросплатформеннее (возможно, благодаря этому в последнее время наблюдается рост интереса к C# ). В .NET 6 сильно улучшилась производительность , появилась поддержка Apple Silicon (мы недавно писали, почему так рады этому ), новые API и много других полезностей."
KMP vs Flutter vs React Native,https://habr.com/ru/articles/645611/,2022,01,15912,"Сейчас существует широкий спектр кроссплатформенных технологий, среди которых Flutter, React Native и, конечно же, Kotlin Multiplatform Mobile (KMP). Какую технологию стоит выбрать и почему именно ее? Давайте попробуем разобраться!"
Я размышляю о языке Rust: почему он может стать языком будущего,https://habr.com/ru/articles/878710/,2025,02,10683,"Привет! Меня зовут Андрей, и я давно занимаюсь веб-разработкой. Однако в последнее время я все чаще обращаю внимание на новые языки и инструменты, которые обещают улучшить качество кода и повысить мою продуктивность. Сегодня я хочу поделиться своими мыслями о языке программирования Rust — почему он так популярен, в чем его особенности и почему, как мне кажется, за ним действительно может быть будущее."
"Интересные трюки HTML, CSS и JS",https://habr.com/ru/companies/ruvds/articles/731960/,2023,05,22858,"Здесь вы найдёте небольшую подборку нестандартных вариантов использования HTML/CSS/JS. Если информация окажется полезной, будем собирать эти хаки на постоянной основе и публиковать по мере накопления. Примечание . Некоторые трюки основаны на открытых уязвимостях браузеров и поисковой системы Google и др. Поэтому могут перестать работать в ближайшее время (или продолжат, если разработчики не признают баги и не захотят их исправлять). Другие функции работают только начиная с конкретных версий Chrome, Firefox и т. д."
"Коротко объясняем, что такое поток, буфер, дуплекс и канал",https://habr.com/ru/companies/timeweb/articles/916374/,2025,06,10075,"Поток — это последовательность элементов данных, предоставляемых за некоторое время. Концепция потока (stream) позволяет обрабатывать или передавать данные поэлементно, а не как одно целое. Потоки особенно полезны в сценариях, когда приходится работать с большими множествами данных, непрерывными данными или данными реального времени."
React starter (Webpack + Typescript + Css modules + Jest),https://habr.com/ru/articles/754560/,2023,08,17798,"Хочу поделиться своим видением сборки для быстрого старта разработки на React. Помогает быстро запуститься, когда нужно «на скорую» войти в разработку. Что‑то я подглядел здесь же, на Хабре, к чему‑то пришёл сам, ну и «ангажировал» немного на просторах «необъятного». Что «под капотом» Webpack 5 React v.18 Redux (Redux Toolkit) Typescript Css modules Jest VS Code"
А давайте убьем все фреймворки?,https://habr.com/ru/articles/757150/,2023,08,51254,"Общая тенденция развития технологий характеризуется рывками и спадами. Рассмотрим, например, массовое перемещение человеческих тел. Изначально применялись лошади и повозки, которые постепенно стали сложными, и эта технология превратилась в отдельную индустрию. Затем внезапно появились поезда. Про лошадей быстро забыли, и фокус сместился на новое направление. Пар стал объектом исследований и превратился в сложную науку . Параллельно развивались дизель и электричество. В определенный момент паровые двигатели ушли в прошлое, и все перешли на дизель и электричество. Аналогично сейчас происходит переход на электромашины, требующие значительно меньшего количества жидкостей. Технологии эволюционируют и функционируют, а новые технологии их полностью заменяют. Считаю, что сейчас наступает эпоха, когда технологии фреймворков и Электрона могут быть вытеснены генеративными AI. Рассмотрим несколько примеров."
7 кругов ада: практический гид по выбору стека для ML-разработки,https://habr.com/ru/companies/magnus-tech/articles/932714/,2025,07,7644,"Сколько раз за последние пару-тройку вы меняли свой AI/ML стек? Если ответ «ни разу» — либо у вас железная дисциплина, либо вы просто не следите за тем, что происходит в индустрии. McKinsey Global Survey показывает, что adoption AI вырос с 50% до 72% только за последний год. Это означает, что пока вы размышляете над выбором между PyTorch и TensorFlow, ваши конкуренты уже запускают production-модели на совершенно других стеках. Проблема не в том, что инструментов мало — а в том, что их чертовски много. Современный ML/AI стек превратился в слоеный пирог из семи уровней: от ИИ-инфраструктуры в самом низу до слоя ИИ-решений наверху. Каждый уровень предлагает десятки вариантов, от которых глаза разбегаются даже у матерых разработчиков, но хаос поддается систематизации. В этой статье мы расскажем о любимых инструментах, препарируем популярные решения, и разберемся, как выбрать стек, который не превратится в тыкву через полгода."
Печать из браузера,https://habr.com/ru/articles/18580/,2008,01,8960,"Web наступает. Все больше и больше обычных настольных приложений переезжает в Internet. Уже никого не удивить онлайновым текстовым или графическим редактором. А уж различные многопользовательские комплексы, базы данных, системы отчетности — тут раздолье для веб-технологий. Например, еще несколько лет назад было бы вполне нормально сделать систему регистрации и учета клиентов скажем стоматологической поликлиники или библиотеки в Delphi, добавить базу данных и сетевую часть. Но сейчас такое решение окажется неразумным: гораздо проще, удобнее, а значит и эффективнее использовать все то, что предоставляет нам Web, даже если приложением будут пользоваться только внутри локальной сети. Кроме того, такое решение кроссплатформенное, что актуально в связи с наметившейся тенденцией перехода к свободным ОС. Все что нужно на клиентских компьютерах — наличие браузера, никаких установок, настроек и прочего. Но у решения все делать в web есть недостаток (даже не один, но я сейчас не буду перечислять все): неудобство при печати отчетов, бланков документов и прочих печатных страниц. Это связано с тем, что веб-страницы рассчитываются прежде всего для отображения на экране монитора и не подтачиваются для печати, что нередко ведет к расползанию печатной страницы. К счастью это все временные трудности и их можно обойти. Можно, например, генерировать отчеты в pdf или doc. Но я считаю это не слишком удобным: пользователю надо устанавливать программы, работающие с этими форматами, каждый раз выкачивать с сервера сгенерированный файл, печатать из сторонней программы, а не браузера. Поэтому стоит приложить усилия к созданию страниц, правильно выводящихся на печать прямо из браузера."
Обзор движков для десктоп-виджетов,https://habr.com/ru/articles/30886/,2007,02,1385,"Во-первых, нужно четко различать веб-виджеты и десктоп-виджеты. Первые представляют собой контент-модули, которые внедряются на веб-страницу. Этот тип виджетов полностью основан на веб-технологиях, которые работают через браузер: HTML, Flash и т.д. Такие модули существовали в интернете довольно давно, а виджетами их стали называть относительно недавно. Изначально же слово «виджет» обозначало именно мини-приложение для десктопа."
Офлайн-конвертер PNG в WebP прямо в браузере,https://habr.com/ru/articles/962532/,2025,11,1693,"Недавно столкнулся с задачей: нужно было быстро перевести несколько сотен PNG-файлов в WebP для сайта, но делать это через онлайн-сервисы не хотелось — во-первых, передавать изображения куда-то сторонним серверам не очень удобно, а во-вторых, процесс обычно занимает заметное время. В итоге я сделал небольшое браузерное приложение, которое решает задачу локально — без установки, без серверов и без лишних телодвижений. Делюсь инструкцией, вдруг кому-то пригодится."
"Новости Qt, июнь 2017 — май 2018",https://habr.com/ru/articles/354972/,2018,05,16324,"Что нового появилось/произошло в Qt за полгода почти год с прошлой статьи . Релизы 5.9 и 5.10, а также новые инструменты, аддоны, платформы и переход на подписочную модель лицензирования."
Разработка в InterSystems Caché в вашей любимой IDE,https://habr.com/ru/companies/intersystems/articles/311078/,2016,10,7941,
FOSS News №70 – дайджест материалов о свободном и открытом ПО за 10–16 мая 2021 года,https://habr.com/ru/articles/557888/,2021,05,4110,"Всем привет! Продолжаем дайджесты новостей и других материалов о свободном и открытом ПО и немного о железе. Всё самое главное про пингвинов и не только, в России и мире. Главные темы нового выпуска: Гвидо ван Россум намерен достигнуть двукратного увеличения производительности в CPython 3.11. Открытая клавиатура Launch от System76 перешла на стадию приёма предзаказов. IBM открыл CodeNet для систем машинного обучения, транслирующих и проверяющих код. Microsoft подготовил реализацию eBPF для Windows. «Пришло время и тебе встать на защиту Sci-hub». И многое другое…"
Fintech на практике: как Quadcode технологии для трейдинга и банкинга разрабатывает,https://habr.com/ru/companies/quadcode/articles/559828/,2021,06,7638,"Привет, самое хардовое IT комьюнити Рунета, я Саша, главный архитектор в компании Quadcode. Мы пришли на Хабр для того, чтобы показать “кухню” Fintech - варимся мы во всем этом много лет, поэтому уже можем поделиться опытом. В блоге будем рассказывать об архитектурах, технологиях, инструментах и лайфхаках - то, что может пригодиться и вам. Этот пост - первый в списке, его можно считать знакомством. Под катом я расскажу про структуру нашей команды, про продукты Quadcode – это платформа для трейдинга, банкинг и внутренние разработки, а также про наши первые шаги на пути к IPO. Наша команда Команда Quadcode уже 8 лет работает в финтехе. Цель компании - создавать удобные финтех-инструменты для B2B клиентов со всего мира. В разработке мы руководствуемся Agile принципами, да и в принципе склонны к гибким методологиям. Именно они позволяют достигать баланса в скорости и качестве разработки продуктов, поэтому разработка представляет из себя набор Scrum команд. Во главе каждой команды стоит Team Lead. Сами команды сгруппированы в отделы работающие над определенными предметными областями. Например, есть отдел Finance Development, в котором команды разрабатывают финансовые сервисы для платформы. Есть ветка, где располагаются владельцы продукта (product owners), задача которых развивать и улучшать наши продукты. Сейчас у нас в разработке 230+ опытных (реально опытных, у каждого много лет практики) специалистов. Это порядка 24 команд и 6 Product Owners. Джуниоров мы берем редко. Но с каждым годом искать опытных специалистов становится все сложнее, так что все больше в эту сторону смотрим, но тут нужно все грамотно подготовить."
Cerebro – бесплатная альтернатива Alfred и Spotlight,https://habr.com/ru/articles/320434/,2017,01,16711,
Объектное Реактивное Программирование,https://habr.com/ru/articles/330466/,2017,06,21802,"Объектное Реактивное Программирование Дмитрий Карловский из SAPRUN представляет… ммм... Это — текстовая версия одноимённого выступления на FrontendConf'17 . Вы можете читать её как статью , либо открыть в интерфейсе проведения презентаций , либо посмотреть видео . Надоело.. Чем поможет ОРП? … писать много, а делать мало? Пиши мало, делай много! … часами дебажить простую логику? Реактивные правила обеспечат консистентность! … асинхронщина? Синхронный код тоже может быть неблокирующим! … что всё по умолчанию тупит? ОРП оптимизирует потоки данных автоматом! … функциональные головоломки? Объекты со свойствами — проще некуда! … что приложение падает целиком? Позволь упасть его части — само поднимется! … жонглировать индикаторами ожидания? Индикаторы ожидания пусть сами появляются, где надо! … двустороннее связывание? Двустороннее связывание нужно правильно готовить! … пилить переиспользуемые компоненты? Пусть компоненты будут переиспользуемыми по умолчанию! … вечно догонять? Вырывайся вперёд и лидируй!"
WebGL: перевод игры с мобильной платформы на десктопную,https://habr.com/ru/companies/plarium/articles/343084/,2017,11,8208,"Создание десктопной версии мобильной игры стало настоящей исследовательской миссией для краснодарской студии Plarium. В этой статье мы расскажем, как перешли на технологию WebGL при переносе проекта Vikings: War of Clans на новую платформу."
"Коротко объясняем, что такое поток, буфер, дуплекс и канал",https://habr.com/ru/companies/timeweb/articles/916374/,2025,06,10075,"Поток — это последовательность элементов данных, предоставляемых за некоторое время. Концепция потока (stream) позволяет обрабатывать или передавать данные поэлементно, а не как одно целое. Потоки особенно полезны в сценариях, когда приходится работать с большими множествами данных, непрерывными данными или данными реального времени."
"ИИ-магия: фронтенд, который думает",https://habr.com/ru/companies/neoflex/articles/925926/,2025,07,3175,"Автор: Кристина Паревская, Neoflex Мы живем в мире быстро развивающихся технологий. С каждым годом frontend-разработка проще не становится. Сегодня frontend-разработчики могут не просто создавать обычные формы, но и игры, и даже запускать модели ИИ для выполнения задач, например, распознавания объекта. В данной статье будет рассказано, как на примере системы по распознаванию возгораний объекта в доме можно без backend части добавить в свое приложение модель для обнаружения пожара. Погружаемся в тему пожаров и возгораний Распознавание возгораний объектов на ранних стадиях является важной и актуальной проблемой в наши дни, решение которой снизит экономический риски и спасет жизни многих людей. Такие компании, как Johnson Controls, Honeywell International, Inc., GENTEX CORPORATION, Siemens, Robert Bosch GmbH, Halmaplc, Eaton, Raytheon Technologies Corporation уделяют свое внимание исследованиям в области распознавания возгораний объектов и предлагают свои решения по устранению пожаров. Этими компаниями движут желание помочь людям, быстрое развитие беспроводных технологий и развитие строительной отрасли, охватившей весь мир."
7 кругов ада: практический гид по выбору стека для ML-разработки,https://habr.com/ru/companies/magnus-tech/articles/932714/,2025,07,7644,"Сколько раз за последние пару-тройку вы меняли свой AI/ML стек? Если ответ «ни разу» — либо у вас железная дисциплина, либо вы просто не следите за тем, что происходит в индустрии. McKinsey Global Survey показывает, что adoption AI вырос с 50% до 72% только за последний год. Это означает, что пока вы размышляете над выбором между PyTorch и TensorFlow, ваши конкуренты уже запускают production-модели на совершенно других стеках. Проблема не в том, что инструментов мало — а в том, что их чертовски много. Современный ML/AI стек превратился в слоеный пирог из семи уровней: от ИИ-инфраструктуры в самом низу до слоя ИИ-решений наверху. Каждый уровень предлагает десятки вариантов, от которых глаза разбегаются даже у матерых разработчиков, но хаос поддается систематизации. В этой статье мы расскажем о любимых инструментах, препарируем популярные решения, и разберемся, как выбрать стек, который не превратится в тыкву через полгода."
"Четыре способа написать Hello world, или инструменты для создания GUI на Python",https://habr.com/ru/companies/selectel/articles/750146/,2023,07,64240,"После написания программы ее можно модифицировать и добавить графический интерфейс — с Python это проще, чем кажется. Для программирования красивого и функционального GUI иногда достаточно простого знания html и css. Под катом — подборка некоторых инструментов для создания интерфейсов на Python. Сохраняйте статью в закладки и предлагайте свои варианты в комментариях!"
Как нас било током на 1 апреля,https://habr.com/ru/articles/219653/,2014,04,68405,"На день дурака в этом году мы с коллегами решили сделать чуть больше, чем просто шутку. Мы придумали интерактивный формат с трансляцией из нашего офиса и дали возможность всем желающим пощекотать наших добровольцев небольшим электрическим разрядом буквально в прямом эфире."
Умный дом и автоматизация офиса,https://habr.com/ru/companies/unet/articles/373809/,2017,09,19037,"Умный дом (Smart Home), в представлении многих, является единым «организмом» со своими жильцами, обеспечивая их безопасность, комфорт и различные удобства для жизни. При этом отдельные компоненты такого дома «невидимы» для самих пользователей. Примерно, как не замечаешь современную операционную систему смартфона, а вызываешь нужное приложение, так и умный дом должен обеспечить своим хозяевам оптимальные условия для проведения времени в кругу семьи, встреч с друзьями или решения повседневных задач. Такой дом должен создать максимально комфортные условия для отдыха или работы, без отвлечения на бытовые мелочи и, при этом, экономя потребляемые энергоресурсы."
Введение в GTK,https://habr.com/ru/articles/135809/,2012,01,140190,"На ХабраХабре наконец-то появился новый блог, посвящённый GTK. Присоединяйтесь! :-) Привет, %username%! В сети бытуют страшные слухи об этом фреймворке, однако серией статей о нём на ХабраХабре я попытаюсь разрушить сложившиеся стереотипы. GTK+ — это фреймворк для создания кроссплатформенного графического интерфейса пользователя (GUI). Наряду с Qt он является одной из двух наиболее популярных на сегодняшний день библиотек для X Window System. Изначально эта библиотека была частью графического редактора GIMP, но позже стала независимой и приобрела популярность. GTK+ — это свободное ПО, распространяемое на условиях GNU LGPL и позволяющее создавать как свободное, так и проприетарное программное обеспечение."
Ruby is not Rails,https://habr.com/ru/articles/45746/,2008,11,4974,"Последнее время о Ruby начали думать только как о Ruby on Rails . Но в мире Ruby ещё много красивых и иногда уникальных вещей. Поэтому, в целях борьбы с предрассудками, хочу вкратце рассказать о отличных и необычных Ruby-проектах."
Организация автоматизированного тестирования GUI,https://habr.com/ru/articles/54614/,2009,03,15374,"При разработке мы стараемся покрывать наш код не только матом, но и unit тестами. Однако все покрыть тестами не всегда получается. К тому же, остается GUI , для которого написание тестов довольно трудоемкая работа. При всех этих проблемах неизменным остается требование, что каждый следующий камит в репозиторий не должен портить уже существующий функционал. В этой статье я хочу рассказать какой инструментарий мы используем для тестирования наших desktop приложений, написанных на Qt. Пол года назад в ходе исследования инструментов для тестирования GUI в поле моего зрения попал продукт Squish компании froglogic. Из плюсов данного решения можно отметить следующие: тесная дружба Squish c классами Qt (в том числе и itemы в QGraphiscScene); кроссплатформенность; поддержка скриптовых языков (JavaScript, Python); автоматизированная генерация текста теста; удобная система запуска тестов из консоли."
Как сбежать из секты?,https://habr.com/ru/articles/451562/,2019,05,15062,"Наш мир устроен очень странно. И чем дальше, тем становится страннее. И хрен поймешь, в чем дело. Вот есть на свете инженеры и программисты. Иногда в одном лице. Люди, понимающие, что такое алгоритм. Более того – люди, создающие эти алгоритмы. Прекрасно знающие, что созданный алгоритм подходит для решения одной задачи, но не годится для другой. Понимающие, что если алгоритм чуть изменить, то он сможет решать смежные задачи. Не стесняющиеся выкинуть половину чужого алгоритма, чтобы он лучше решал текущую задачу. Программисты создают решение под задачу, или под класс задач. В этом суть профессии. Там, где это возможно, используют готовые куски своего или чужого кода. И всё у всех хорошо. Но, как только дело доходит до создания алгоритмов за пределами компьютера, программисты вдруг теряют голову. Я не говорю о рисовании схем алгоритмов на бумаге, как это было на экзамене в универе – тут любой из нас справится. Я говорю о «внедрении методик», «работе по фреймворку», «обязательном использовании всех артефактов». О сектах, короче."
Почему не SQL?,https://habr.com/ru/companies/lsfusion/articles/463095/,2019,08,74251,"Без преувеличения можно сказать, что SQL — один из самых распространенных в мире языков. Информационные системы могут быть написаны на Java, Python, JavaScript, C#, PHP и десятке других языков, но SQL база в том или ином виде будет в абсолютном большинстве таких систем. Среди бизнес-приложений процент систем, использующих SQL, вообще стремится к 100%. При этом большинство существующих материалов о SQL на хабре и других ресурсах сводятся к простым вопросам, вроде: «какие типы соединений бывают», «чем левое соединение отличается от правого», «что такое триггеры» и так далее. Более того, в этих материалах практически ничего не говорится о проблемах SQL (и его реализациях), которых на самом деле очень и очень немало. Поэтому мы решили восполнить оба этих пробела: с одной стороны рассказать, как многие вещи в SQL работают изнутри, а с другой стороны — почему они работают не так как нужно / хотелось бы. При этом речь в статье пойдет не о «вкусах и цветах фломастеров». Все затрагиваемые проблемы носят фундаментальный характер: присутствуют при разработке практически любой информационной системы и не ограничиваются «красотой кода», а в той или иной степени приводят либо к критическому падению производительности, либо к существенному росту порога вхождения, либо к значительным трудозатратам со стороны разработчика."
История одного проникновения,https://habr.com/ru/articles/86368/,2010,03,4226,"Топики о ловли хакеров заставили меня написать этот пост. Хочу поделиться с вами историей, которая случилась со мной несколько лет назад. Сразу скажу, мое увлечение — безопасность веб-приложений. Случайно гуляя по интернету, мой друг нашел сайт для отправки бесплатных смс на номера украинских операторов. Там мы нашли небольшую уязвимость, связанную с обходом теста Тьюринга (каптчи). Так как я и мой друг любим искать уязвимости, мы играли в игру, смыслом которой, кто из нас быстрей обойдет каптчу. Но сегодня рассказ не об этом, а о том, что же было дальше нами обнаружено."
Кем работать в IT в 2024: Java-разработчик,https://habr.com/ru/companies/habr_career/articles/846192/,2024,09,14325,"Рубрика «Кем работать в IT» — это интервью с представителями IT-профессий, в которых специалисты рассказывают о тонкостях своей работы: плюсах, минусах, подводных камнях и заработной плате. Мы надеемся, что джунам и стажёрам она поможет больше узнать о том, что их ожидает на карьерном пути, а профессионалам — посмотреть на свою специальность через чужой опыт и, может быть, открыть для себя что-то новое. Для этой статьи о своём опыте работы нам рассказал Степан Ермаков, Java-разработчик в Orion soft ."
Звездный час Зодиак АйТиЭм: тестируем российский аналог Microsoft SCCM,https://habr.com/ru/companies/k2tech/articles/832740/,2024,07,5018,"Привет, Хабр! На связи Денис Мурунов, руководитель практики построения ИТ-инфраструктуры К2Тех. Мне все больше кажется, что популярная последние два года тема изучения российских альтернатив западным решениям будет актуальна еще долгие годы. Столько статей на Хабре посвящают отечественным ИТ-продуктам, а запросов от рынка на подбор подходящего меньше не становится. Даже, наоборот, они кратно растут! В прошлой статье я рассказывал об отечественных службах каталога. А сегодня подготовил обзор на Зодиак АйТиЭм — систему управления ИТ-инфраструктурой. Она есть в реестре и, что важно, написана с нуля, а не базируется на популярном опенсорсе. Система управляет парками из разнообразных устройств, а скоро сможет устанавливать и сами операционные системы. Если есть задача перейти с Windows на Linux, Зодиак АйТиЭм может помочь облегчить этот процесс. Для этой статьи мы с командой решили протестировать Зодиак АйТиЭм на весьма непростой задаче — развертывание системы мониторинга сетей и серверов Glaber. Все подробности читайте под катом!"
Java-дайджест за 17 января. Две первые недели нового года,https://habr.com/ru/companies/jugru/articles/484340/,2020,01,9319,"Появился шрифт JetBrains Mono — приятный и красивый шрифт для разработчиков Вышел плагин для интеграции GitLab с IntelliJ IDEA. Теперь можно делать код-ревью прямо в вашей любимой IDE! В Java-плагине для Visual Studio Code добавили кучу важных ништяков (действительно влияющих на качество жизни). Теперь в браузере файлов есть компактизация папок в привычный нам вид (как в Идее), у методов можно смотреть иерархию вызовов, в отладчике можно ставить брейкпоинты с условием (сработают, только если выполнилось условие), запускатор тестов визуально отображает статус теста (не нужно постоянно смотреть логи), и еще много всего. Вышел Repeat 5.4 , кроссплатформенный (Mac/Lin/Win) инструмент для хоткеев, макросов и автоматизации, на 70% написанный на Java. 442 коммита, 574 звездочки, проект пользуется массовой любовью и обожанием у своей узкой аудитории. Разрабатывается ровно одним человеком."
Centrifugo — новости не в реальном времени,https://habr.com/ru/companies/avito/articles/491738/,2020,03,12077,"Время идёт, а я под действием центробежной силы всё так же продолжаю двигать вперёд тележку под названием Centrifugo . Последний раз я писал о проекте в преддверии релиза второй версии , там было несколько обещаний, и по факту все заявленные фичи в итоге вошли в релиз."
Отслеживание позиций торгового робота Московской биржи через CSV файл,https://habr.com/ru/articles/860162/,2024,11,2911,"Нахожусь в процессе написания механизма торгового робота, работающего на Московской бирже через API одного из брокеров. Брокеров имеющих своё АПИ для МосБиржи катастрофически мало — мне известно только о трёх. При этом, когда я стал публиковать модули робота (и полностью выложу готовый механизм робота на GitHub ), то стал получать непонимание — например, мне писали в комментариях — зачем придумывать велосипед, когда уже есть QUIK — популярная российская платформа для биржевых торгов. В Квике уже есть готовый функционал «импорт транзакций из файла» или таблица «карман транзакций». В тех же комментариях предлагали даже рассмотреть использование платформы 1С для робота, но оказалось, что торговля все равно будет осуществляться через импорт .tri-файла в Квик. Лично мне Квик не очень нравится тем, что это программа для Windows. Хочется иметь механизм торгового робота, который был бы кроссплатформенным и легким — это позволит использовать его даже на «слабом» сервере. К тому же, много лет назад , когда Квик был единственной альтернативой для частного лица, невозможно было внутри одной Windows без использования виртуальной машины запустить несколько копий программы технического анализа с разными системами — для того, чтобы каждая из этих копий отправляла свои сигналы на покупку и продажу в соответствующий Квик. Это было нужно для разных торговых стратегий."
"Как разобраться новичку, какой язык выбрать для желаемой профессии?",https://habr.com/ru/companies/vyshtech/articles/490766/,2020,03,5518,"Дисклеймер: данный текст не рекомендован к прочтению детям до 13 лет (для них нужно устанавливать отдельную политику конфиденциальности), сеньорам, мидлам, людям со слабой психикой, любителям VBA и языка АЛГОЛ, а также беременным женщинам. Все изложенное является личным мнением неадекватного автора и не изложено здесь с целью посеять рознь среди адептов статической и динамической типизации. Поехали: new Thread().start()"
Декомпиляция node.js в Ghidra,https://habr.com/ru/companies/pt/articles/514292/,2021,04,8716,"Приветствую, Вам когда-нибудь хотелось узнать, как же именно работает программа, которой вы так активно пользуетесь, игра, в которую часто играете, прошивка какого-нибудь устройства, которое что-то делает по расписанию? Если да, то для этого вам потребуется дизассемблер. А лучше — декомпилятор. И если с x86-x64, Java, Python ситуация известная: этих ваших дизассемблеров и декомпиляторов полным-полно, то с другими языками всё обстоит немного сложнее: поисковые машины уверенно утверждают — « It's impossible ». Что ж, мы решили оспорить данное утверждение и произвести декомпиляцию NodeJS, а именно выхлоп, который выдаёт npm-пакет bytenode . Об этом подробнее мы и расскажем по ходу статьи. Заметим, что это уже вторая статья в серии о нашем плагине для Ghidra (первый материал был также опубликован в нашем блоге на Хабре). Поехали."
"Введение в кросс-платформенную разработку игр на haxe, flow, snow, luxe",https://habr.com/ru/articles/245895/,2014,12,20014,"Здравствуйте, дорогие разработчики! Сегодня я хочу рассказать вам о том, как погрузиться непосредственно в создание игры так, чтобы можно было забыть об платформах, sdk, компиляторах, сборках, деплоях и прочих ide. Есть способ просто писать код на современном высокоуровневом языке и быстро его тестировать на всех платформах, поддерживаемых вашей хост осью."
Онлайн-школа программирования для детей от 8 лет: где обучаться?,https://habr.com/ru/companies/it_dlya_detei/articles/878208/,2025,01,886,"Рассказали о том, чем полезны занятия по программированию для детей 8 лет и старше, рассмотрели распространенные направления, описали их, а также представили ряд онлайн-школ, где можно начать обучаться кодингу в младшем школьном и подростковом возрасте. Каждую организацию оценили по таким критериям: количество и разнообразие образовательных программ, ориентация на конкретный возраст, стоимость одного занятия / абонемента."
Можно Ли Делать Игры На Python?,https://habr.com/ru/articles/672270/,2022,06,88979,"Python нашёл себе место почти во всех сферах IT. Разработка веб-сайтов, управление станками ЧПУ, desktop, мобильные приложения, а уж про искусственный интеллект, машинное обучение и анализ данных я вообще молчу.  Сейчас Python лучший друг хоть школьнику, хоть сотруднику научно-исследовательской лаборатории. А что на счёт игр? Компьютерные игры - это огромная доля IT рынка, которая уже набрала и продолжает набирать обороты. Игры то делать можно на питоне? Сегодня мы расставим все точки над i . Меня зовут Макс, я один из авторов YouTube канала PyLounge , а вы читаете статью в которой я расскажу можно ли создавать игры на Python и какую нишу занял Python в сфере gamedev."
DevSecOps: как мы внедряли PT Application Inspector в наш продуктовый конвейер,https://habr.com/ru/companies/pt/articles/534458/,2020,12,11731,"Привет! Меня зовут Тимур Гильмуллин, я работаю в отделе технологий и процессов разработки Positive Technologies. Неформально наш отдел называют DevOps-отделом, мы занимаемся автоматизацией различных процессов и помогаем разработчикам и тестировщикам в нашей компании. Я и мой коллега Дима Рагулин хотим рассказать, как инженеры нашего отдела внедряли сканер кода PT Application Inspector (PT AI) в сборочные процессы продуктовых команд внутри компании. Отмечу, что статья про архитектуру и интеграцию PT AI в CI, а не про работу с этим инструментом и не про поиск уязвимостей. Подробнее о функциональных возможностях PT AI вы можете узнать из вебинара . Статья состоит из двух частей. В первой части расскажем, какое место PT AI занимает в наших технологических цепочках, дадим рекомендации по возможной архитектуре его внедрения в CI-конвейер. Это будет полезно DevOps-архитекторам и специалистам по внедрению решений в области безопасной разработки (DevSecOps). Вторая часть посвящена практическому внедрению PT AI в наш корпоративный CI-конвейер: в ней мы поделимся наработками своих шаблонов и скриптов, а также покажем, как можно подключить сканирование через PT AI в пару строчек кода. Это может быть интересно инженерам, перед которыми встали вопросы внедрения PT AI внутри уже сложившихся инфраструктуры и процессов разработки."
Спрос рождает предложение: как потребности программистов выливались в языки программирования,https://habr.com/ru/companies/jugru/articles/659875/,2022,04,8392,"Про развитие программирования уже писано-переписано, и вряд ли можно сказать что-то принципиально новое. Однако полезно время от времени отрываться от текущих задач, окидывать взглядом прошлое и осознавать, как именно всё пришло в текущую точку. Легко воспринимать всё вокруг как данность, но когда разбираешься, понимаешь, по каким причинам что-то возникло. В истории было много витков, на каждом из которых языки программирования давали ответ каким-то запросам своего времени. Этот пост — «краткое содержание предыдущих серий», где эти витки собраны вместе (конечно, в очень упрощённом виде: в одном тексте все важные нюансы не расписать). А после него, окинув взглядом весь контекст, можно и на текущие задачи посмотреть по-новому. Какие новые запросы человечества видны сейчас, и какими станут новые языки программирования, отвечающие на них? Расскажите в комментариях, через десять лет проверим."
Использование Google Protocol Buffers (protobuf) в Java,https://habr.com/ru/companies/otus/articles/544204/,2021,02,36834,"Недавно вышло третье издание книги ""Effective Java"" («Java: эффективное программирование»), и мне было интересно, что появилось нового в этой классической книге по Java, так как предыдущее издание охватывало только Java 6. Очевидно, что появились совершенно новые разделы, связанные с Java 7 , Java 8 и Java 9 , такие как глава 7 ""Lambdas and Streams"" («Лямбда-выражения и потоки»), раздел 9 ""Prefer try-with-resources to try-finally"" (в русском издании «2.9. Предпочитайте try-с-ресурсами использованию try-finally») и раздел 55 ""Return optionals judiciously"" (в русском издании «8.7. Возвращайте Optional с осторожностью»). Но я был слегка удивлен, когда обнаружил новый раздел, не связанный с нововведениями в Java, а обусловленный изменениями в мире разработки программного обеспечения. Именно этот раздел 85 ""Prefer alternatives to Java Serialization"" (в русском издании «12.1 Предпочитайте альтернативы сериализации Java») и побудил меня написать данную статью об использовании Google Protocol Buffers в Java."
"PHP-Дайджест № 96 – интересные новости, материалы и инструменты (1 – 13 ноября 2016)",https://habr.com/ru/companies/zfort/articles/315178/,2016,11,16801,Предлагаем вашему вниманию очередную подборку со ссылками на новости и материалы. Приятного чтения!
Конференция по тестированию Гейзенбаг: Видеозаписи докладов-2016 и работа над ошибками в 2017-м,https://habr.com/ru/companies/jugru/articles/323628/,2017,03,6653,"Посмотрев на то, как выглядят конференции для тестировщиков, мы были удивлены: на каждой из них технологические вопросы отходили на второй план, а основной акцент делался на управление тестированием и качеством ПО. Эти конференции решали задачи PM'ов и CTO, а не разработчиков и тестировщиков-автоматизаторов. Плохо ли это? Конечно, нет. Suum cuique, как говорится. Однако, делая первый Гейзенбаг в Москве в прошлом году, мы решили исправить ситуацию и сделать из него первую чисто техническую конференцию для всех тех, кто на практике занимается тестированием: ведь это не только тестеры, это и большинство разработчиков (которым не все равно, что будет с их кодом). Набив некоторые шишки на первой попытке , мы учли полученный опыт, и 4 июня готовы сделать deep dive в технологии тестирования на Гейзенбаг 2017 Piter . А пока что мы делимся всеми видеозаписями докладов прошедшей конференции и рассказываем подробно, чего ждать от следующей."
Создаём GTK-видеоплеер с использованием Haskell,https://habr.com/ru/companies/vk/articles/338176/,2017,09,10596,"Когда мы в последний раз остановились на Movie Monad , мы создали десктопный видео-плеер, использующий все веб-технологии (HTML, CSS, JavaScript и Electron). Фокус был в том, что весь исходный код проекта был написан на Haskell. Одним из ограничений нашего веб-подхода было то, что размер видео-файла не мог быть слишком большим, в противном случае приложение падало. Чтобы этого избежать, мы внедрили проверку размера файла и предупреждали пользователя о превышении ограничения. Мы могли бы продолжить развивать наш подход с вебом, настроив бэкенд на стриминг видеофайла в HTML5-сервер, запустив параллельно сервер и Electron-приложение. Вместо этого мы откажемся от веб-технологий и обратимся к GTK+, Gstreamer и системе управления окнами X11."
IT-расклад для стажеров: пять направлений для твоей будущей карьеры,https://habr.com/ru/companies/avito/articles/922124/,2025,06,9823,"Привет, Хабр! Это команда стажировок Авито и мы подготовили простой тест для стажеров, которые не знают, как выбрать направление в IT. На стажировке в Авито начинающие инженеры могут за полгода дорасти до уровня junior в QA или Frontend-, Backend-, Android- и iOS-разработке. С первых дней на программе ты сможешь работать над реальными задачами рука об руку с более опытными коллегами. А что именно нужно будет делать и как подобрать наиболее подходящее направление развития — узнаешь из этой статьи."
"Нанимая, мы создаем команду. Удерживая, мы создаем историю! (часть 1)",https://habr.com/ru/articles/747230/,2023,07,1465,"В любой организации возникает необходимость построения процессов найма и удержания сотрудников. На основе моего 13-летнего опыта управления и развития IT проектов в сферах Food Tech и HR Tech, я неоднократно сталкивался с этим вызовом. Однако, создание эффективного коллектива требует соблюдения баланса: вы не только привлекаете и развиваете новичков, но и сохраняете опытных членов команды. Сотрудник, которого вы удержали в коллективе, с течением времени накапливает опыт и улучшает свои компетенции, всё лучше справляясь с задачами. Так формируется история команды, которая помогает достигать новых высот и успехов. Именно поэтому удержание сотрудников становится ключевым фактором достижения долгосрочных результатов. В этой статье я хотел бы поделиться личным опытом работы в крупных компаниях, как в России, так и за рубежом, и представить мой взгляд на то, как:"
Macromedia Flash: Взлет и закат технологии,https://habr.com/ru/articles/764710/,2023,10,19606,"Если никто не подведёт итог под историей Macromedia Flash, она рискует затеряться в хламе IT-подвала. Напомню, что “волшебный” плагин Flash player стоял практически на всех компьютерах мира. И в какой-то момент именно эта технология была лучшей для анимации, игр и мультимедиа.   В этой статье я расскажу историю технологии и добавлю историю от лица разработчика: что мы создавали, как работали,  плюсы минусы самой платформы и ключевые события. Ну и главное, почему Flash взлетела до массового распространения, а потом потерпела поражение и осталась в прошлом. И ответить на вечный вопрос “Кто виноват?” Иная версия вопроса: Зачем Стив Джобс убил Flash? Спойлер, Джобс не виноват."
"Нанимая, мы создаем команду. Удерживая, мы создаем историю! (часть 1)",https://habr.com/ru/articles/747230/,2023,07,1465,"В любой организации возникает необходимость построения процессов найма и удержания сотрудников. На основе моего 13-летнего опыта управления и развития IT проектов в сферах Food Tech и HR Tech, я неоднократно сталкивался с этим вызовом. Однако, создание эффективного коллектива требует соблюдения баланса: вы не только привлекаете и развиваете новичков, но и сохраняете опытных членов команды. Сотрудник, которого вы удержали в коллективе, с течением времени накапливает опыт и улучшает свои компетенции, всё лучше справляясь с задачами. Так формируется история команды, которая помогает достигать новых высот и успехов. Именно поэтому удержание сотрудников становится ключевым фактором достижения долгосрочных результатов. В этой статье я хотел бы поделиться личным опытом работы в крупных компаниях, как в России, так и за рубежом, и представить мой взгляд на то, как:"
Ruby is not Rails,https://habr.com/ru/articles/45746/,2008,11,4974,"Последнее время о Ruby начали думать только как о Ruby on Rails . Но в мире Ruby ещё много красивых и иногда уникальных вещей. Поэтому, в целях борьбы с предрассудками, хочу вкратце рассказать о отличных и необычных Ruby-проектах."
Организация автоматизированного тестирования GUI,https://habr.com/ru/articles/54614/,2009,03,15374,"При разработке мы стараемся покрывать наш код не только матом, но и unit тестами. Однако все покрыть тестами не всегда получается. К тому же, остается GUI , для которого написание тестов довольно трудоемкая работа. При всех этих проблемах неизменным остается требование, что каждый следующий камит в репозиторий не должен портить уже существующий функционал. В этой статье я хочу рассказать какой инструментарий мы используем для тестирования наших desktop приложений, написанных на Qt. Пол года назад в ходе исследования инструментов для тестирования GUI в поле моего зрения попал продукт Squish компании froglogic. Из плюсов данного решения можно отметить следующие: тесная дружба Squish c классами Qt (в том числе и itemы в QGraphiscScene); кроссплатформенность; поддержка скриптовых языков (JavaScript, Python); автоматизированная генерация текста теста; удобная система запуска тестов из консоли."
Реальное применение WebRTC в сервисах IP-телефонии,https://habr.com/ru/articles/158543/,2012,11,20831,"На Хабре уже сообщалось о технологии WebRTC (Web Real-Time Communications). Стандарту WebRTC, который в настоящее время находится еще в черновом варианте, пророчат большое будущее, и в дальнейшем развитие Интернета и веб-технологий он вполне готов повторить путь Skype. WebRTC может быть использован для создание принципиально новой категории веб-приложений, способных работать с голосовым и видео трафиком без задействования сторонних технологий и программ, с использованием только HTML5 и JavaScript, что существенно облегчит разработчикам создание приложений."
Мой опыт проведения курсов по Java для новых сотрудников,https://habr.com/ru/articles/338104/,2017,09,9784,"Всем привет! Сегодня практика ведения курсов перед трудоустройством достаточно распространена во многих компаниях, я и сам когда-то начинал свою карьеру с прохождения обучения, но мне всегда было интересно попробовать себя в качестве преподавателя. И этой весной я узнал, что в нашей компании весной-летом пройдут курсы по итогам которых команды пополнятся бойцами по ряду направлений: Android, Java, Javascript и QA. По предложению руководителя отдела, мне и моим коллегам выпала возможность провести курсы по направлению Java. О деталях этого увлекательного мероприятия я и хотел бы рассказать дорогому Хабру."
Выпуск фреймворка Qt 5.8,https://habr.com/ru/articles/320284/,2017,01,25664,"Сегодня, спустя 7 месяцев с момента предыдущего значительного выпуска, вышла версия 5.8 кроссплатформенного фреймворка Qt. Qt позволяет разрабатывать приложения при помощи C++ и декларативного языка программирования QML, поддерживает все основные десктопные и мобильные платформы, а также некоторые встраиваемые и имеет открытый исходный код. Существует коммерческая версия Qt, содержащая дополнительные проприетарные модули. В этом выпуске появилась новая система конфигурации, позволяющая включить в сборку только необходимый функционал (Qt Lite), стабилизация некоторых экспериментальных модулей, а также новые экспериментальные модули и удаление устаревших."
Dart Summit 2018: основные мысли,https://habr.com/ru/companies/wrike/articles/348254/,2018,02,4019,"Больше недели назад прошла крупнейшая и самая важная конференция по языку Dart . Ваш покорный слуга там был (и даже немного постоял на сцене), так что перед вами отчёт о том, как это было. Весьма субъективный надо сказать. Тут всё вперемежку: новости о языке, мои собственные впечатления, фоточки и прочее, так что если интересно — заходите."
The Browser Exploitation Framework Project: от XSS до полного контроля,https://habr.com/ru/companies/owasp/articles/348928/,2018,02,14129,"BeEF (сокращение от Browser Exploitation Framework) – платформа для эксплуатации клиент-сайд уязвимостей, таких как XSS (cross-site scripting). Эксплуатации XSS уязвимостей зачастую уделяется мало внимания, т.к. вектора атаки нацелены на пользователей веб-приложения, а не на веб-приложение или веб-сервер. BeEF позволяет реализовывать атакующие векторы, использующие в качестве точки входа веб-браузер. Такие атаки могут использоваться в контексте watering hole и spear phishing атак, а также в контексте APT ."
Почему не SQL?,https://habr.com/ru/companies/lsfusion/articles/463095/,2019,08,74251,"Без преувеличения можно сказать, что SQL — один из самых распространенных в мире языков. Информационные системы могут быть написаны на Java, Python, JavaScript, C#, PHP и десятке других языков, но SQL база в том или ином виде будет в абсолютном большинстве таких систем. Среди бизнес-приложений процент систем, использующих SQL, вообще стремится к 100%. При этом большинство существующих материалов о SQL на хабре и других ресурсах сводятся к простым вопросам, вроде: «какие типы соединений бывают», «чем левое соединение отличается от правого», «что такое триггеры» и так далее. Более того, в этих материалах практически ничего не говорится о проблемах SQL (и его реализациях), которых на самом деле очень и очень немало. Поэтому мы решили восполнить оба этих пробела: с одной стороны рассказать, как многие вещи в SQL работают изнутри, а с другой стороны — почему они работают не так как нужно / хотелось бы. При этом речь в статье пойдет не о «вкусах и цветах фломастеров». Все затрагиваемые проблемы носят фундаментальный характер: присутствуют при разработке практически любой информационной системы и не ограничиваются «красотой кода», а в той или иной степени приводят либо к критическому падению производительности, либо к существенному росту порога вхождения, либо к значительным трудозатратам со стороны разработчика."
Громкая история браузера Opera,https://habr.com/ru/articles/312852/,2016,10,31144,
Java-дайджест за 17 января. Две первые недели нового года,https://habr.com/ru/companies/jugru/articles/484340/,2020,01,9319,"Появился шрифт JetBrains Mono — приятный и красивый шрифт для разработчиков Вышел плагин для интеграции GitLab с IntelliJ IDEA. Теперь можно делать код-ревью прямо в вашей любимой IDE! В Java-плагине для Visual Studio Code добавили кучу важных ништяков (действительно влияющих на качество жизни). Теперь в браузере файлов есть компактизация папок в привычный нам вид (как в Идее), у методов можно смотреть иерархию вызовов, в отладчике можно ставить брейкпоинты с условием (сработают, только если выполнилось условие), запускатор тестов визуально отображает статус теста (не нужно постоянно смотреть логи), и еще много всего. Вышел Repeat 5.4 , кроссплатформенный (Mac/Lin/Win) инструмент для хоткеев, макросов и автоматизации, на 70% написанный на Java. 442 коммита, 574 звездочки, проект пользуется массовой любовью и обожанием у своей узкой аудитории. Разрабатывается ровно одним человеком."
Работа с кодом: три открытых инструмента,https://habr.com/ru/companies/1cloud/articles/507490/,2020,06,7058,Расскажем о паре текстовых редакторов и утилите для оформления кода в документации. Больше инструментов для разработчиков: API и UI-элементы
Обзор популярных AR-фреймворков,https://habr.com/ru/companies/lodoss/articles/358780/,2018,05,15624,"Привет! Недавно мы осознали, что доросли до корпоративного блога на Хабре, хотя на рынке разработки трудимся уже десять лет. За это время успели набить множество шишек и поднакопить жизненного опыта. В нашей команде сейчас есть энтузиасты, которые готовы делиться экспертизой и обсуждать здесь свои любимые темы с коллегами. Мы планируем рассказывать в нашем блоге про: дополненную реальность; блокчейн и все, что с ним связано; высоконагруженные сайты и сервисы (наш любимый раздел); мобильную разработку; опыт создания ИТ-продуктов на заказ. Для первого поста мы подготовили обзор некоторых популярных кроссплатформенных AR-фреймворков, существующих на начало 2018 года."
"Как разобраться новичку, какой язык выбрать для желаемой профессии?",https://habr.com/ru/companies/vyshtech/articles/490766/,2020,03,5518,"Дисклеймер: данный текст не рекомендован к прочтению детям до 13 лет (для них нужно устанавливать отдельную политику конфиденциальности), сеньорам, мидлам, людям со слабой психикой, любителям VBA и языка АЛГОЛ, а также беременным женщинам. Все изложенное является личным мнением неадекватного автора и не изложено здесь с целью посеять рознь среди адептов статической и динамической типизации. Поехали: new Thread().start()"
Centrifugo — новости не в реальном времени,https://habr.com/ru/companies/avito/articles/491738/,2020,03,12077,"Время идёт, а я под действием центробежной силы всё так же продолжаю двигать вперёд тележку под названием Centrifugo . Последний раз я писал о проекте в преддверии релиза второй версии , там было несколько обещаний, и по факту все заявленные фичи в итоге вошли в релиз."
Декомпиляция node.js в Ghidra,https://habr.com/ru/companies/pt/articles/514292/,2021,04,8716,"Приветствую, Вам когда-нибудь хотелось узнать, как же именно работает программа, которой вы так активно пользуетесь, игра, в которую часто играете, прошивка какого-нибудь устройства, которое что-то делает по расписанию? Если да, то для этого вам потребуется дизассемблер. А лучше — декомпилятор. И если с x86-x64, Java, Python ситуация известная: этих ваших дизассемблеров и декомпиляторов полным-полно, то с другими языками всё обстоит немного сложнее: поисковые машины уверенно утверждают — « It's impossible ». Что ж, мы решили оспорить данное утверждение и произвести декомпиляцию NodeJS, а именно выхлоп, который выдаёт npm-пакет bytenode . Об этом подробнее мы и расскажем по ходу статьи. Заметим, что это уже вторая статья в серии о нашем плагине для Ghidra (первый материал был также опубликован в нашем блоге на Хабре). Поехали."
Как я одержал победу над создателем чита для MMO-игры,https://habr.com/ru/companies/ruvds/articles/855258/,2024,11,18446,"В конце 2000-х я работал в нишевой компании, разрабатывавшей MMO-игру. У нас была небольшая команда и скромная прибыль, зато верная аудитория. Игра опиралась именно на навыки, не предлагая привычных усилений, и игрокам такая система нравилась. Так вот, однажды до нас дошли слухи, что для нашей игры появился чит, который начал вызывать у игроков негодование. На тот момент у нас трудилось всего четыре программиста, а поскольку этот факт кому-то нужно было расследовать, я выступил добровольцем. Игроки были уверены, что противникам удавалось убить их в игре исключительно благодаря читу. Мы старались убедить людей, что изучаем проблему, но при этом понятия не имели, насколько велик её масштаб."
"Maskito: то, что вы давно искали",https://habr.com/ru/companies/tbank/articles/850790/,2024,10,4607,"Во фронтенде часто попадаются сложные формы. Создавая их, мы хотим, чтобы пользователю было удобно все заполнять. Числа нужно правильно форматировать, чтобы с первого взгляда было видно, что нет лишнего нолика. Когда вводишь номер кредитной карты, сверять его удобно блоками по 4 цифры, как он напечатан на пластике. Пользователь может вбивать номер телефона, дату рождения, номер паспорта и тому подобное — существует масса случаев, когда пользовательский ввод нужно форматировать на лету. Этим занимается маска. Найти хорошее решение данной задачи — дело непростое. Часто библиотеки маскирования могут разочаровывать как разработчиков, так и пользователей. Общие проблемы включают скачущий курсор, трудности с добавленными символами, такими как дефисы или скобки, автозаполнение браузера, ошибки в серверной отрисовке и запутанный API. Нас эти проблемы тоже не обошли стороной, и в какой-то момент мы взялись за разработку собственного решения. Сегодня я хотел бы рассказать, почему оно заслуживает вашего внимания."
Почему Racket? Почему Lisp?,https://habr.com/ru/articles/851552/,2024,10,3346,"Великолепный Racket и практичный Typography стали возможны благодаря издательской системе под названием Pollen. Я создал Pollen с помощью языка программирования Racket. Racket является потомком Scheme, который, в свою очередь, является потомком Lisp"
Анонс митапа Sync.NET #3,https://habr.com/ru/companies/nix/articles/314196/,2016,11,2735,
"Реализация мультиплеера в игре. Сравнение возможностей Game Center, Steamworks и GameSparks",https://habr.com/ru/articles/316706/,2016,12,17662,"Игры с многопользовательским режимом значительно интересней аналогичных игр без него. Но реализация мультиплеера подразумевает под собой наличие своего сервера, кода, реализующего сетевое взаимодействие, матчмекинг и многое другое. К счастью, существует множество готовых решений. В ходе разработки своей игры я опробовал следующие варианты: Game Center (игры под iOS) Steamworks (игры для Steam) GameSparks (кроссплатформенное решение) Под катом я расскажу про каждый из этих вариантов, основные возможности, возникшие трудности, плюсы и минусы. От кусков кода я воздержусь. Все есть в документации."
"Кто реально угрожает C++ (нет, Rust, не ты)",https://habr.com/ru/articles/811151/,2024,04,81340,"Привет! Меня зовут Александр Каленюк, и я крепко подсел на C++. Пишу на C++ 18 лет кряду, и все эти годы отчаянно пытаюсь избавиться от этой разрушительной зависимости. Всё началось в конце 2005 года, когда мне довелось писать движок для симуляции 3D-пространства. В этом движке было буквально всё, чем язык C++ мог похвастаться в 2005 году. Трёхзвёздочные указатели, восьмиуровневые зависимости, C-подобные макросы повсюду. Кое-где – вкрапления ассемблера. Итераторы в стиле Степанова и мета-код в стиле Александреску. В общем, всё. Кроме ответа на самый важный вопрос: зачем?"
Первый год в Rust — история любви,https://habr.com/ru/articles/818813/,2024,06,3846,"Много лет назад я учился в Политехническом университете и уже думал о том, чем хочу заниматься, но не знал, чем именно. Поковырялся в html, css и js, написал несколько простых телеграм-ботов на питоне (с тех пор они канули в Лету), потом сделал то же самое на Java. Я много чего успел сделать, но видел, что стою жестко на одном месте, застрял в учебном аду, а работа в лаборатории не получается, поэтому синдром самозванца взял надо мной верх и я работал в службе поддержки клиентов. Но во время пандемии 2020 года я оказался в информационном поле Linux и с тех пор сильно вник в Linux. В этом году ради общности и системности, чтобы делать задачи, а не придумывать их, потому что та или иная ответственность, я искал «веб-разработку для начинающих» и нашел наставника. Сначала мы обсуждали варианты реактивного кодирования, но затем наставник спросил, что меня интересует, и я сказал, что в целом интересуюсь разработкой программного обеспечения, а мысли о ржавчине/++ отложил в долгий ящик. Итак, я начал писать Rust для проекта Retina в Norcivilian Labs. Retina — сервис для выявления на изображениях ретинопатии — заболевания глаз. Бэкенд, на котором работает сверточная нейронная сеть, уже реализован, но мы пишем для него десктопный и мобильный клиент. Сначала мы работали с Nix и Linux. Для того, чтобы начать участвовать в проекте, нам нужно было всё настроить. Я установил NixOS, настроил его и зарегистрировался в нашем проекте на GitLab. Мы сразу же столкнулись с ошибками и добавили сопоставление с образцом в Nix flake для запуска оболочки кроссплатформенной разработки."
Строим свой WYSIWYG с помощью LexicalJs,https://habr.com/ru/companies/beeline_tech/articles/825316/,2024,07,4308,"На хабре переодически появляются статьи про библиотеки для построение своего WYSIWYG редактора. Такая потребность появилась и в моей команде - «билайн дом», для создания новостей. В этой статье взглянем на них более общим взглядом и дополнительно разберем библиотеку LexicalJs ."
Интересное по хабу .Net за 2014 год,https://habr.com/ru/companies/clrium/articles/247269/,2015,01,26232,"Мы с вами люди рабочие и зачастую не замечаем ничего что происходит за пределами нашей работы. Так и я, работая изо дня в день, знаю только про свой SpecFlow и смежные вопросы. Но ничего – по сторонам. Этим постом я хочу восполнить пробелы новостей в области .Net Новости хаба .Net на Хабре занимают 33 страницы или 328 постов. Что говорит о том что новости появляются почти каждый день =) Посмотрим на самое интересное из них (на мой скромный взгляд). Ну и загляните под кат: до ката, конечно же, не все. Доступен новый JIT: теперь с поддержкой SIMD Как работает декомпиляция в .Net или Java на примере .Net Microsoft раскрыла исходный код компилятора С# Consulo: ~1000 коммитов, или как прошла осень Под капотом у Stopwatch Как тестировать код финализатора (c#). Послесловие: тест все-таки упал"
Что спрятано внутри онлайн-касс: разработка фискального регистратора,https://habr.com/ru/articles/354442/,2018,04,20248,"Мало кто задумывается, делая покупки в магазине, как работает техника кассира. На самом деле это хорошо отлаженный механизм не только с технической точки зрения, но и с точки зрения законодательства. Все знают, что главное получить чек, а вот почему чек является фискальным документом, подтверждающим покупку — в основном знают только сами предприниматели. В этой статье мы поделимся опытом разработки кассового аппарата и расскажем, как там всё устроено изнутри."
Как начинающему программисту попасть в геймдев? Советы специалистов краснодарской студии Plarium,https://habr.com/ru/companies/plarium/articles/326534/,2017,04,24207,
"Шоу, учебник, справочник и договор: анонс бесплатной YouTube-трансляции Heisenbug 2017 Moscow",https://habr.com/ru/companies/jugru/articles/343948/,2017,12,4302,"Коротко о событии Конференция: Heisenbug 2017 Moscow Дата: 8-9 декабря 2017 года Бесплатная трансляция (только первый зал): страница трансляции на официальном сайте . Какой самый частый вопрос в комментариях на Хабре? «Будет ли запись?» Сразу возьмём быка за рога: запись будет, как всегда, через 3-4 месяца. Но из тех, кто задавал вопрос, смотреть её будет едва ли половина. Чтобы понять, почему так происходит, нужно разобраться — как мы смотрим видео с конференций, зачем это вообще нужно?"
Первый байндинг для Exonum: почему мы выбрали Java,https://habr.com/ru/companies/bitfury/articles/423441/,2018,09,5461,"Ядро нашего фреймворка для разработки приватных блокчейнов Exonum написано на Rust, поскольку этот ЯП ориентирован на безопасность работы с памятью. Однако наряду со многими преимуществами, Rust имеет ряд особенностей, усложняющих «взаимодействие» с ним: его синтаксис непривычен для многих разработчиков, а порог вхождения довольно высок. Чтобы упростить работу с платформой Exonum и сделать её более доступной для аудитории, мы решили написать байндинг-библиотеку. Языком для байндинга стал Java. Почему мы выбрали Java, рассказываем под катом."
GitHub Package Registry будет поддерживать пакеты Swift,https://habr.com/ru/companies/microsoft/articles/459098/,2019,07,2259,"10 мая мы запустили ограниченный бета-тест GitHub Package Registry, службы управления пакетами, которая позволяет легко публиковать публичные или частные пакеты рядом с исходным кодом. В настоящее время сервис поддерживает знакомые инструменты управления пакетами: JavaScript (npm), Java (Maven), Ruby (RubyGems), .NET (NuGet), образы Docker, а также многое другое. Рады анонсировать, что добавим поддержку пакетов Swift в GitHub Package Registry. Пакеты Swift позволяют легко делиться вашими библиотеками и исходным кодом в собственных проектах и с сообществом Swift. Работать над этим мы будем в партнерстве с ребятами из Apple."
Язык программирования J. Взгляд любителя. Часть 1. Введение,https://habr.com/ru/articles/198052/,2013,10,21535,"Дейкстра: А как вы запишите более сложное выражение? Например, сумму всех элементов матрицы, которые равны сумме индексов соответствующих строк и столбцов. Айверсон: + + / (M = ?1 ^(o)+ ?1) M// (Кеннет Айверсон — создатель языков APL и J) 1. Быстрый старт Перед тем как APL получил свое название, он назывался «нотация Айверсона». Однако Кен считал, что название должно звучать просто как «Нотация». И в самом деле, мы же не говорим «трава Бога», мы говорим просто «трава». Paul Berry Отличительными особенностями языка программирования J можно назвать: векторная арифметика предельная лаконичность обширная стандартная библиотека, предназначенная в частности для статистической обработки данных наличие в стандартной библиотеке функций для рисования 2d графиков и 3d поверхностей, а также примитивов для создания графического интерфейса подробнейшая и разнообразнейшая документация и примеры Можно сказать, что J находится в той же нише, что и Matlab и R. Но есть одно «но» — синтаксис языка. Приведем один из самых распространенных учебных примеров всех введений и туториалов J: mean =: +/%# В данном примере определяется новая функция (на языке J это называется «глаголом») «mean», которая рассчитывает среднее значение в массиве чисел."
Под капотом бота-клиента Яндекс.Музыки,https://habr.com/ru/articles/487428/,2020,02,19146,"Введение Привет, Хабр! Вновь я с уже второй статьей, затрагивающей API Яндекс.Музыки. Дело запланированное и упоминалось в первой статье . Руки дошли, дело сделано. Сегодня я расскажу об интересных, на мой взгляд, моментах, которые присутствуют в кодовой базе моего Telegram бота, позиционирующего себя как полноценный клиент я.музыки. Ещё мы затронем API для распознавания музыки от Яндекс. Перед тем, как приступить к попунктному рассказу реализации той или иной вещи, стоило бы иметь представление о самом боте и его функциональных возможностях. Видеодемонстрация клиента В основной части я расскажу про следующее: Авторизация в аккаунт через сайт на GitHub Pages (зачем и почему). Формат данных, его упаковка и использование в данных для кнопок. Роутинг апдейтов, версионность данных, прокидывание контекста в обработчики. Сервисы: Сервис перезаливки трека в Telegram. Сервис «подписок» на получение трека с отправкой статуса о загрузке. Наипростейшая и элегантная реализация кэширования запросов. Распознавание трека по голосовому сообщению и как это вообще появилось в боте. Мелкие заметки. Если Вас заинтересовал хоть один пункт — добро пожаловать под кат."
Выпуск фреймворка Qt 5.5,https://habr.com/ru/articles/261619/,2015,07,30355,"Вчера, после шести месяцев разработки, вышла версия 5.5 кроссплатформенного фреймворка Qt. Qt позволяет разрабатывать приложения при помощи C++ и декларативного языка программирования QML, поддерживает все основные десктопные и мобильные платформы, а также некоторые встраиваемые и имеет открытый исходный код. Существует коммерческая версия Qt, содержащая дополнительные проприетарные модули. По сравнению с предыдущей версией, в 5.5 было внесено около 1500 исправлений и добавлен новый функционал. За подробностями прошу под кат."
JSON Schema и ее использование для валидация JSON-документов в C++,https://habr.com/ru/articles/276305/,2016,02,74596,"В данной статье описывается стандарт JSON Schema и его использование для проверки соответствия заданному формату на языке C++ средствами библиотеки valijson . Немного истории Для начала вспомним, что привело к повсеместному вытеснению JSON-ом XML-а и что в этом было плохого. XML изначально создавался как метаязык разметки документов, позволяя использовать унифицированный код парсера и валидатора документов. Будучи первым стандартом такого рода, да еще и пришедшимся на период бурного внедрения цифровых корпоративных информационных систем, XML послужил основой для бесчисленного множества стандартов сериализации данных и протоколов взаимодействия, т.е. хранения и передачи структурированных данных. Тогда как создавался он прежде всего для разметки документов."
Эволюция архитектуры интернет-телефонии Quadcode,https://habr.com/ru/companies/quadcode/articles/680760/,2022,09,2407,"На протяжении нескольких лет в нашу интернет-телефонию по кусочкам добавлялась разная функциональность. В итоге мы оказались в точке, где единственным плюсом сложившейся VoIP-архитектуры была её надёжность. При этом внесение любых изменений вызывало головную боль, а успешный результат их внедрения в прод никогда не был гарантирован. Мы решили это исправить и за год написали новое решение."
Выпуск фреймворка Qt 5.6,https://habr.com/ru/articles/279731/,2016,03,20924,"На прошлой неделе, после девяти месяцев разработки, вышла версия 5.6 кроссплатформенного фреймворка Qt. Qt позволяет разрабатывать приложения при помощи C++ и декларативного языка программирования QML, поддерживает все основные десктопные и мобильные платформы, а также некоторые встраиваемые и имеет открытый исходный код. Существует коммерческая версия Qt, содержащая дополнительные проприетарные модули. Новый выпуск принес длительный срок поддержки, новые экспериментальные модули (и удаление устаревших), поддержку новых платформ, а также новый тарифный план для стартапов в коммерческой версии Qt."
Обзор популярных AR-фреймворков,https://habr.com/ru/companies/lodoss/articles/358780/,2018,05,15624,"Привет! Недавно мы осознали, что доросли до корпоративного блога на Хабре, хотя на рынке разработки трудимся уже десять лет. За это время успели набить множество шишек и поднакопить жизненного опыта. В нашей команде сейчас есть энтузиасты, которые готовы делиться экспертизой и обсуждать здесь свои любимые темы с коллегами. Мы планируем рассказывать в нашем блоге про: дополненную реальность; блокчейн и все, что с ним связано; высоконагруженные сайты и сервисы (наш любимый раздел); мобильную разработку; опыт создания ИТ-продуктов на заказ. Для первого поста мы подготовили обзор некоторых популярных кроссплатформенных AR-фреймворков, существующих на начало 2018 года."
Громкая история браузера Opera,https://habr.com/ru/articles/312852/,2016,10,31144,
Мой опыт проведения курсов по Java для новых сотрудников,https://habr.com/ru/articles/338104/,2017,09,9784,"Всем привет! Сегодня практика ведения курсов перед трудоустройством достаточно распространена во многих компаниях, я и сам когда-то начинал свою карьеру с прохождения обучения, но мне всегда было интересно попробовать себя в качестве преподавателя. И этой весной я узнал, что в нашей компании весной-летом пройдут курсы по итогам которых команды пополнятся бойцами по ряду направлений: Android, Java, Javascript и QA. По предложению руководителя отдела, мне и моим коллегам выпала возможность провести курсы по направлению Java. О деталях этого увлекательного мероприятия я и хотел бы рассказать дорогому Хабру."
Dart Summit 2018: основные мысли,https://habr.com/ru/companies/wrike/articles/348254/,2018,02,4019,"Больше недели назад прошла крупнейшая и самая важная конференция по языку Dart . Ваш покорный слуга там был (и даже немного постоял на сцене), так что перед вами отчёт о том, как это было. Весьма субъективный надо сказать. Тут всё вперемежку: новости о языке, мои собственные впечатления, фоточки и прочее, так что если интересно — заходите."
The Browser Exploitation Framework Project: от XSS до полного контроля,https://habr.com/ru/companies/owasp/articles/348928/,2018,02,14129,"BeEF (сокращение от Browser Exploitation Framework) – платформа для эксплуатации клиент-сайд уязвимостей, таких как XSS (cross-site scripting). Эксплуатации XSS уязвимостей зачастую уделяется мало внимания, т.к. вектора атаки нацелены на пользователей веб-приложения, а не на веб-приложение или веб-сервер. BeEF позволяет реализовывать атакующие векторы, использующие в качестве точки входа веб-браузер. Такие атаки могут использоваться в контексте watering hole и spear phishing атак, а также в контексте APT ."
Что почитать на досуге. Дайджест новостей игровой индустрии за сентябрь,https://habr.com/ru/companies/plarium/articles/239991/,2014,10,26522,"Первый осенний месяц был насыщенным как в отношении релизов, так и интересных конференций. Если ты всё пропустил, предлагаю запастись пледом, чаем, теплым котом и почитать, что интересного произошло в игровой индустрии в сентябре."
Cocos2d-x: Пишем на Lua,https://habr.com/ru/articles/232013/,2014,08,36874,
Где используется кодогенерация,https://habr.com/ru/articles/23795/,2008,04,10582,"Меня поразило то, что так много людей в комментариях к предыдущей статье высказывают мнение о том, что кодогенерация — это неправильная техника. Давайте посмотрим на некоторые примеры того, как она используется сейчас."
Открытые инструменты для GPU-вычислений,https://habr.com/ru/companies/ru_mts/articles/840904/,2024,09,3197,"Вычисления на GPU могут быть полезны многим разработчикам, поскольку они позволяют повысить производительность кода. Эта технология доступна, но для ускорения выполнения кода или создания красочной визуализации нельзя просто перенести вычисления с CPU на GPU — для этого требуются специальные компиляторы и библиотеки. Сегодня собрали несколько интересных решений, которые пригодятся в разнообразных задачах: от ускорения высоконагруженных вычислений до генерации графики."
Test Doubles в интеграционных тестах на ASP.NET Core,https://habr.com/ru/articles/871614/,2025,01,1771,"Интеграционные тесты ( англ. Integration tests) занимают промежуточное положение между модульными и сквозными. Они отлично подходят на роль приёмочных тестов backend-сервиса. Но что делать, если тестируемый сервис активно использует внешние API? Заменять их тестовыми дублёрами. В статье мы разберём конкретный пример на .NET 8 и ASP NET Core и напишем для него приёмочные тесты."
"Собрал в одном большом гайде всё, что хотел бы знать, когда изучал язык C",https://habr.com/ru/companies/ncloudtech/articles/871748/,2025,01,58084,"Очевидный факт: язык C — это основа большого количества современных экосистем программирования. Он обеспечивает фундамент многих операционных систем, базовых библиотек и системных инструментов. При этом все еще не существует единого ресурса, который последовательно и связно отвечает на важные вопросы, возникающие при изучении C: окружающая экосистема разработки языка, выбор инструментов, переносимость кода, управление зависимостями и глубокие аспекты работы. Своим постом автор Jenny Jam* пытается заполнить этот пробел. Он рассуждает, когда C — идеальный выбор, а когда лучше обратиться к другим языкам. Описывает, как настроить среду разработки и выбрать инструменты, разобраться в версиях, особенностях сборки и тонкостях работы с библиотеками. Цель статьи — упорядочить представление о языке C и его экосистеме, и, конечно, дать практические советы, которые пригодятся в реальных проектах. *Обращаем ваше внимание, что позиция автора может не всегда совпадать с мнением МойОфис"
Падение зарплат и конкуренция с азиатскими специалистами – главные тренды в 2025 году,https://habr.com/ru/companies/outlines_tech/articles/871860/,2025,01,25310,"Рынок IT в России меняется. Высокие доходы, широкие возможности и свобода выбора постепенно превращаются в воспоминания. Зарплаты растут, но не такими темпами, как раньше – 10% в год уже «успех». Но при этом сохраняется основная боль – кадровый голод. Какие вызовы готовит нам 2025 год? Всем привет, меня зовут Степан и я Delivery manager компании Outlines Tech . В статье разберу основные тенденции, которые, на мой взгляд, будут активно влиять на IT в следующем году. Поговорим о зарплатах, дефиците опытных специалистов, хайпе вокруг ИИ, очередном витке low-code и no-code платформ, а также порассуждаем о влиянии лобби офисных владельцев на наш формат работы. Где деньги: что с зарплатами и индексацией Одна из главных тенденций в IT – падение индексации зарплат. Опрос hh.ru и K2Cloud показал, что 38% компаний планируют отказаться от повышения зарплат в этом году. Часть крупных корпораций жалуются на «неадекватные ожидания» по отдельным стекам, которые невозможно удовлетворить. Конечно, рост зарплат полностью не остановится. Но он будет значительно меньше чем, например, 5 лет назад в эпоху ковида и «технологического бума». По данным TAdviser , зарплаты в IT за последние два года выросли всего на 15%. Для сравнения, только за один 2022 рост был 11%. При этом, Максут Шадаев, глава Минцифры, отмечает, что темпы роста рынка превышают его фактические возможности, что привело к его перегреву. По мнению министра, компании в следующем году начнут пересматривать свои планы и расходы. На зарплаты в российском IT-секторе влияют и сложности с глобализацией – она уже не оказывает прежнего влияния на внутренний рынок. Во-первых, появилось много препятствий для российского паспорта: зарубежные работодатели банально не хотят связываться с откровенно токсичным активом. И это несмотря на то, что компетенция российских специалистов выше европейских, а зарплатные ожидания ниже. И выяснил я это на своем личном опыте. Вообще, у меня есть замечательная история на тему зарплатных ожиданий – когда-то я устраивался в дубайский стартап, где мне предложили 6500 евро, что для меня было огромной суммой. При устройстве я сказал девушке-рекрутеру, что буду жить как король с такой зарплатой. Но тут она выдала мне «базу» – специалист с британским гражданством получает 9500 евро, а с американским 11000. И все это с одинаковым уровнем компетенций. А сейчас у россиян появилась еще одна проблема – индусы, пакистанцы и другие азиаты с еще более низкими зарплатными ожиданиями."
Security Week 2512: кибератаки на гостиничный бизнес,https://habr.com/ru/companies/kaspersky/articles/891608/,2025,03,748,"На прошлой неделе компания Microsoft опубликовала подробный отчет о кибератаках, ориентированных на владельцев гостиниц, зачастую неизбежно работающих с сервисом Booking.com. Целью атак является кража учетной записи в этом сервисе с последующим доступом к платежным средствам и, возможно, атакам уже на гостей. Интересной особенностью данной киберкриминальной кампании является использование достаточно популярного в последнее время приема, когда под видом «верификации пользователя» жертве предлагают скопировать и запустить вредоносный скрипт. Для этих атак наконец-то придумали название: ClickFix. Термин намекает на еще один метод маскировки кибератаки: под средство решения каких-то надуманных проблем с компьютером."
Разработка Python-скрипта с live-счётчиком подписчиков для сайта,https://habr.com/ru/companies/piter/articles/897486/,2025,04,3016,"Альтернатива традиционному веб-скрейпингу с использованием AppleScript и OCR На своем личном сайте я отображаю «живой» счетчик общего количества подписчиков на различных платформах: LinkedIn, GitHub, YouTube, Instagram, Twitter, Medium и Facebook. Я стараюсь геймифицировать социальные сети для себя, и точный подсчет подписчиков и данных играет ключевую роль в достижении этой цели. Смотрите вживую здесь . «Живой» счетчик подписчиков на моем сайте."
20 лет работы над одним продуктом,https://habr.com/ru/companies/ruvds/articles/886284/,2025,03,10030,"В феврале 2005 я выпустил первую версию своей программы PerfectTablePlan , предназначенной для планирования рассадки гостей за столами. В этом месяце ей стукнуло уже 20 лет. Тогда это был другой мир, мир Windows, условно-бесплатного ПО и CD-дисков. С тех пор очень многое изменилось, но PerfectTablePlan на сегодня уже достигла версии 7 и чувствует себя уверенно."
IRC. Первый мессенджер в истории,https://habr.com/ru/articles/582676/,2021,10,27248,"Время рождения протокола IRC хорошо ощущается по одному факту: у IRC нет официального логотипа. Видимо, в конце 80-ых уделяли мало внимания красивой обложке программного обеспечения. Несмотря на это, IRC — настоящий титан своей ниши среди современников того времени: синхронизированная работа нескольких серверов в рамках одной IRC-сети, различные роли пользователей, групповые чаты, личные сообщения, простота разработки ботов, крайне низкое потребление системных ресурсов сервера. Если вы давно забыли про ""ирку"", либо вовсе никогда не имели с ней дело — эта статья адресована вам."
Прокачка статического анализа проектов на Unreal Engine 4 и проверка автосимулятора Carla,https://habr.com/ru/companies/pvs-studio/articles/590305/,2021,11,3209,Одним из механизмов статического анализа является аннотирование методов популярных библиотек. Аннотации позволяют обладать большей информацией при диагностировании ошибок в коде. Впечатляющий свободный проект на С++ CARLA помог нам внедрить этот механизм. Впоследствии симулятор стал целью для проверки улучшенным статанализатором PVS-Studio.
Четыре основных цифровых продукта РСХБ-Интех,https://habr.com/ru/companies/rshb/articles/745164/,2023,06,4051,"Сегодня сложно представить бизнес в России и во всем мире без присутствия технологических новинок и цифровых процессов. Клиенты становятся более требовательны к цифровым услугам, да и внутри компаний для улучшения рабочих процессов нужно идти в ногу со временем. В этом смысле банки и вся финтех сфера всегда были в авангарде. Банк может работать либо исключительно онлайн, либо проводить подавляющую долю всех процессов может в цифровом виде. Сегодня расскажем о четырех основных цифровых решениях Россельхозбанка (РСХБ), собранных и поддерживаемых нашими специалистами."
Sencha Animator — средство для создания анимации средствами CSS и HTML,https://habr.com/ru/articles/107069/,2010,10,5433,
От регионального к межконтинентальному CodeFest 2014,https://habr.com/ru/companies/2gis/articles/215315/,2014,03,3741,"Согласно исторической заметке, первый CodeFest был очень домашним , а по части докладов — очень региональным. Почти все докладчики тогда были новосибирские, как и подавляющее большинство участников. Наверное, именно так и рождается любая региональная конференция. Однако с годами процент новосибирских участников становился всё меньше, а процент гостей — всё больше, и пришло к нам понимание, что пора осваивать новые горизонты. В прошлом году мы попробовали расширить границы, и получилось недурно : помимо всеми любимых русскоговорящих звёзд, мы попробовали заманить в столицу Сибири нескольких англоговорящих спикеров, и они, к нашему удивлению, приехали. Программа этого года начнётся с выступления James A. Whittaker, в прошлом технический директор Google, в настоящем — евангелист и сотрудник Microsoft. Джеймс откроет конференцию выступлением про будущее интернета « A Future Worth Wanting »."
Blend4Web vs Unity. Битва за Интернет,https://habr.com/ru/articles/260391/,2015,06,22532,"Когда друзья меня спросили, почему я заинтересовался Blend4Web и стал изучать его, однозначного ответа не получилось. Да, я использую Unity и это мой основной инструмент. Его возможностей с головой хватает для реализации любых задумок. Но я люблю и Blender, так как работаю с ним уже много лет. Все модели, анимации, кинематографические сцены я делаю исключительно в нем. A Blend4Web выглядит очень достойным движком реального времени для WebGL. И в один прекрасный момент я задумался, а может ли Blend4Web конкурировать со столь популярным Unity, и если да, то в каких сферах…"
Поздравляем с наступающим Новым 2016 годом,https://habr.com/ru/companies/microsoft/articles/274049/,2015,12,13965,"Дорогие друзья, Поздравляем вас с наступающим Новым 2016 годом ! Пусть будущий год подарит интересные проекты и радость новых побед, пусть всегда находятся нестандартные способы для решения сложных задач. Мы желаем вам процветания, семейного благополучия и успехов в делах!"
"Собрал в одном большом гайде всё, что хотел бы знать, когда изучал язык C",https://habr.com/ru/companies/ncloudtech/articles/871748/,2025,01,58084,"Очевидный факт: язык C — это основа большого количества современных экосистем программирования. Он обеспечивает фундамент многих операционных систем, базовых библиотек и системных инструментов. При этом все еще не существует единого ресурса, который последовательно и связно отвечает на важные вопросы, возникающие при изучении C: окружающая экосистема разработки языка, выбор инструментов, переносимость кода, управление зависимостями и глубокие аспекты работы. Своим постом автор Jenny Jam* пытается заполнить этот пробел. Он рассуждает, когда C — идеальный выбор, а когда лучше обратиться к другим языкам. Описывает, как настроить среду разработки и выбрать инструменты, разобраться в версиях, особенностях сборки и тонкостях работы с библиотеками. Цель статьи — упорядочить представление о языке C и его экосистеме, и, конечно, дать практические советы, которые пригодятся в реальных проектах. *Обращаем ваше внимание, что позиция автора может не всегда совпадать с мнением МойОфис"
Падение зарплат и конкуренция с азиатскими специалистами – главные тренды в 2025 году,https://habr.com/ru/companies/outlines_tech/articles/871860/,2025,01,25310,"Рынок IT в России меняется. Высокие доходы, широкие возможности и свобода выбора постепенно превращаются в воспоминания. Зарплаты растут, но не такими темпами, как раньше – 10% в год уже «успех». Но при этом сохраняется основная боль – кадровый голод. Какие вызовы готовит нам 2025 год? Всем привет, меня зовут Степан и я Delivery manager компании Outlines Tech . В статье разберу основные тенденции, которые, на мой взгляд, будут активно влиять на IT в следующем году. Поговорим о зарплатах, дефиците опытных специалистов, хайпе вокруг ИИ, очередном витке low-code и no-code платформ, а также порассуждаем о влиянии лобби офисных владельцев на наш формат работы. Где деньги: что с зарплатами и индексацией Одна из главных тенденций в IT – падение индексации зарплат. Опрос hh.ru и K2Cloud показал, что 38% компаний планируют отказаться от повышения зарплат в этом году. Часть крупных корпораций жалуются на «неадекватные ожидания» по отдельным стекам, которые невозможно удовлетворить. Конечно, рост зарплат полностью не остановится. Но он будет значительно меньше чем, например, 5 лет назад в эпоху ковида и «технологического бума». По данным TAdviser , зарплаты в IT за последние два года выросли всего на 15%. Для сравнения, только за один 2022 рост был 11%. При этом, Максут Шадаев, глава Минцифры, отмечает, что темпы роста рынка превышают его фактические возможности, что привело к его перегреву. По мнению министра, компании в следующем году начнут пересматривать свои планы и расходы. На зарплаты в российском IT-секторе влияют и сложности с глобализацией – она уже не оказывает прежнего влияния на внутренний рынок. Во-первых, появилось много препятствий для российского паспорта: зарубежные работодатели банально не хотят связываться с откровенно токсичным активом. И это несмотря на то, что компетенция российских специалистов выше европейских, а зарплатные ожидания ниже. И выяснил я это на своем личном опыте. Вообще, у меня есть замечательная история на тему зарплатных ожиданий – когда-то я устраивался в дубайский стартап, где мне предложили 6500 евро, что для меня было огромной суммой. При устройстве я сказал девушке-рекрутеру, что буду жить как король с такой зарплатой. Но тут она выдала мне «базу» – специалист с британским гражданством получает 9500 евро, а с американским 11000. И все это с одинаковым уровнем компетенций. А сейчас у россиян появилась еще одна проблема – индусы, пакистанцы и другие азиаты с еще более низкими зарплатными ожиданиями."
Test Doubles в интеграционных тестах на ASP.NET Core,https://habr.com/ru/articles/871614/,2025,01,1771,"Интеграционные тесты ( англ. Integration tests) занимают промежуточное положение между модульными и сквозными. Они отлично подходят на роль приёмочных тестов backend-сервиса. Но что делать, если тестируемый сервис активно использует внешние API? Заменять их тестовыми дублёрами. В статье мы разберём конкретный пример на .NET 8 и ASP NET Core и напишем для него приёмочные тесты."
20 лет работы над одним продуктом,https://habr.com/ru/companies/ruvds/articles/886284/,2025,03,10030,"В феврале 2005 я выпустил первую версию своей программы PerfectTablePlan , предназначенной для планирования рассадки гостей за столами. В этом месяце ей стукнуло уже 20 лет. Тогда это был другой мир, мир Windows, условно-бесплатного ПО и CD-дисков. С тех пор очень многое изменилось, но PerfectTablePlan на сегодня уже достигла версии 7 и чувствует себя уверенно."
3dfx в браузере (Glide -> WebGL),https://habr.com/ru/articles/924068/,2025,07,3414,"Технологии 3dfx Interactive навсегда остались в истории как символ золотой эпохи компьютерных игр. Их графические ускорители Voodoo открыли эру аппаратного ускорения 3D-графики, а API Glide стал неотъемлемой частью многих культовых игр конца 90-х. Сегодня, спустя более трех десятилетий, я попытался вернуть это наследие прямо в браузер — без плагинов и нативных компонентов."
